sutra,adhyaya,pada,num,text_slp1,text_iast,text_deva,kashika_available
1.1.1,1,1,1,vfdDirAdEc,vṛddhirādaic,वृद्धिरादैच्,no
1.1.2,1,1,2,adeN guRaH,adeṅ guṇaḥ,अदेङ् गुणः,no
1.1.3,1,1,3,iko guRavfdDI,iko guṇavṛddhī,इको गुणवृद्धी,no
1.1.4,1,1,4,na DAtulopa ArDaDAtuke,na dhātulopa ārdhadhātuke,न धातुलोप आर्धधातुके,no
1.1.5,1,1,5,kNiti ca,kṅiti ca,क्ङिति च,no
1.1.6,1,1,6,dIDIvevIwAm,dīdhīvevīṭām,दीधीवेवीटाम्,no
1.1.7,1,1,7,halo'nantarAH saMyogaH,halo'nantarāḥ saṃyogaḥ,हलोऽनन्तराः संयोगः,no
1.1.8,1,1,8,muKanAsikAvacano'nunAsikaH,mukhanāsikāvacano'nunāsikaḥ,मुखनासिकावचनोऽनुनासिकः,no
1.1.9,1,1,9,tulyAsyaprayatnaM savarRam,tulyāsyaprayatnaṃ savarṇam,तुल्यास्यप्रयत्नं सवर्णम्,no
1.1.10,1,1,10,nAjJalO,nājjhalau,नाज्झलौ,no
1.1.11,1,1,11,IdUdeddvivacanaM pragfhyam,īdūdeddvivacanaṃ pragṛhyam,ईदूदेद्द्विवचनं प्रगृह्यम्,no
1.1.12,1,1,12,adaso mAt,adaso māt,अदसो मात्,no
1.1.13,1,1,13,Se,śe,शे,no
1.1.14,1,1,14,nipAta ekAjanAN,nipāta ekājanāṅ,निपात एकाजनाङ्,no
1.1.15,1,1,15,ot,ot,ओत्,no
1.1.16,1,1,16,sambudDO SAkalyasyetAvanArze,sambuddhau śākalyasyetāvanārṣe,सम्बुद्धौ शाकल्यस्येतावनार्षे,no
1.1.17,1,1,17,uYaH,uñaḥ,उञः,no
1.1.18,1,1,18,U~,ū~,ऊ~,no
1.1.19,1,1,19,IdUtO ca saptamyarTe,īdūtau ca saptamyarthe,ईदूतौ च सप्तम्यर्थे,no
1.1.20,1,1,20,dADA GvadAp,dādhā ghvadāp,दाधा घ्वदाप्,no
1.1.21,1,1,21,Adyantavadekasmin,ādyantavadekasmin,आद्यन्तवदेकस्मिन्,no
1.1.22,1,1,22,taraptamapO GaH,taraptamapau ghaḥ,तरप्तमपौ घः,no
1.1.23,1,1,23,bahugaRavatuqati saMKyA,bahugaṇavatuḍati saṃkhyā,बहुगणवतुडति संख्या,no
1.1.24,1,1,24,zRAntA zaw,ṣṇāntā ṣaṭ,ष्णान्ता षट्,no
1.1.25,1,1,25,qati ca,ḍati ca,डति च,no
1.1.26,1,1,26,ktaktavatU nizWA,ktaktavatū niṣṭhā,क्तक्तवतू निष्ठा,no
1.1.27,1,1,27,sarvAdIni sarvanAmAni,sarvādīni sarvanāmāni,सर्वादीनि सर्वनामानि,no
1.1.28,1,1,28,viBAzA diksamAse bahuvrIhO,vibhāṣā diksamāse bahuvrīhau,विभाषा दिक्समासे बहुव्रीहौ,no
1.1.29,1,1,29,na bahuvrIhO,na bahuvrīhau,न बहुव्रीहौ,no
1.1.30,1,1,30,tftIyAsamAse,tṛtīyāsamāse,तृतीयासमासे,no
1.1.31,1,1,31,dvandve ca,dvandve ca,द्वन्द्वे च,no
1.1.32,1,1,32,viBAzA jasi,vibhāṣā jasi,विभाषा जसि,no
1.1.33,1,1,33,praTamacaramatayAlpArDakatipayanemASca,prathamacaramatayālpārdhakatipayanemāśca,प्रथमचरमतयाल्पार्धकतिपयनेमाश्च,no
1.1.34,1,1,34,pUrvaparAvaradakziRottarAparADarARi vyavasTAyAmasaMjYAyAm,pūrvaparāvaradakṣiṇottarāparādharāṇi vyavasthāyāmasaṃjñāyām,पूर्वपरावरदक्षिणोत्तरापराधराणि व्यवस्थायामसंज्ञायाम्,no
1.1.35,1,1,35,svamajYAtiDanAKyAyAm,svamajñātidhanākhyāyām,स्वमज्ञातिधनाख्यायाम्,no
1.1.36,1,1,36,antaraM bahiryogopasaMvyAnayoH,antaraṃ bahiryogopasaṃvyānayoḥ,अन्तरं बहिर्योगोपसंव्यानयोः,no
1.1.37,1,1,37,svarAdinipAtamavyayam,svarādinipātamavyayam,स्वरादिनिपातमव्ययम्,no
1.1.38,1,1,38,tadDitaScAsarvaviBaktiH,taddhitaścāsarvavibhaktiḥ,तद्धितश्चासर्वविभक्तिः,no
1.1.39,1,1,39,kfnmejantaH,kṛnmejantaḥ,कृन्मेजन्तः,no
1.1.40,1,1,40,ktvAtosunkasunaH,ktvātosunkasunaḥ,क्त्वातोसुन्कसुनः,no
1.1.41,1,1,41,avyayIBAvaSca,avyayībhāvaśca,अव्ययीभावश्च,no
1.1.42,1,1,42,Si sarvanAmasTAnam,śi sarvanāmasthānam,शि सर्वनामस्थानम्,no
1.1.43,1,1,43,suqanapuMsakasya,suḍanapuṃsakasya,सुडनपुंसकस्य,no
1.1.44,1,1,44,na veti viBAzA,na veti vibhāṣā,न वेति विभाषा,no
1.1.45,1,1,45,igyaRaH samprasAraRam,igyaṇaḥ samprasāraṇam,इग्यणः सम्प्रसारणम्,no
1.1.46,1,1,46,AdyantO wakitO,ādyantau ṭakitau,आद्यन्तौ टकितौ,no
1.1.47,1,1,47,midaco'ntyAtparaH,midaco'ntyātparaḥ,मिदचोऽन्त्यात्परः,no
1.1.48,1,1,48,eca igGrasvAdeSe,eca igghrasvādeśe,एच इग्घ्रस्वादेशे,no
1.1.49,1,1,49,zazWI sTAneyogA,ṣaṣṭhī sthāneyogā,षष्ठी स्थानेयोगा,no
1.1.50,1,1,50,sTAne'ntaratamaH,sthāne'ntaratamaḥ,स्थानेऽन्तरतमः,no
1.1.51,1,1,51,uraR raparaH,uraṇ raparaḥ,उरण् रपरः,no
1.1.52,1,1,52,alo'ntyasya,alo'ntyasya,अलोऽन्त्यस्य,no
1.1.53,1,1,53,Nicca,ṅicca,ङिच्च,no
1.1.54,1,1,54,AdeH parasya,ādeḥ parasya,आदेः परस्य,no
1.1.55,1,1,55,anekAlSitsarvasya,anekālśitsarvasya,अनेकाल्शित्सर्वस्य,no
1.1.56,1,1,56,sTAnivadAdeSo'nalviDO,sthānivadādeśo'nalvidhau,स्थानिवदादेशोऽनल्विधौ,no
1.1.57,1,1,57,acaH parasmin pUrvaviDO,acaḥ parasmin pūrvavidhau,अचः परस्मिन् पूर्वविधौ,no
1.1.58,1,1,58,na padAntadvirvacanavareyalopasvarasavarRAnusvAradIrGajaScarviDizu,na padāntadvirvacanavareyalopasvarasavarṇānusvāradīrghajaścarvidhiṣu,न पदान्तद्विर्वचनवरेयलोपस्वरसवर्णानुस्वारदीर्घजश्चर्विधिषु,no
1.1.59,1,1,59,dvirvacane'ci,dvirvacane'ci,द्विर्वचनेऽचि,no
1.1.60,1,1,60,adarSanaM lopaH,adarśanaṃ lopaḥ,अदर्शनं लोपः,no
1.1.61,1,1,61,pratyayasya lukSlulupaH,pratyayasya lukślulupaḥ,प्रत्ययस्य लुक्श्लुलुपः,no
1.1.62,1,1,62,pratyayalope pratyayalakzaRam,pratyayalope pratyayalakṣaṇam,प्रत्ययलोपे प्रत्ययलक्षणम्,no
1.1.63,1,1,63,na lumatANgasya,na lumatāṅgasya,न लुमताङ्गस्य,no
1.1.64,1,1,64,aco'ntyAdi wi,aco'ntyādi ṭi,अचोऽन्त्यादि टि,no
1.1.65,1,1,65,alo'ntyAt pUrva upaDA,alo'ntyāt pūrva upadhā,अलोऽन्त्यात् पूर्व उपधा,no
1.1.66,1,1,66,tasminniti nirdizwe pUrvasya,tasminniti nirdiṣṭe pūrvasya,तस्मिन्निति निर्दिष्टे पूर्वस्य,no
1.1.67,1,1,67,tasmAdityuttarasya,tasmādityuttarasya,तस्मादित्युत्तरस्य,no
1.1.68,1,1,68,svaM rUpaM SabdasyASabdasaMjYA,svaṃ rūpaṃ śabdasyāśabdasaṃjñā,स्वं रूपं शब्दस्याशब्दसंज्ञा,no
1.1.69,1,1,69,aRudit savarRasya cApratyayaH,aṇudit savarṇasya cāpratyayaḥ,अणुदित् सवर्णस्य चाप्रत्ययः,no
1.1.70,1,1,70,taparastatkAlasya,taparastatkālasya,तपरस्तत्कालस्य,no
1.1.71,1,1,71,Adirantyena sahetA,ādirantyena sahetā,आदिरन्त्येन सहेता,no
1.1.72,1,1,72,yena viDistadantasya,yena vidhistadantasya,येन विधिस्तदन्तस्य,no
1.1.73,1,1,73,vfdDiryasyAcAmAdistad vfdDam,vṛddhiryasyācāmādistad vṛddham,वृद्धिर्यस्याचामादिस्तद् वृद्धम्,no
1.1.74,1,1,74,tyadAdIni ca,tyadādīni ca,त्यदादीनि च,no
1.1.75,1,1,75,eN prAcAM deSe,eṅ prācāṃ deśe,एङ् प्राचां देशे,no
1.2.1,1,2,1,gANkuwAdiByo'YRinNit,gāṅkuṭādibhyo'ñṇinṅit,गाङ्कुटादिभ्योऽञ्णिन्ङित्,no
1.2.2,1,2,2,vija iw,vija iṭ,विज इट्,no
1.2.3,1,2,3,viBAzorRoH,vibhāṣorṇoḥ,विभाषोर्णोः,no
1.2.4,1,2,4,sArvaDAtukamapit,sārvadhātukamapit,सार्वधातुकमपित्,no
1.2.5,1,2,5,asaMyogAlliw kit,asaṃyogālliṭ kit,असंयोगाल्लिट् कित्,no
1.2.6,1,2,6,inDiBavatiByAM ca,indhibhavatibhyāṃ ca,इन्धिभवतिभ्यां च,no
1.2.7,1,2,7,mfqamfdaguDakuzakliSavadavasaH ktvA,mṛḍamṛdagudhakuṣakliśavadavasaḥ ktvā,मृडमृदगुधकुषक्लिशवदवसः क्त्वा,no
1.2.8,1,2,8,rudavidamuzagrahisvapipracCaH sa~Sca,rudavidamuṣagrahisvapipracchaḥ sa~śca,रुदविदमुषग्रहिस्वपिप्रच्छः स~श्च,no
1.2.9,1,2,9,iko Jal,iko jhal,इको झल्,no
1.2.10,1,2,10,halantAcca,halantācca,हलन्ताच्च,no
1.2.11,1,2,11,liNsicAvAtmanepadezu,liṅsicāvātmanepadeṣu,लिङ्सिचावात्मनेपदेषु,no
1.2.12,1,2,12,uSca,uśca,उश्च,no
1.2.13,1,2,13,vA gamaH,vā gamaḥ,वा गमः,no
1.2.14,1,2,14,hanaH sic,hanaḥ sic,हनः सिच्,no
1.2.15,1,2,15,yamo ganDane,yamo gandhane,यमो गन्धने,no
1.2.16,1,2,16,viBAzopayamane,vibhāṣopayamane,विभाषोपयमने,no
1.2.17,1,2,17,sTA Gvoricca,sthā ghvoricca,स्था घ्वोरिच्च,no
1.2.18,1,2,18,na ktvA sew,na ktvā seṭ,न क्त्वा सेट्,no
1.2.19,1,2,19,nizWA SINsvidimidikzvidiDfzaH,niṣṭhā śīṅsvidimidikṣvididhṛṣaḥ,निष्ठा शीङ्स्विदिमिदिक्ष्विदिधृषः,no
1.2.20,1,2,20,mfzastitikzAyAm,mṛṣastitikṣāyām,मृषस्तितिक्षायाम्,no
1.2.21,1,2,21,udupaDAdBAvAdikarmaRoranyatarasyAm,udupadhādbhāvādikarmaṇoranyatarasyām,उदुपधाद्भावादिकर्मणोरन्यतरस्याम्,no
1.2.22,1,2,22,pUNaH ktvA ca,pūṅaḥ ktvā ca,पूङः क्त्वा च,no
1.2.23,1,2,23,nopaDAtTaPAntAdvA,nopadhātthaphāntādvā,नोपधात्थफान्ताद्वा,no
1.2.24,1,2,24,vaYciluYcyftaSca,vañciluñcyṛtaśca,वञ्चिलुञ्च्यृतश्च,no
1.2.25,1,2,25,tfzimfzikfSeH kASyapasya,tṛṣimṛṣikṛśeḥ kāśyapasya,तृषिमृषिकृशेः काश्यपस्य,no
1.2.26,1,2,26,ralo vyupaDAdDalAdeH saMSca,ralo vyupadhāddhalādeḥ saṃśca,रलो व्युपधाद्धलादेः संश्च,no
1.2.27,1,2,27,UkAlo'jJrasvadIrGaplutaH,ūkālo'jjhrasvadīrghaplutaḥ,ऊकालोऽज्झ्रस्वदीर्घप्लुतः,no
1.2.28,1,2,28,acaSca,acaśca,अचश्च,no
1.2.29,1,2,29,uccErudAttaH,uccairudāttaḥ,उच्चैरुदात्तः,no
1.2.30,1,2,30,nIcEranudAttaH,nīcairanudāttaḥ,नीचैरनुदात्तः,no
1.2.31,1,2,31,samAhAraH svaritaH,samāhāraḥ svaritaḥ,समाहारः स्वरितः,no
1.2.32,1,2,32,tasyAdita udAttamarDahrasvam,tasyādita udāttamardhahrasvam,तस्यादित उदात्तमर्धह्रस्वम्,no
1.2.33,1,2,33,ekaSruti dUrAt sambudDO,ekaśruti dūrāt sambuddhau,एकश्रुति दूरात् सम्बुद्धौ,no
1.2.34,1,2,34,yajYakarmaRyajapanyUNKasAmasu,yajñakarmaṇyajapanyūṅkhasāmasu,यज्ञकर्मण्यजपन्यूङ्खसामसु,no
1.2.35,1,2,35,uccEstarAM vA vazawkAraH,uccaistarāṃ vā vaṣaṭkāraḥ,उच्चैस्तरां वा वषट्कारः,no
1.2.36,1,2,36,viBAzA Candasi,vibhāṣā chandasi,विभाषा छन्दसि,no
1.2.37,1,2,37,na subrahmaRyAyAM svaritasya tUdAttaH,na subrahmaṇyāyāṃ svaritasya tūdāttaḥ,न सुब्रह्मण्यायां स्वरितस्य तूदात्तः,no
1.2.38,1,2,38,devabrahmaRoranudAttaH,devabrahmaṇoranudāttaḥ,देवब्रह्मणोरनुदात्तः,no
1.2.39,1,2,39,svaritAt saMhitAyAmanudAttAnAm,svaritāt saṃhitāyāmanudāttānām,स्वरितात् संहितायामनुदात्तानाम्,no
1.2.40,1,2,40,udAttasvaritaparasya sannataraH,udāttasvaritaparasya sannataraḥ,उदात्तस्वरितपरस्य सन्नतरः,no
1.2.41,1,2,41,apfkta ekAl pratyayaH,apṛkta ekāl pratyayaḥ,अपृक्त एकाल् प्रत्ययः,no
1.2.42,1,2,42,tatpuruzaH samAnADikaraRaH karmaDArayaH,tatpuruṣaḥ samānādhikaraṇaḥ karmadhārayaḥ,तत्पुरुषः समानाधिकरणः कर्मधारयः,no
1.2.43,1,2,43,praTamAnirdizwaM samAsa upasarjanam,prathamānirdiṣṭaṃ samāsa upasarjanam,प्रथमानिर्दिष्टं समास उपसर्जनम्,no
1.2.44,1,2,44,ekaviBakti cApUrvanipAte,ekavibhakti cāpūrvanipāte,एकविभक्ति चापूर्वनिपाते,no
1.2.45,1,2,45,arTavadaDAturapratyayaH prAtipadikam,arthavadadhāturapratyayaḥ prātipadikam,अर्थवदधातुरप्रत्ययः प्रातिपदिकम्,no
1.2.46,1,2,46,kfttadDitasamAsASca,kṛttaddhitasamāsāśca,कृत्तद्धितसमासाश्च,no
1.2.47,1,2,47,hrasvo napuMsake prAtipadikasya,hrasvo napuṃsake prātipadikasya,ह्रस्वो नपुंसके प्रातिपदिकस्य,no
1.2.48,1,2,48,gostriyorupasarjanasya,gostriyorupasarjanasya,गोस्त्रियोरुपसर्जनस्य,no
1.2.49,1,2,49,luk tadDitaluki,luk taddhitaluki,लुक् तद्धितलुकि,no
1.2.50,1,2,50,idgoRyAH,idgoṇyāḥ,इद्गोण्याः,no
1.2.51,1,2,51,lupi yuktavadvyaktivacane,lupi yuktavadvyaktivacane,लुपि युक्तवद्व्यक्तिवचने,no
1.2.52,1,2,52,viSezaRAnAM cAjAteH,viśeṣaṇānāṃ cājāteḥ,विशेषणानां चाजातेः,no
1.2.53,1,2,53,tadaSizyaM saMjYApramARatvAt,tadaśiṣyaṃ saṃjñāpramāṇatvāt,तदशिष्यं संज्ञाप्रमाणत्वात्,no
1.2.54,1,2,54,lubyogApraKyAnAt,lubyogāprakhyānāt,लुब्योगाप्रख्यानात्,no
1.2.55,1,2,55,yogapramARe ca tadaBAve'darSanaM syAt,yogapramāṇe ca tadabhāve'darśanaṃ syāt,योगप्रमाणे च तदभावेऽदर्शनं स्यात्,no
1.2.56,1,2,56,praDAnapratyayArTavacanamarTasyAnyapramARatvAt,pradhānapratyayārthavacanamarthasyānyapramāṇatvāt,प्रधानप्रत्ययार्थवचनमर्थस्यान्यप्रमाणत्वात्,no
1.2.57,1,2,57,kAlopasarjane ca tulyam,kālopasarjane ca tulyam,कालोपसर्जने च तुल्यम्,no
1.2.58,1,2,58,jAtyAKyAyAmekasmin bahuvacanamanyatarasyAm,jātyākhyāyāmekasmin bahuvacanamanyatarasyām,जात्याख्यायामेकस्मिन् बहुवचनमन्यतरस्याम्,no
1.2.59,1,2,59,asmado dvayoSca,asmado dvayośca,अस्मदो द्वयोश्च,no
1.2.60,1,2,60,PalgunIprozWapadAnAM ca nakzatre,phalgunīproṣṭhapadānāṃ ca nakṣatre,फल्गुनीप्रोष्ठपदानां च नक्षत्रे,no
1.2.61,1,2,61,Candasi punarvasvorekavacanam,chandasi punarvasvorekavacanam,छन्दसि पुनर्वस्वोरेकवचनम्,no
1.2.62,1,2,62,viSAKayoSca,viśākhayośca,विशाखयोश्च,no
1.2.63,1,2,63,tizyapunarvasvornakzatradvandve bahuvacanasya dvivacanaM nityam,tiṣyapunarvasvornakṣatradvandve bahuvacanasya dvivacanaṃ nityam,तिष्यपुनर्वस्वोर्नक्षत्रद्वन्द्वे बहुवचनस्य द्विवचनं नित्यम्,no
1.2.64,1,2,64,sarUpARAmekaSeza ekaviBaktO,sarūpāṇāmekaśeṣa ekavibhaktau,सरूपाणामेकशेष एकविभक्तौ,no
1.2.65,1,2,65,vfdDo yUnA tallakzaRaScedeva viSezaH,vṛddho yūnā tallakṣaṇaścedeva viśeṣaḥ,वृद्धो यूना तल्लक्षणश्चेदेव विशेषः,no
1.2.66,1,2,66,strI puMvacca,strī puṃvacca,स्त्री पुंवच्च,no
1.2.67,1,2,67,pumAn striyA,pumān striyā,पुमान् स्त्रिया,no
1.2.68,1,2,68,BrAtfputrO svasfduhitfByAm,bhrātṛputrau svasṛduhitṛbhyām,भ्रातृपुत्रौ स्वसृदुहितृभ्याम्,no
1.2.69,1,2,69,napuMsakamanapuMsakenEkavaccAsyAnyatarasyAm,napuṃsakamanapuṃsakenaikavaccāsyānyatarasyām,नपुंसकमनपुंसकेनैकवच्चास्यान्यतरस्याम्,no
1.2.70,1,2,70,pitA mAtrA,pitā mātrā,पिता मात्रा,no
1.2.71,1,2,71,SvaSuraH SvaSrvA,śvaśuraḥ śvaśrvā,श्वशुरः श्वश्र्वा,no
1.2.72,1,2,72,tyadAdIni sarvErnityam,tyadādīni sarvairnityam,त्यदादीनि सर्वैर्नित्यम्,no
1.2.73,1,2,73,grAmyapaSusaMGezvataruRezu strI,grāmyapaśusaṃgheṣvataruṇeṣu strī,ग्राम्यपशुसंघेष्वतरुणेषु स्त्री,no
1.3.1,1,3,1,BUvAdayo DAtavaH,bhūvādayo dhātavaḥ,भूवादयो धातवः,no
1.3.2,1,3,2,upadeSe'janunAsika it,upadeśe'janunāsika it,उपदेशेऽजनुनासिक इत्,no
1.3.3,1,3,3,halantyam,halantyam,हलन्त्यम्,no
1.3.4,1,3,4,na viBaktO tusmAH,na vibhaktau tusmāḥ,न विभक्तौ तुस्माः,no
1.3.5,1,3,5,AdirYiwuqavaH,ādirñiṭuḍavaḥ,आदिर्ञिटुडवः,no
1.3.6,1,3,6,zaH pratyayasya,ṣaḥ pratyayasya,षः प्रत्ययस्य,no
1.3.7,1,3,7,cuwU,cuṭū,चुटू,no
1.3.8,1,3,8,laSakvatadDite,laśakvataddhite,लशक्वतद्धिते,no
1.3.9,1,3,9,tasya lopaH,tasya lopaḥ,तस्य लोपः,no
1.3.10,1,3,10,yaTAsaMKyamanudeSaH samAnAm,yathāsaṃkhyamanudeśaḥ samānām,यथासंख्यमनुदेशः समानाम्,no
1.3.11,1,3,11,svaritenADikAraH,svaritenādhikāraḥ,स्वरितेनाधिकारः,no
1.3.12,1,3,12,anudAttaNita Atmanepadam,anudāttaṅita ātmanepadam,अनुदात्तङित आत्मनेपदम्,no
1.3.13,1,3,13,BAvakarmaRoH,bhāvakarmaṇoḥ,भावकर्मणोः,no
1.3.14,1,3,14,kartari karmavyatihAre,kartari karmavyatihāre,कर्तरि कर्मव्यतिहारे,no
1.3.15,1,3,15,na gatihiMsArTeByaH,na gatihiṃsārthebhyaḥ,न गतिहिंसार्थेभ्यः,no
1.3.16,1,3,16,itaretarAnyonyopapadAcca,itaretarānyonyopapadācca,इतरेतरान्योन्योपपदाच्च,no
1.3.17,1,3,17,nerviSaH,nerviśaḥ,नेर्विशः,no
1.3.18,1,3,18,parivyaveByaH kriyaH,parivyavebhyaḥ kriyaḥ,परिव्यवेभ्यः क्रियः,no
1.3.19,1,3,19,viparAByAM jeH,viparābhyāṃ jeḥ,विपराभ्यां जेः,no
1.3.20,1,3,20,ANo do'nAsyaviharaRe,āṅo do'nāsyaviharaṇe,आङो दोऽनास्यविहरणे,no
1.3.21,1,3,21,krIqo'nusampariByaSca,krīḍo'nusamparibhyaśca,क्रीडोऽनुसम्परिभ्यश्च,no
1.3.22,1,3,22,samavapraviByaH sTaH,samavapravibhyaḥ sthaḥ,समवप्रविभ्यः स्थः,no
1.3.23,1,3,23,prakASanasTeyAKyayoSca,prakāśanastheyākhyayośca,प्रकाशनस्थेयाख्ययोश्च,no
1.3.24,1,3,24,udo'nUrDvakarmaRi,udo'nūrdhvakarmaṇi,उदोऽनूर्ध्वकर्मणि,no
1.3.25,1,3,25,upAnmantrakaraRe,upānmantrakaraṇe,उपान्मन्त्रकरणे,no
1.3.26,1,3,26,akarmakAcca,akarmakācca,अकर्मकाच्च,no
1.3.27,1,3,27,udviByAM tapaH,udvibhyāṃ tapaḥ,उद्विभ्यां तपः,no
1.3.28,1,3,28,ANo yamahanaH,āṅo yamahanaḥ,आङो यमहनः,no
1.3.29,1,3,29,samo gamyfcCipracCisvaratyartiSruvidiByaH,samo gamyṛcchipracchisvaratyartiśruvidibhyaḥ,समो गम्यृच्छिप्रच्छिस्वरत्यर्तिश्रुविदिभ्यः,no
1.3.30,1,3,30,nisamupaviByo hvaH,nisamupavibhyo hvaḥ,निसमुपविभ्यो ह्वः,no
1.3.31,1,3,31,spardDAyAmANaH,sparddhāyāmāṅaḥ,स्पर्द्धायामाङः,no
1.3.32,1,3,32,ganDanAvakzepaRasevanasAhasikyapratiyatnaprakaTanopayogezu kfYaH,gandhanāvakṣepaṇasevanasāhasikyapratiyatnaprakathanopayogeṣu kṛñaḥ,गन्धनावक्षेपणसेवनसाहसिक्यप्रतियत्नप्रकथनोपयोगेषु कृञः,no
1.3.33,1,3,33,aDeH prasahane,adheḥ prasahane,अधेः प्रसहने,no
1.3.34,1,3,34,veH SabdakarmaRaH,veḥ śabdakarmaṇaḥ,वेः शब्दकर्मणः,no
1.3.35,1,3,35,akarmakAcca,akarmakācca,अकर्मकाच्च,no
1.3.36,1,3,36,sammAnanotsaYjanAcAryakaraRajYAnaBftivigaRanavyayezu niyaH,sammānanotsañjanācāryakaraṇajñānabhṛtivigaṇanavyayeṣu niyaḥ,सम्माननोत्सञ्जनाचार्यकरणज्ञानभृतिविगणनव्ययेषु नियः,no
1.3.37,1,3,37,kartfsTe cASarIre karmaRi,kartṛsthe cāśarīre karmaṇi,कर्तृस्थे चाशरीरे कर्मणि,no
1.3.38,1,3,38,vfttisargatAyanezu kramaH,vṛttisargatāyaneṣu kramaḥ,वृत्तिसर्गतायनेषु क्रमः,no
1.3.39,1,3,39,upaparAByAm,upaparābhyām,उपपराभ्याम्,no
1.3.40,1,3,40,ANa udgamane,āṅa udgamane,आङ उद्गमने,no
1.3.41,1,3,41,veH pAdaviharaRe,veḥ pādaviharaṇe,वेः पादविहरणे,no
1.3.42,1,3,42,propAByAM samarTAByAm,propābhyāṃ samarthābhyām,प्रोपाभ्यां समर्थाभ्याम्,no
1.3.43,1,3,43,anupasargAdvA,anupasargādvā,अनुपसर्गाद्वा,no
1.3.44,1,3,44,apahnave jYaH,apahnave jñaḥ,अपह्नवे ज्ञः,no
1.3.45,1,3,45,akarmakAcca,akarmakācca,अकर्मकाच्च,no
1.3.46,1,3,46,sampratiByAmanADyAne,sampratibhyāmanādhyāne,सम्प्रतिभ्यामनाध्याने,no
1.3.47,1,3,47,BAsanopasamBAzAjYAnayatnavimatyupamantraRezu vadaH,bhāsanopasambhāṣājñānayatnavimatyupamantraṇeṣu vadaḥ,भासनोपसम्भाषाज्ञानयत्नविमत्युपमन्त्रणेषु वदः,no
1.3.48,1,3,48,vyaktavAcAM samuccAraRe,vyaktavācāṃ samuccāraṇe,व्यक्तवाचां समुच्चारणे,no
1.3.49,1,3,49,anorakarmakAt,anorakarmakāt,अनोरकर्मकात्,no
1.3.50,1,3,50,viBAzA vipralApe,vibhāṣā vipralāpe,विभाषा विप्रलापे,no
1.3.51,1,3,51,avAdgraH,avādgraḥ,अवाद्ग्रः,no
1.3.52,1,3,52,samaH pratijYAne,samaḥ pratijñāne,समः प्रतिज्ञाने,no
1.3.53,1,3,53,udaScaraH sakarmakAt,udaścaraḥ sakarmakāt,उदश्चरः सकर्मकात्,no
1.3.54,1,3,54,samastftIyAyuktAt,samastṛtīyāyuktāt,समस्तृतीयायुक्तात्,no
1.3.55,1,3,55,dARaSca sA ceccaturTyarTe,dāṇaśca sā ceccaturthyarthe,दाणश्च सा चेच्चतुर्थ्यर्थे,no
1.3.56,1,3,56,upAdyamaH svakaraRe,upādyamaḥ svakaraṇe,उपाद्यमः स्वकरणे,no
1.3.57,1,3,57,jYASrusmfdfSAM sanaH,jñāśrusmṛdṛśāṃ sanaḥ,ज्ञाश्रुस्मृदृशां सनः,no
1.3.58,1,3,58,nAnorjYaH,nānorjñaḥ,नानोर्ज्ञः,no
1.3.59,1,3,59,pratyANByAM SruvaH,pratyāṅbhyāṃ śruvaḥ,प्रत्याङ्भ्यां श्रुवः,no
1.3.60,1,3,60,SadeH SitaH,śadeḥ śitaḥ,शदेः शितः,no
1.3.61,1,3,61,mriyaterluNliNoSca,mriyaterluṅliṅośca,म्रियतेर्लुङ्लिङोश्च,no
1.3.62,1,3,62,pUrvavat sanaH,pūrvavat sanaḥ,पूर्ववत् सनः,no
1.3.63,1,3,63,Ampratyayavat kfYo'nuprayogasya,āmpratyayavat kṛño'nuprayogasya,आम्प्रत्ययवत् कृञोऽनुप्रयोगस्य,no
1.3.64,1,3,64,propAByAM yujerayajYapAtrezu,propābhyāṃ yujerayajñapātreṣu,प्रोपाभ्यां युजेरयज्ञपात्रेषु,no
1.3.65,1,3,65,samaH kzRuvaH,samaḥ kṣṇuvaḥ,समः क्ष्णुवः,no
1.3.66,1,3,66,Bujo'navane,bhujo'navane,भुजोऽनवने,no
1.3.67,1,3,67,ReraRO yatkarma RO cet sa kartA'nADyAne,ṇeraṇau yatkarma ṇau cet sa kartā'nādhyāne,णेरणौ यत्कर्म णौ चेत् स कर्ताऽनाध्याने,no
1.3.68,1,3,68,BIsmyorhetuBaye,bhīsmyorhetubhaye,भीस्म्योर्हेतुभये,no
1.3.69,1,3,69,gfDivaYcyoH pralamBane,gṛdhivañcyoḥ pralambhane,गृधिवञ्च्योः प्रलम्भने,no
1.3.70,1,3,70,liyaH sammAnanaSAlInIkaraRayoSca,liyaḥ sammānanaśālīnīkaraṇayośca,लियः सम्माननशालीनीकरणयोश्च,no
1.3.71,1,3,71,miTyopapadAt kfYo'ByAse,mithyopapadāt kṛño'bhyāse,मिथ्योपपदात् कृञोऽभ्यासे,no
1.3.72,1,3,72,svaritaYitaH kartraBiprAye kriyAPale,svaritañitaḥ kartrabhiprāye kriyāphale,स्वरितञितः कर्त्रभिप्राये क्रियाफले,no
1.3.73,1,3,73,apAdvadaH,apādvadaḥ,अपाद्वदः,no
1.3.74,1,3,74,RicaSca,ṇicaśca,णिचश्च,no
1.3.75,1,3,75,samudANByo yamo'granTe,samudāṅbhyo yamo'granthe,समुदाङ्भ्यो यमोऽग्रन्थे,no
1.3.76,1,3,76,anupasargAjjYaH,anupasargājjñaḥ,अनुपसर्गाज्ज्ञः,no
1.3.77,1,3,77,viBAzopapadena pratIyamAne,vibhāṣopapadena pratīyamāne,विभाषोपपदेन प्रतीयमाने,no
1.3.78,1,3,78,SezAt kartari parasmEpadam,śeṣāt kartari parasmaipadam,शेषात् कर्तरि परस्मैपदम्,no
1.3.79,1,3,79,anuparAByAM kfYaH,anuparābhyāṃ kṛñaḥ,अनुपराभ्यां कृञः,no
1.3.80,1,3,80,aBipratyatiByaH kzipaH,abhipratyatibhyaḥ kṣipaḥ,अभिप्रत्यतिभ्यः क्षिपः,no
1.3.81,1,3,81,prAdvahaH,prādvahaḥ,प्राद्वहः,no
1.3.82,1,3,82,parermfzaH,parermṛṣaḥ,परेर्मृषः,no
1.3.83,1,3,83,vyANpariByo ramaH,vyāṅparibhyo ramaḥ,व्याङ्परिभ्यो रमः,no
1.3.84,1,3,84,upAcca,upācca,उपाच्च,no
1.3.85,1,3,85,viBAzA'karmakAt,vibhāṣā'karmakāt,विभाषाऽकर्मकात्,no
1.3.86,1,3,86,buDayuDanaSajaneNprudrusruByo ReH,budhayudhanaśajaneṅprudrusrubhyo ṇeḥ,बुधयुधनशजनेङ्प्रुद्रुस्रुभ्यो णेः,no
1.3.87,1,3,87,nigaraRacalanArTeByaSca,nigaraṇacalanārthebhyaśca,निगरणचलनार्थेभ्यश्च,no
1.3.88,1,3,88,aRAvakarmakAccittavatkartfkAt,aṇāvakarmakāccittavatkartṛkāt,अणावकर्मकाच्चित्तवत्कर्तृकात्,no
1.3.89,1,3,89,na pAdamyANyamANyasaparimuharucinftivadavasaH,na pādamyāṅyamāṅyasaparimuharucinṛtivadavasaḥ,न पादम्याङ्यमाङ्यसपरिमुहरुचिनृतिवदवसः,no
1.3.90,1,3,90,vA kyazaH,vā kyaṣaḥ,वा क्यषः,no
1.3.91,1,3,91,dyudByo luNi,dyudbhyo luṅi,द्युद्भ्यो लुङि,no
1.3.92,1,3,92,vfdByaH syasanoH,vṛdbhyaḥ syasanoḥ,वृद्भ्यः स्यसनोः,no
1.3.93,1,3,93,luwi ca kxpaH,luṭi ca kḷpaḥ,लुटि च कॢपः,no
1.4.1,1,4,1,A kaqArAdekA saMjYA,ā kaḍārādekā saṃjñā,आ कडारादेका संज्ञा,no
1.4.2,1,4,2,vipratizeDe paraM kAryam,vipratiṣedhe paraṃ kāryam,विप्रतिषेधे परं कार्यम्,no
1.4.3,1,4,3,yU stryAKyO nadI,yū stryākhyau nadī,यू स्त्र्याख्यौ नदी,no
1.4.4,1,4,4,neyaNuvaNsTAnAvastrI,neyaṅuvaṅsthānāvastrī,नेयङुवङ्स्थानावस्त्री,no
1.4.5,1,4,5,vA''mi,vā''mi,वाऽऽमि,no
1.4.6,1,4,6,Niti hrasvaSca,ṅiti hrasvaśca,ङिति ह्रस्वश्च,no
1.4.7,1,4,7,Sezo GyasaKi,śeṣo ghyasakhi,शेषो घ्यसखि,no
1.4.8,1,4,8,patiH samAsa eva,patiḥ samāsa eva,पतिः समास एव,no
1.4.9,1,4,9,zazWIyuktaSCandasi vA,ṣaṣṭhīyuktaśchandasi vā,षष्ठीयुक्तश्छन्दसि वा,no
1.4.10,1,4,10,hrasvaM laGu,hrasvaṃ laghu,ह्रस्वं लघु,no
1.4.11,1,4,11,saMyoge guru,saṃyoge guru,संयोगे गुरु,no
1.4.12,1,4,12,dIrGaM ca,dīrghaṃ ca,दीर्घं च,no
1.4.13,1,4,13,yasmAt pratyayaviDistadAdi pratyaye'Ngam,yasmāt pratyayavidhistadādi pratyaye'ṅgam,यस्मात् प्रत्ययविधिस्तदादि प्रत्ययेऽङ्गम्,no
1.4.14,1,4,14,suptiNantaM padam,suptiṅantaṃ padam,सुप्तिङन्तं पदम्,no
1.4.15,1,4,15,naH kye,naḥ kye,नः क्ये,no
1.4.16,1,4,16,siti ca,siti ca,सिति च,no
1.4.17,1,4,17,svAdizvasarvanAmasTAne,svādiṣvasarvanāmasthāne,स्वादिष्वसर्वनामस्थाने,no
1.4.18,1,4,18,yaci Bam,yaci bham,यचि भम्,no
1.4.19,1,4,19,tasO matvarTe,tasau matvarthe,तसौ मत्वर्थे,no
1.4.20,1,4,20,ayasmayAdIni cCandasi,ayasmayādīni cchandasi,अयस्मयादीनि च्छन्दसि,no
1.4.21,1,4,21,bahuzu bahuvacanam,bahuṣu bahuvacanam,बहुषु बहुवचनम्,no
1.4.22,1,4,22,dvyekayordvivacanEkavacane,dvyekayordvivacanaikavacane,द्व्येकयोर्द्विवचनैकवचने,no
1.4.23,1,4,23,kArake,kārake,कारके,no
1.4.24,1,4,24,DruvamapAye'pAdAnam,dhruvamapāye'pādānam,ध्रुवमपायेऽपादानम्,no
1.4.25,1,4,25,BItrArTAnAM BayahetuH,bhītrārthānāṃ bhayahetuḥ,भीत्रार्थानां भयहेतुः,no
1.4.26,1,4,26,parAjerasoQaH,parājerasoḍhaḥ,पराजेरसोढः,no
1.4.27,1,4,27,vAraRArTAnAmIpsitaH,vāraṇārthānāmīpsitaḥ,वारणार्थानामीप्सितः,no
1.4.28,1,4,28,antardDO yenAdarSanamicCati,antarddhau yenādarśanamicchati,अन्तर्द्धौ येनादर्शनमिच्छति,no
1.4.29,1,4,29,AKyAtopayoge,ākhyātopayoge,आख्यातोपयोगे,no
1.4.30,1,4,30,janikartuH prakftiH,janikartuḥ prakṛtiḥ,जनिकर्तुः प्रकृतिः,no
1.4.31,1,4,31,BuvaH praBavaH,bhuvaḥ prabhavaḥ,भुवः प्रभवः,no
1.4.32,1,4,32,karmaRA yamaBiprEti sa sampradAnam,karmaṇā yamabhipraiti sa sampradānam,कर्मणा यमभिप्रैति स सम्प्रदानम्,no
1.4.33,1,4,33,rucyarTAnAM prIyamARaH,rucyarthānāṃ prīyamāṇaḥ,रुच्यर्थानां प्रीयमाणः,no
1.4.34,1,4,34,SlAGahnuNsTASapAM jYIpsyamAnaH,ślāghahnuṅsthāśapāṃ jñīpsyamānaḥ,श्लाघह्नुङ्स्थाशपां ज्ञीप्स्यमानः,no
1.4.35,1,4,35,DAreruttamarRaH,dhāreruttamarṇaḥ,धारेरुत्तमर्णः,no
1.4.36,1,4,36,spfherIpsitaH,spṛherīpsitaḥ,स्पृहेरीप्सितः,no
1.4.37,1,4,37,kruDadruherzyA'sUyArTAnAM yaM prati kopaH,krudhadruherṣyā'sūyārthānāṃ yaṃ prati kopaḥ,क्रुधद्रुहेर्ष्याऽसूयार्थानां यं प्रति कोपः,no
1.4.38,1,4,38,kruDadruhorupasfzwayoH karma,krudhadruhorupasṛṣṭayoḥ karma,क्रुधद्रुहोरुपसृष्टयोः कर्म,no
1.4.39,1,4,39,rADIkzyoryasya vipraSnaH,rādhīkṣyoryasya vipraśnaḥ,राधीक्ष्योर्यस्य विप्रश्नः,no
1.4.40,1,4,40,pratyANByAM SruvaH pUrvasya kartA,pratyāṅbhyāṃ śruvaḥ pūrvasya kartā,प्रत्याङ्भ्यां श्रुवः पूर्वस्य कर्ता,no
1.4.41,1,4,41,anupratigfRaSca,anupratigṛṇaśca,अनुप्रतिगृणश्च,no
1.4.42,1,4,42,sADakatamaM karaRam,sādhakatamaṃ karaṇam,साधकतमं करणम्,no
1.4.43,1,4,43,divaH karma ca,divaḥ karma ca,दिवः कर्म च,no
1.4.44,1,4,44,parikrayaRe sampradAnamanyatarasyAm,parikrayaṇe sampradānamanyatarasyām,परिक्रयणे सम्प्रदानमन्यतरस्याम्,no
1.4.45,1,4,45,ADAro'DikaraRam,ādhāro'dhikaraṇam,आधारोऽधिकरणम्,no
1.4.46,1,4,46,aDiSINsTA''sAM karma,adhiśīṅsthā''sāṃ karma,अधिशीङ्स्थाऽऽसां कर्म,no
1.4.47,1,4,47,aBiniviSaSca,abhiniviśaśca,अभिनिविशश्च,no
1.4.48,1,4,48,upAnvaDyANvasaH,upānvadhyāṅvasaḥ,उपान्वध्याङ्वसः,no
1.4.49,1,4,49,karturIpsitatamaM karma,karturīpsitatamaṃ karma,कर्तुरीप्सिततमं कर्म,no
1.4.50,1,4,50,taTAyuktaM cAnIpsitam,tathāyuktaṃ cānīpsitam,तथायुक्तं चानीप्सितम्,no
1.4.51,1,4,51,akaTitaM ca,akathitaṃ ca,अकथितं च,no
1.4.52,1,4,52,gatibudDipratyavasAnArTaSabdakarmAkarmakARAmaRi kartA sa RO,gatibuddhipratyavasānārthaśabdakarmākarmakāṇāmaṇi kartā sa ṇau,गतिबुद्धिप्रत्यवसानार्थशब्दकर्माकर्मकाणामणि कर्ता स णौ,no
1.4.53,1,4,53,hfkroranyatarasyAm,hṛkroranyatarasyām,हृक्रोरन्यतरस्याम्,no
1.4.54,1,4,54,svatantraH kartA,svatantraḥ kartā,स्वतन्त्रः कर्ता,no
1.4.55,1,4,55,tatprayojako hetuSca,tatprayojako hetuśca,तत्प्रयोजको हेतुश्च,no
1.4.56,1,4,56,prAgrISvarAnnipAtAH,prāgrīśvarānnipātāḥ,प्राग्रीश्वरान्निपाताः,no
1.4.57,1,4,57,cAdayo'sattve,cādayo'sattve,चादयोऽसत्त्वे,no
1.4.58,1,4,58,prAdayaH,prādayaḥ,प्रादयः,no
1.4.59,1,4,59,upasargAH kriyAyoge,upasargāḥ kriyāyoge,उपसर्गाः क्रियायोगे,no
1.4.60,1,4,60,gatiSca,gatiśca,गतिश्च,no
1.4.61,1,4,61,UryAdicviqAcaSca,ūryādicviḍācaśca,ऊर्यादिच्विडाचश्च,no
1.4.62,1,4,62,anukaraRaM cAnitiparam,anukaraṇaṃ cānitiparam,अनुकरणं चानितिपरम्,no
1.4.63,1,4,63,AdarAnAdarayoH sadasatI,ādarānādarayoḥ sadasatī,आदरानादरयोः सदसती,no
1.4.64,1,4,64,BUzaRe'lam,bhūṣaṇe'lam,भूषणेऽलम्,no
1.4.65,1,4,65,antaraparigrahe,antaraparigrahe,अन्तरपरिग्रहे,no
1.4.66,1,4,66,kaRemanasI SradDApratIGAte,kaṇemanasī śraddhāpratīghāte,कणेमनसी श्रद्धाप्रतीघाते,no
1.4.67,1,4,67,puro'vyayam,puro'vyayam,पुरोऽव्ययम्,no
1.4.68,1,4,68,astaM ca,astaṃ ca,अस्तं च,no
1.4.69,1,4,69,acCa gatyarTavadezu,accha gatyarthavadeṣu,अच्छ गत्यर्थवदेषु,no
1.4.70,1,4,70,ado'nupadeSe,ado'nupadeśe,अदोऽनुपदेशे,no
1.4.71,1,4,71,tiro'ntardDO,tiro'ntarddhau,तिरोऽन्तर्द्धौ,no
1.4.72,1,4,72,viBAzA kfYi,vibhāṣā kṛñi,विभाषा कृञि,no
1.4.73,1,4,73,upAje'nvAje,upāje'nvāje,उपाजेऽन्वाजे,no
1.4.74,1,4,74,sAkzAtpraBftIni ca,sākṣātprabhṛtīni ca,साक्षात्प्रभृतीनि च,no
1.4.75,1,4,75,anatyADAna urasimanasI,anatyādhāna urasimanasī,अनत्याधान उरसिमनसी,no
1.4.76,1,4,76,maDye pade nivacane ca,madhye pade nivacane ca,मध्ये पदे निवचने च,no
1.4.77,1,4,77,nityaM haste pARAvupayamane,nityaṃ haste pāṇāvupayamane,नित्यं हस्ते पाणावुपयमने,no
1.4.78,1,4,78,prADvaM banDane,prādhvaṃ bandhane,प्राध्वं बन्धने,no
1.4.79,1,4,79,jIvikopanizadAvOpamye,jīvikopaniṣadāvaupamye,जीविकोपनिषदावौपम्ये,no
1.4.80,1,4,80,te prAgDAtoH,te prāgdhātoḥ,ते प्राग्धातोः,no
1.4.81,1,4,81,Candasi pare'pi,chandasi pare'pi,छन्दसि परेऽपि,no
1.4.82,1,4,82,vyavahitASca,vyavahitāśca,व्यवहिताश्च,no
1.4.83,1,4,83,karmapravacanIyAH,karmapravacanīyāḥ,कर्मप्रवचनीयाः,no
1.4.84,1,4,84,anurlakzaRe,anurlakṣaṇe,अनुर्लक्षणे,no
1.4.85,1,4,85,tftIyArTe,tṛtīyārthe,तृतीयार्थे,no
1.4.86,1,4,86,hIne,hīne,हीने,no
1.4.87,1,4,87,upo'Dike ca,upo'dhike ca,उपोऽधिके च,no
1.4.88,1,4,88,apaparI varjane,apaparī varjane,अपपरी वर्जने,no
1.4.89,1,4,89,AN maryAdAvacane,āṅ maryādāvacane,आङ् मर्यादावचने,no
1.4.90,1,4,90,lakzaRetTamBUtAKyAnaBAgavIpsAsu pratiparyanavaH,lakṣaṇetthambhūtākhyānabhāgavīpsāsu pratiparyanavaḥ,लक्षणेत्थम्भूताख्यानभागवीप्सासु प्रतिपर्यनवः,no
1.4.91,1,4,91,aBiraBAge,abhirabhāge,अभिरभागे,no
1.4.92,1,4,92,pratiH pratiniDipratidAnayoH,pratiḥ pratinidhipratidānayoḥ,प्रतिः प्रतिनिधिप्रतिदानयोः,no
1.4.93,1,4,93,aDiparI anarTakO,adhiparī anarthakau,अधिपरी अनर्थकौ,no
1.4.94,1,4,94,suH pUjAyAm,suḥ pūjāyām,सुः पूजायाम्,no
1.4.95,1,4,95,atiratikramaRe ca,atiratikramaṇe ca,अतिरतिक्रमणे च,no
1.4.96,1,4,96,apiH padArTasamBAvanAnvavasargagarhAsamuccayezu,apiḥ padārthasambhāvanānvavasargagarhāsamuccayeṣu,अपिः पदार्थसम्भावनान्ववसर्गगर्हासमुच्चयेषु,no
1.4.97,1,4,97,aDirISvare,adhirīśvare,अधिरीश्वरे,no
1.4.98,1,4,98,viBAzA kfYi,vibhāṣā kṛñi,विभाषा कृञि,no
1.4.99,1,4,99,laH parasmEpadam,laḥ parasmaipadam,लः परस्मैपदम्,no
1.4.100,1,4,100,taNAnAvAtmanepadam,taṅānāvātmanepadam,तङानावात्मनेपदम्,no
1.4.101,1,4,101,tiNastrIRi trIRi praTamamaDyamottamAH,tiṅastrīṇi trīṇi prathamamadhyamottamāḥ,तिङस्त्रीणि त्रीणि प्रथममध्यमोत्तमाः,no
1.4.102,1,4,102,tAnyekavacanadvivacanabahuvacanAnyekaSaH,tānyekavacanadvivacanabahuvacanānyekaśaḥ,तान्येकवचनद्विवचनबहुवचनान्येकशः,no
1.4.103,1,4,103,supaH,supaḥ,सुपः,no
1.4.104,1,4,104,viBaktiSca,vibhaktiśca,विभक्तिश्च,no
1.4.105,1,4,105,yuzmadyupapade samAnADikaraRe sTAninyapi maDyamaH,yuṣmadyupapade samānādhikaraṇe sthāninyapi madhyamaḥ,युष्मद्युपपदे समानाधिकरणे स्थानिन्यपि मध्यमः,no
1.4.106,1,4,106,prahAse ca manyopapade manyateruttama ekavacca,prahāse ca manyopapade manyateruttama ekavacca,प्रहासे च मन्योपपदे मन्यतेरुत्तम एकवच्च,no
1.4.107,1,4,107,asmadyuttamaH,asmadyuttamaḥ,अस्मद्युत्तमः,no
1.4.108,1,4,108,Seze praTamaH,śeṣe prathamaḥ,शेषे प्रथमः,no
1.4.109,1,4,109,paraH sannikarzaH saMhitA,paraḥ sannikarṣaḥ saṃhitā,परः सन्निकर्षः संहिता,no
1.4.110,1,4,110,virAmo'vasAnam,virāmo'vasānam,विरामोऽवसानम्,no
2.1.1,2,1,1,samarTaH padaviDiH,samarthaḥ padavidhiḥ,समर्थः पदविधिः,no
2.1.2,2,1,2,subAmantrite parANgavat svare,subāmantrite parāṅgavat svare,सुबामन्त्रिते पराङ्गवत् स्वरे,no
2.1.3,2,1,3,prAk kaqArAt samAsaH,prāk kaḍārāt samāsaḥ,प्राक् कडारात् समासः,no
2.1.4,2,1,4,saha supA,saha supā,सह सुपा,no
2.1.5,2,1,5,avyayIBAvaH,avyayībhāvaḥ,अव्ययीभावः,no
2.1.6,2,1,6,avyayaM viBaktisamIpasamfdDivyfdDyarTABAvAtyayAsampratiSabdaprAdurBAvapaScAdyaTAnupUrvyayOgapadyasAdfSyasampattisAkalyAntavacanezu,avyayaṃ vibhaktisamīpasamṛddhivyṛddhyarthābhāvātyayāsampratiśabdaprādurbhāvapaścādyathānupūrvyayaugapadyasādṛśyasampattisākalyāntavacaneṣu,अव्ययं विभक्तिसमीपसमृद्धिव्यृद्ध्यर्थाभावात्ययासम्प्रतिशब्दप्रादुर्भावपश्चाद्यथानुपूर्व्ययौगपद्यसादृश्यसम्पत्तिसाकल्यान्तवचनेषु,no
2.1.7,2,1,7,yaTAsAdfSye,yathāsādṛśye,यथासादृश्ये,no
2.1.8,2,1,8,yAvadavaDAraRe,yāvadavadhāraṇe,यावदवधारणे,no
2.1.9,2,1,9,suppratinA mAtrArTe,suppratinā mātrārthe,सुप्प्रतिना मात्रार्थे,no
2.1.10,2,1,10,akzaSalAkAsaMKyAH pariRA,akṣaśalākāsaṃkhyāḥ pariṇā,अक्षशलाकासंख्याः परिणा,no
2.1.11,2,1,11,viBAzA,vibhāṣā,विभाषा,no
2.1.12,2,1,12,apaparibahiraYcavaH paYcamyA,apaparibahirañcavaḥ pañcamyā,अपपरिबहिरञ्चवः पञ्चम्या,no
2.1.13,2,1,13,AN maryAdABiviDyoH,āṅ maryādābhividhyoḥ,आङ् मर्यादाभिविध्योः,no
2.1.14,2,1,14,lakzaRenABipratI ABimuKye,lakṣaṇenābhipratī ābhimukhye,लक्षणेनाभिप्रती आभिमुख्ये,no
2.1.15,2,1,15,anuryatsamayA,anuryatsamayā,अनुर्यत्समया,no
2.1.16,2,1,16,yasya cAyAmaH,yasya cāyāmaḥ,यस्य चायामः,no
2.1.17,2,1,17,tizWadgupraBftIni ca,tiṣṭhadguprabhṛtīni ca,तिष्ठद्गुप्रभृतीनि च,no
2.1.18,2,1,18,pAre maDye zazWyA vA,pāre madhye ṣaṣṭhyā vā,पारे मध्ये षष्ठ्या वा,no
2.1.19,2,1,19,saMKyA vaMSyena,saṃkhyā vaṃśyena,संख्या वंश्येन,no
2.1.20,2,1,20,nadIBiSca,nadībhiśca,नदीभिश्च,no
2.1.21,2,1,21,anyapadArTe ca saMjYAyAm,anyapadārthe ca saṃjñāyām,अन्यपदार्थे च संज्ञायाम्,no
2.1.22,2,1,22,tatpuruzaH,tatpuruṣaḥ,तत्पुरुषः,no
2.1.23,2,1,23,dviguSca,dviguśca,द्विगुश्च,no
2.1.24,2,1,24,dvitIyA SritAtItapatitagatAtyastaprAptApannEH,dvitīyā śritātītapatitagatātyastaprāptāpannaiḥ,द्वितीया श्रितातीतपतितगतात्यस्तप्राप्तापन्नैः,no
2.1.25,2,1,25,svayaM ktena,svayaṃ ktena,स्वयं क्तेन,no
2.1.26,2,1,26,KawvA kzepe,khaṭvā kṣepe,खट्वा क्षेपे,no
2.1.27,2,1,27,sAmi,sāmi,सामि,no
2.1.28,2,1,28,kAlAH,kālāḥ,कालाः,no
2.1.29,2,1,29,atyantasaMyoge ca,atyantasaṃyoge ca,अत्यन्तसंयोगे च,no
2.1.30,2,1,30,tftIyA tatkftArTena guRavacanena,tṛtīyā tatkṛtārthena guṇavacanena,तृतीया तत्कृतार्थेन गुणवचनेन,no
2.1.31,2,1,31,pUrvasadfSasamonArTakalahanipuRamiSraSlakzREH,pūrvasadṛśasamonārthakalahanipuṇamiśraślakṣṇaiḥ,पूर्वसदृशसमोनार्थकलहनिपुणमिश्रश्लक्ष्णैः,no
2.1.32,2,1,32,kartfkaraRe kftA bahulam,kartṛkaraṇe kṛtā bahulam,कर्तृकरणे कृता बहुलम्,no
2.1.33,2,1,33,kftyEraDikArTavacane,kṛtyairadhikārthavacane,कृत्यैरधिकार्थवचने,no
2.1.34,2,1,34,annena vyaYjanam,annena vyañjanam,अन्नेन व्यञ्जनम्,no
2.1.35,2,1,35,BakzyeRa miSrIkaraRam,bhakṣyeṇa miśrīkaraṇam,भक्ष्येण मिश्रीकरणम्,no
2.1.36,2,1,36,caturTI tadarTArTabalihitasuKarakzitEH,caturthī tadarthārthabalihitasukharakṣitaiḥ,चतुर्थी तदर्थार्थबलिहितसुखरक्षितैः,no
2.1.37,2,1,37,paYcamI Bayena,pañcamī bhayena,पञ्चमी भयेन,no
2.1.38,2,1,38,apetApoQamuktapatitApatrastEralpaSaH,apetāpoḍhamuktapatitāpatrastairalpaśaḥ,अपेतापोढमुक्तपतितापत्रस्तैरल्पशः,no
2.1.39,2,1,39,stokAntikadUrArTakfcCrARi ktena,stokāntikadūrārthakṛcchrāṇi ktena,स्तोकान्तिकदूरार्थकृच्छ्राणि क्तेन,no
2.1.40,2,1,40,saptamI SORqEH,saptamī śauṇḍaiḥ,सप्तमी शौण्डैः,no
2.1.41,2,1,41,sidDaSuzkapakvabanDESca,siddhaśuṣkapakvabandhaiśca,सिद्धशुष्कपक्वबन्धैश्च,no
2.1.42,2,1,42,DvANkzeRa kzepe,dhvāṅkṣeṇa kṣepe,ध्वाङ्क्षेण क्षेपे,no
2.1.43,2,1,43,kftyErfRe,kṛtyairṛṇe,कृत्यैरृणे,no
2.1.44,2,1,44,saMjYAyAm,saṃjñāyām,संज्ञायाम्,no
2.1.45,2,1,45,ktenAhorAtrAvayavAH,ktenāhorātrāvayavāḥ,क्तेनाहोरात्रावयवाः,no
2.1.46,2,1,46,tatra,tatra,तत्र,no
2.1.47,2,1,47,kzepe,kṣepe,क्षेपे,no
2.1.48,2,1,48,pAtresamitAdayaSca,pātresamitādayaśca,पात्रेसमितादयश्च,no
2.1.49,2,1,49,pUrvakAlEkasarvajaratpurARanavakevalAH samAnADikaraRena,pūrvakālaikasarvajaratpurāṇanavakevalāḥ samānādhikaraṇena,पूर्वकालैकसर्वजरत्पुराणनवकेवलाः समानाधिकरणेन,no
2.1.50,2,1,50,diksaMKye saMjYAyAm,diksaṃkhye saṃjñāyām,दिक्संख्ये संज्ञायाम्,no
2.1.51,2,1,51,tadDitArTottarapadasamAhAre ca,taddhitārthottarapadasamāhāre ca,तद्धितार्थोत्तरपदसमाहारे च,no
2.1.52,2,1,52,saMKyApUrvo dviguH,saṃkhyāpūrvo dviguḥ,संख्यापूर्वो द्विगुः,no
2.1.53,2,1,53,kutsitAni kutsanEH,kutsitāni kutsanaiḥ,कुत्सितानि कुत्सनैः,no
2.1.54,2,1,54,pApARake kutsitEH,pāpāṇake kutsitaiḥ,पापाणके कुत्सितैः,no
2.1.55,2,1,55,upamAnAni sAmAnyavacanEH,upamānāni sāmānyavacanaiḥ,उपमानानि सामान्यवचनैः,no
2.1.56,2,1,56,upamitaM vyAGrAdiBiH sAmAnyAprayoge,upamitaṃ vyāghrādibhiḥ sāmānyāprayoge,उपमितं व्याघ्रादिभिः सामान्याप्रयोगे,no
2.1.57,2,1,57,viSezaRaM viSezyeRa bahulam,viśeṣaṇaṃ viśeṣyeṇa bahulam,विशेषणं विशेष्येण बहुलम्,no
2.1.58,2,1,58,pUrvAparapraTamacaramajaGanyasamAnamaDyamaDyamavIrASca,pūrvāparaprathamacaramajaghanyasamānamadhyamadhyamavīrāśca,पूर्वापरप्रथमचरमजघन्यसमानमध्यमध्यमवीराश्च,no
2.1.59,2,1,59,SreRyAdayaH kftAdiBiH,śreṇyādayaḥ kṛtādibhiḥ,श्रेण्यादयः कृतादिभिः,no
2.1.60,2,1,60,ktena naYviSizwenAnaY,ktena nañviśiṣṭenānañ,क्तेन नञ्विशिष्टेनानञ्,no
2.1.61,2,1,61,sanmahatparamottamotkfzwAH pUjyamAnEH,sanmahatparamottamotkṛṣṭāḥ pūjyamānaiḥ,सन्महत्परमोत्तमोत्कृष्टाः पूज्यमानैः,no
2.1.62,2,1,62,vfndArakanAgakuYjarEH pUjyamAnam,vṛndārakanāgakuñjaraiḥ pūjyamānam,वृन्दारकनागकुञ्जरैः पूज्यमानम्,no
2.1.63,2,1,63,katarakatamO jAtiparipraSne,katarakatamau jātiparipraśne,कतरकतमौ जातिपरिप्रश्ने,no
2.1.64,2,1,64,kiM kzepe,kiṃ kṣepe,किं क्षेपे,no
2.1.65,2,1,65,powAyuvatistokakatipayagfzwiDenuvaSAvehatbazkayaRIpravaktfSrotriyADyApakaDUrtErjAtiH,poṭāyuvatistokakatipayagṛṣṭidhenuvaśāvehatbaṣkayaṇīpravaktṛśrotriyādhyāpakadhūrtairjātiḥ,पोटायुवतिस्तोककतिपयगृष्टिधेनुवशावेहत्बष्कयणीप्रवक्तृश्रोत्रियाध्यापकधूर्तैर्जातिः,no
2.1.66,2,1,66,praSaMsAvacanESca,praśaṃsāvacanaiśca,प्रशंसावचनैश्च,no
2.1.67,2,1,67,yuvA KalatipalitavalinajaratIBiH,yuvā khalatipalitavalinajaratībhiḥ,युवा खलतिपलितवलिनजरतीभिः,no
2.1.68,2,1,68,kftyatulyAKyA ajAtyA,kṛtyatulyākhyā ajātyā,कृत्यतुल्याख्या अजात्या,no
2.1.69,2,1,69,varRo varRena,varṇo varṇena,वर्णो वर्णेन,no
2.1.70,2,1,70,kumAraH SramaRAdiBiH,kumāraḥ śramaṇādibhiḥ,कुमारः श्रमणादिभिः,no
2.1.71,2,1,71,catuzpAdo garBiRyA,catuṣpādo garbhiṇyā,चतुष्पादो गर्भिण्या,no
2.1.72,2,1,72,mayUravyaMsakAdayaSca,mayūravyaṃsakādayaśca,मयूरव्यंसकादयश्च,no
2.2.1,2,2,1,pUrvAparADarottaramekadeSinEkADikaraRe,pūrvāparādharottaramekadeśinaikādhikaraṇe,पूर्वापराधरोत्तरमेकदेशिनैकाधिकरणे,no
2.2.2,2,2,2,arDaM napuMsakam,ardhaṃ napuṃsakam,अर्धं नपुंसकम्,no
2.2.3,2,2,3,dvitIyatftIyacaturTaturyARyanyatarasyAm,dvitīyatṛtīyacaturthaturyāṇyanyatarasyām,द्वितीयतृतीयचतुर्थतुर्याण्यन्यतरस्याम्,no
2.2.4,2,2,4,prAptApanne ca dvitIyayA,prāptāpanne ca dvitīyayā,प्राप्तापन्ने च द्वितीयया,no
2.2.5,2,2,5,kAlAH parimARinA,kālāḥ parimāṇinā,कालाः परिमाणिना,no
2.2.6,2,2,6,naY,nañ,नञ्,no
2.2.7,2,2,7,IzadakftA,īṣadakṛtā,ईषदकृता,no
2.2.8,2,2,8,zazWI,ṣaṣṭhī,षष्ठी,no
2.2.9,2,2,9,yAjakAdiBiSca,yājakādibhiśca,याजकादिभिश्च,no
2.2.10,2,2,10,na nirDAraRe,na nirdhāraṇe,न निर्धारणे,no
2.2.11,2,2,11,pUraRaguRasuhitArTasadavyayatavyasamAnADikaraRena,pūraṇaguṇasuhitārthasadavyayatavyasamānādhikaraṇena,पूरणगुणसुहितार्थसदव्ययतव्यसमानाधिकरणेन,no
2.2.12,2,2,12,ktena ca pUjAyAm,ktena ca pūjāyām,क्तेन च पूजायाम्,no
2.2.13,2,2,13,aDikaraRavAcinA ca,adhikaraṇavācinā ca,अधिकरणवाचिना च,no
2.2.14,2,2,14,karmaRi ca,karmaṇi ca,कर्मणि च,no
2.2.15,2,2,15,tfjakAByAM kartari,tṛjakābhyāṃ kartari,तृजकाभ्यां कर्तरि,no
2.2.16,2,2,16,kartari  ca,kartari  ca,कर्तरि  च,no
2.2.17,2,2,17,nityaM krIqAjIvikayoH,nityaṃ krīḍājīvikayoḥ,नित्यं क्रीडाजीविकयोः,no
2.2.18,2,2,18,kugatiprAdayaH,kugatiprādayaḥ,कुगतिप्रादयः,no
2.2.19,2,2,19,upapadamatiN,upapadamatiṅ,उपपदमतिङ्,no
2.2.20,2,2,20,amEvAvyayena,amaivāvyayena,अमैवाव्ययेन,no
2.2.21,2,2,21,tftIyApraBftInyanyatarasyAm,tṛtīyāprabhṛtīnyanyatarasyām,तृतीयाप्रभृतीन्यन्यतरस्याम्,no
2.2.22,2,2,22,ktvA ca,ktvā ca,क्त्वा च,no
2.2.23,2,2,23,Sezo bahuvrIhiH,śeṣo bahuvrīhiḥ,शेषो बहुव्रीहिः,no
2.2.24,2,2,24,anekamanyapadArTe,anekamanyapadārthe,अनेकमन्यपदार्थे,no
2.2.25,2,2,25,saMKyayA'vyayAsannAdUrADikasaMKyAH saMKyeye,saṃkhyayā'vyayāsannādūrādhikasaṃkhyāḥ saṃkhyeye,संख्ययाऽव्ययासन्नादूराधिकसंख्याः संख्येये,no
2.2.26,2,2,26,diNnAmAnyantarAle,diṅnāmānyantarāle,दिङ्नामान्यन्तराले,no
2.2.27,2,2,27,tatra tenedamiti sarUpe,tatra tenedamiti sarūpe,तत्र तेनेदमिति सरूपे,no
2.2.28,2,2,28,tena saheti tulyayoge,tena saheti tulyayoge,तेन सहेति तुल्ययोगे,no
2.2.29,2,2,29,cArTe dvandvaH,cārthe dvandvaḥ,चार्थे द्वन्द्वः,no
2.2.30,2,2,30,upasarjanaM pUrvam,upasarjanaṃ pūrvam,उपसर्जनं पूर्वम्,no
2.2.31,2,2,31,rAjadantAdizu param,rājadantādiṣu param,राजदन्तादिषु परम्,no
2.2.32,2,2,32,dvandve Gi,dvandve ghi,द्वन्द्वे घि,no
2.2.33,2,2,33,ajAdyadantam,ajādyadantam,अजाद्यदन्तम्,no
2.2.34,2,2,34,alpActaram,alpāctaram,अल्पाच्तरम्,no
2.2.35,2,2,35,saptamIviSezaRe bahuvrIhO,saptamīviśeṣaṇe bahuvrīhau,सप्तमीविशेषणे बहुव्रीहौ,no
2.2.36,2,2,36,nizWA,niṣṭhā,निष्ठा,no
2.2.37,2,2,37,vAhitAgnyAdizu,vāhitāgnyādiṣu,वाहिताग्न्यादिषु,no
2.2.38,2,2,38,kaqArAH karmaDAraye,kaḍārāḥ karmadhāraye,कडाराः कर्मधारये,no
2.3.1,2,3,1,anaBihite,anabhihite,अनभिहिते,no
2.3.2,2,3,2,karmaRi dvitIyA,karmaṇi dvitīyā,कर्मणि द्वितीया,no
2.3.3,2,3,3,tftIyA ca hoSCandasi,tṛtīyā ca hośchandasi,तृतीया च होश्छन्दसि,no
2.3.4,2,3,4,antarA'ntareRa yukte,antarā'ntareṇa yukte,अन्तराऽन्तरेण युक्ते,no
2.3.5,2,3,5,kAlADvanoratyantasaMyoge,kālādhvanoratyantasaṃyoge,कालाध्वनोरत्यन्तसंयोगे,no
2.3.6,2,3,6,apavarge tftIyA,apavarge tṛtīyā,अपवर्गे तृतीया,no
2.3.7,2,3,7,saptamIpaYcamyO kArakamaDye,saptamīpañcamyau kārakamadhye,सप्तमीपञ्चम्यौ कारकमध्ये,no
2.3.8,2,3,8,karmapravacanIyayukte dvitIyA,karmapravacanīyayukte dvitīyā,कर्मप्रवचनीययुक्ते द्वितीया,no
2.3.9,2,3,9,yasmAdaDikaM yasya ceSvaravacanaM tatra saptamI,yasmādadhikaṃ yasya ceśvaravacanaṃ tatra saptamī,यस्मादधिकं यस्य चेश्वरवचनं तत्र सप्तमी,no
2.3.10,2,3,10,paYcamyapANpariBiH,pañcamyapāṅparibhiḥ,पञ्चम्यपाङ्परिभिः,no
2.3.11,2,3,11,pratiniDipratidAne ca yasmAt,pratinidhipratidāne ca yasmāt,प्रतिनिधिप्रतिदाने च यस्मात्,no
2.3.12,2,3,12,gatyarTakarmaRi dvitIyAcaturTyO cezwAyAmanaDvani,gatyarthakarmaṇi dvitīyācaturthyau ceṣṭāyāmanadhvani,गत्यर्थकर्मणि द्वितीयाचतुर्थ्यौ चेष्टायामनध्वनि,no
2.3.13,2,3,13,caturTI sampradAne,caturthī sampradāne,चतुर्थी सम्प्रदाने,no
2.3.14,2,3,14,kriyArTopapadasya ca karmaRi sTAninaH,kriyārthopapadasya ca karmaṇi sthāninaḥ,क्रियार्थोपपदस्य च कर्मणि स्थानिनः,no
2.3.15,2,3,15,tumarTAcca BAvavacanAt,tumarthācca bhāvavacanāt,तुमर्थाच्च भाववचनात्,no
2.3.16,2,3,16,namaHsvastisvAhAsvaDAlamvazaqyogAcca,namaḥsvastisvāhāsvadhālamvaṣaḍyogācca,नमःस्वस्तिस्वाहास्वधालम्वषड्योगाच्च,no
2.3.17,2,3,17,manyakarmaRyanAdare viBAzA'prARizu,manyakarmaṇyanādare vibhāṣā'prāṇiṣu,मन्यकर्मण्यनादरे विभाषाऽप्राणिषु,no
2.3.18,2,3,18,kartfkaraRayostftIyA,kartṛkaraṇayostṛtīyā,कर्तृकरणयोस्तृतीया,no
2.3.19,2,3,19,sahayukte'praDAne,sahayukte'pradhāne,सहयुक्तेऽप्रधाने,no
2.3.20,2,3,20,yenANgavikAraH,yenāṅgavikāraḥ,येनाङ्गविकारः,no
2.3.21,2,3,21,itTaMBUtalakzaRe,itthaṃbhūtalakṣaṇe,इत्थंभूतलक्षणे,no
2.3.22,2,3,22,saMjYo'nyatarasyAM karmaRi,saṃjño'nyatarasyāṃ karmaṇi,संज्ञोऽन्यतरस्यां कर्मणि,no
2.3.23,2,3,23,hetO,hetau,हेतौ,no
2.3.24,2,3,24,akartaryfRe paYcamI,akartaryṛṇe pañcamī,अकर्तर्यृणे पञ्चमी,no
2.3.25,2,3,25,viBAzA guRe'striyAm,vibhāṣā guṇe'striyām,विभाषा गुणेऽस्त्रियाम्,no
2.3.26,2,3,26,zazWI hetuprayoge,ṣaṣṭhī hetuprayoge,षष्ठी हेतुप्रयोगे,no
2.3.27,2,3,27,sarvanAmnastftIyA ca,sarvanāmnastṛtīyā ca,सर्वनाम्नस्तृतीया च,no
2.3.28,2,3,28,apAdAne paYcamI,apādāne pañcamī,अपादाने पञ्चमी,no
2.3.29,2,3,29,anyArAditarartedikCabdAYcUttarapadAjAhiyukte,anyārāditarartedikchabdāñcūttarapadājāhiyukte,अन्यारादितरर्तेदिक्छब्दाञ्चूत्तरपदाजाहियुक्ते,no
2.3.30,2,3,30,zazWyatasarTapratyayena,ṣaṣṭhyatasarthapratyayena,षष्ठ्यतसर्थप्रत्ययेन,no
2.3.31,2,3,31,enapA dvitIyA,enapā dvitīyā,एनपा द्वितीया,no
2.3.32,2,3,32,pfTagvinAnAnABistftIyA'nyatarasyAm,pṛthagvinānānābhistṛtīyā'nyatarasyām,पृथग्विनानानाभिस्तृतीयाऽन्यतरस्याम्,no
2.3.33,2,3,33,karaRe ca stokAlpakfcCrakatipayasyAsattvavacanasya,karaṇe ca stokālpakṛcchrakatipayasyāsattvavacanasya,करणे च स्तोकाल्पकृच्छ्रकतिपयस्यासत्त्ववचनस्य,no
2.3.34,2,3,34,dUrAntikArTEH zazWyanyatarasyAm,dūrāntikārthaiḥ ṣaṣṭhyanyatarasyām,दूरान्तिकार्थैः षष्ठ्यन्यतरस्याम्,no
2.3.35,2,3,35,dUrAntikArTeByo dvitIyA ca,dūrāntikārthebhyo dvitīyā ca,दूरान्तिकार्थेभ्यो द्वितीया च,no
2.3.36,2,3,36,saptamyaDikaraRe ca,saptamyadhikaraṇe ca,सप्तम्यधिकरणे च,no
2.3.37,2,3,37,yasya ca BAvena BAvalakzaRam,yasya ca bhāvena bhāvalakṣaṇam,यस्य च भावेन भावलक्षणम्,no
2.3.38,2,3,38,zazWI cAnAdare,ṣaṣṭhī cānādare,षष्ठी चानादरे,no
2.3.39,2,3,39,svAmISvarADipatidAyAdasAkzipratiBUprasUtESca,svāmīśvarādhipatidāyādasākṣipratibhūprasūtaiśca,स्वामीश्वराधिपतिदायादसाक्षिप्रतिभूप्रसूतैश्च,no
2.3.40,2,3,40,AyuktakuSalAByAM cAsevAyAm,āyuktakuśalābhyāṃ cāsevāyām,आयुक्तकुशलाभ्यां चासेवायाम्,no
2.3.41,2,3,41,yataSca nirDAraRam,yataśca nirdhāraṇam,यतश्च निर्धारणम्,no
2.3.42,2,3,42,paYcamI viBakte,pañcamī vibhakte,पञ्चमी विभक्ते,no
2.3.43,2,3,43,sADunipuRAByAmarcAyAM saptamyaprateH,sādhunipuṇābhyāmarcāyāṃ saptamyaprateḥ,साधुनिपुणाभ्यामर्चायां सप्तम्यप्रतेः,no
2.3.44,2,3,44,prasitotsukAByAM tftIyA ca,prasitotsukābhyāṃ tṛtīyā ca,प्रसितोत्सुकाभ्यां तृतीया च,no
2.3.45,2,3,45,nakzatre ca lupi,nakṣatre ca lupi,नक्षत्रे च लुपि,no
2.3.46,2,3,46,prAtipadikArTaliNgaparimARavacanamAtre praTamA,prātipadikārthaliṅgaparimāṇavacanamātre prathamā,प्रातिपदिकार्थलिङ्गपरिमाणवचनमात्रे प्रथमा,no
2.3.47,2,3,47,samboDane ca,sambodhane ca,सम्बोधने च,no
2.3.48,2,3,48,sAmantritam,sāmantritam,सामन्त्रितम्,no
2.3.49,2,3,49,ekavacanaM saMbudDiH,ekavacanaṃ saṃbuddhiḥ,एकवचनं संबुद्धिः,no
2.3.50,2,3,50,zazWI Seze,ṣaṣṭhī śeṣe,षष्ठी शेषे,no
2.3.51,2,3,51,jYo'vidarTasya karaRe,jño'vidarthasya karaṇe,ज्ञोऽविदर्थस्य करणे,no
2.3.52,2,3,52,aDIgarTadayeSAM karmaRi,adhīgarthadayeśāṃ karmaṇi,अधीगर्थदयेशां कर्मणि,no
2.3.53,2,3,53,kfYaH pratiyatne,kṛñaḥ pratiyatne,कृञः प्रतियत्ने,no
2.3.54,2,3,54,rujArTAnAM BAvavacanAnAmajvareH,rujārthānāṃ bhāvavacanānāmajvareḥ,रुजार्थानां भाववचनानामज्वरेः,no
2.3.55,2,3,55,ASizi nATaH,āśiṣi nāthaḥ,आशिषि नाथः,no
2.3.56,2,3,56,jAsiniprahaRanAwakrATapizAM hiMsAyAm,jāsiniprahaṇanāṭakrāthapiṣāṃ hiṃsāyām,जासिनिप्रहणनाटक्राथपिषां हिंसायाम्,no
2.3.57,2,3,57,vyavahfpaRoH samarTayoH,vyavahṛpaṇoḥ samarthayoḥ,व्यवहृपणोः समर्थयोः,no
2.3.58,2,3,58,divastadarTasya,divastadarthasya,दिवस्तदर्थस्य,no
2.3.59,2,3,59,viBAzopasarge,vibhāṣopasarge,विभाषोपसर्गे,no
2.3.60,2,3,60,dvitIyA brAhmaRe,dvitīyā brāhmaṇe,द्वितीया ब्राह्मणे,no
2.3.61,2,3,61,prezyabruvorhavizo devatAsampradAne,preṣyabruvorhaviṣo devatāsampradāne,प्रेष्यब्रुवोर्हविषो देवतासम्प्रदाने,no
2.3.62,2,3,62,caturTyarTe bahulaM Candasi,caturthyarthe bahulaṃ chandasi,चतुर्थ्यर्थे बहुलं छन्दसि,no
2.3.63,2,3,63,yajeSca karaRe,yajeśca karaṇe,यजेश्च करणे,no
2.3.64,2,3,64,kftvo'rTaprayoge kAle'DikaraRe,kṛtvo'rthaprayoge kāle'dhikaraṇe,कृत्वोऽर्थप्रयोगे कालेऽधिकरणे,no
2.3.65,2,3,65,kartfkarmaRoH kfti,kartṛkarmaṇoḥ kṛti,कर्तृकर्मणोः कृति,no
2.3.66,2,3,66,uBayaprAptO karmaRi,ubhayaprāptau karmaṇi,उभयप्राप्तौ कर्मणि,no
2.3.67,2,3,67,ktasya ca vartamAne,ktasya ca vartamāne,क्तस्य च वर्तमाने,no
2.3.68,2,3,68,aDikaraRavAcinaSca,adhikaraṇavācinaśca,अधिकरणवाचिनश्च,no
2.3.69,2,3,69,na lokAvyayanizWAKalarTatfnAm,na lokāvyayaniṣṭhākhalarthatṛnām,न लोकाव्ययनिष्ठाखलर्थतृनाम्,no
2.3.70,2,3,70,akenorBavizyadADamarRyayoH,akenorbhaviṣyadādhamarṇyayoḥ,अकेनोर्भविष्यदाधमर्ण्ययोः,no
2.3.71,2,3,71,kftyAnAM kartari vA,kṛtyānāṃ kartari vā,कृत्यानां कर्तरि वा,no
2.3.72,2,3,72,tulyArTEratulopamAByAM tftIyA'nyatarasyAm,tulyārthairatulopamābhyāṃ tṛtīyā'nyatarasyām,तुल्यार्थैरतुलोपमाभ्यां तृतीयाऽन्यतरस्याम्,no
2.3.73,2,3,73,caturTI cASizyAyuzyamadraBadrakuSalasuKArTahitEH,caturthī cāśiṣyāyuṣyamadrabhadrakuśalasukhārthahitaiḥ,चतुर्थी चाशिष्यायुष्यमद्रभद्रकुशलसुखार्थहितैः,no
2.4.1,2,4,1,dvigurekavacanam,dvigurekavacanam,द्विगुरेकवचनम्,no
2.4.2,2,4,2,dvandvaSca prARitUryasenANgAnAm,dvandvaśca prāṇitūryasenāṅgānām,द्वन्द्वश्च प्राणितूर्यसेनाङ्गानाम्,no
2.4.3,2,4,3,anuvAde caraRAnAm,anuvāde caraṇānām,अनुवादे चरणानाम्,no
2.4.4,2,4,4,aDvaryukraturanapuMsakam,adhvaryukraturanapuṃsakam,अध्वर्युक्रतुरनपुंसकम्,no
2.4.5,2,4,5,aDyayanato'viprakfzwAKyAnAm,adhyayanato'viprakṛṣṭākhyānām,अध्ययनतोऽविप्रकृष्टाख्यानाम्,no
2.4.6,2,4,6,jAtiraprARinAm,jātiraprāṇinām,जातिरप्राणिनाम्,no
2.4.7,2,4,7,viSizwaliNgo nadI deSo'grAmAH,viśiṣṭaliṅgo nadī deśo'grāmāḥ,विशिष्टलिङ्गो नदी देशोऽग्रामाः,no
2.4.8,2,4,8,kzudrajantavaH,kṣudrajantavaḥ,क्षुद्रजन्तवः,no
2.4.9,2,4,9,yezAM ca viroDaH SASvatikaH,yeṣāṃ ca virodhaḥ śāśvatikaḥ,येषां च विरोधः शाश्वतिकः,no
2.4.10,2,4,10,SUdrARAmaniravasitAnAm,śūdrāṇāmaniravasitānām,शूद्राणामनिरवसितानाम्,no
2.4.11,2,4,11,gavASvapraBftIni ca,gavāśvaprabhṛtīni ca,गवाश्वप्रभृतीनि च,no
2.4.12,2,4,12,viBAzA vfkzamfgatfRaDAnyavyaYjanapaSuSakunyaSvavaqavapUrvAparADarottarARAm,vibhāṣā vṛkṣamṛgatṛṇadhānyavyañjanapaśuśakunyaśvavaḍavapūrvāparādharottarāṇām,विभाषा वृक्षमृगतृणधान्यव्यञ्जनपशुशकुन्यश्ववडवपूर्वापराधरोत्तराणाम्,no
2.4.13,2,4,13,vipratizidDaM cAnaDikaraRavAci,vipratiṣiddhaṃ cānadhikaraṇavāci,विप्रतिषिद्धं चानधिकरणवाचि,no
2.4.14,2,4,14,na daDipayaAdIni,na dadhipayaādīni,न दधिपयआदीनि,no
2.4.15,2,4,15,aDikaraREtAvattve ca,adhikaraṇaitāvattve ca,अधिकरणैतावत्त्वे च,no
2.4.16,2,4,16,viBAzA samIpe,vibhāṣā samīpe,विभाषा समीपे,no
2.4.17,2,4,17,sa napuMsakam,sa napuṃsakam,स नपुंसकम्,no
2.4.18,2,4,18,avyayIBAvaSca,avyayībhāvaśca,अव्ययीभावश्च,no
2.4.19,2,4,19,tatpuruzo'naY karmaDArayaH,tatpuruṣo'nañ karmadhārayaḥ,तत्पुरुषोऽनञ् कर्मधारयः,no
2.4.20,2,4,20,saMjYAyAM kanToSInarezu,saṃjñāyāṃ kanthośīnareṣu,संज्ञायां कन्थोशीनरेषु,no
2.4.21,2,4,21,upajYopakramaM tadAdyAciKyAsAyAm,upajñopakramaṃ tadādyācikhyāsāyām,उपज्ञोपक्रमं तदाद्याचिख्यासायाम्,no
2.4.22,2,4,22,CAyA bAhulye,chāyā bāhulye,छाया बाहुल्ये,no
2.4.23,2,4,23,saBA rAjAmanuzyapUrvA,sabhā rājāmanuṣyapūrvā,सभा राजामनुष्यपूर्वा,no
2.4.24,2,4,24,aSAlA ca,aśālā ca,अशाला च,no
2.4.25,2,4,25,viBAzA senAsurAcCAyASAlAniSAnAm,vibhāṣā senāsurācchāyāśālāniśānām,विभाषा सेनासुराच्छायाशालानिशानाम्,no
2.4.26,2,4,26,paravalliNgaM dvandvatatpuruzayoH,paravalliṅgaṃ dvandvatatpuruṣayoḥ,परवल्लिङ्गं द्वन्द्वतत्पुरुषयोः,no
2.4.27,2,4,27,pUrvavadaSvavaqavO,pūrvavadaśvavaḍavau,पूर्ववदश्ववडवौ,no
2.4.28,2,4,28,hemantaSiSirAvahorAtre ca cCandasi,hemantaśiśirāvahorātre ca cchandasi,हेमन्तशिशिरावहोरात्रे च च्छन्दसि,no
2.4.29,2,4,29,rAtrAhnAhAH puMsi,rātrāhnāhāḥ puṃsi,रात्राह्नाहाः पुंसि,no
2.4.30,2,4,30,apaTaM napuMsakam,apathaṃ napuṃsakam,अपथं नपुंसकम्,no
2.4.31,2,4,31,arDarcAH puMsi ca,ardharcāḥ puṃsi ca,अर्धर्चाः पुंसि च,no
2.4.32,2,4,32,idamo'nvAdeSe'SanudAttastftIyAdO,idamo'nvādeśe'śanudāttastṛtīyādau,इदमोऽन्वादेशेऽशनुदात्तस्तृतीयादौ,no
2.4.33,2,4,33,etadastratasostratasO cAnudAttO,etadastratasostratasau cānudāttau,एतदस्त्रतसोस्त्रतसौ चानुदात्तौ,no
2.4.34,2,4,34,dvitIyAwOssvenaH,dvitīyāṭaussvenaḥ,द्वितीयाटौस्स्वेनः,no
2.4.35,2,4,35,ArDaDAtuke,ārdhadhātuke,आर्धधातुके,no
2.4.36,2,4,36,ado jagDirlyapti kiti,ado jagdhirlyapti kiti,अदो जग्धिर्ल्यप्ति किति,no
2.4.37,2,4,37,luNsanorGasx,luṅsanorghasḷ,लुङ्सनोर्घसॢ,no
2.4.38,2,4,38,GaYapoSca,ghañapośca,घञपोश्च,no
2.4.39,2,4,39,bahulaM Candasi,bahulaṃ chandasi,बहुलं छन्दसि,no
2.4.40,2,4,40,liwyanyatarasyAm,liṭyanyatarasyām,लिट्यन्यतरस्याम्,no
2.4.41,2,4,41,veYo vayiH,veño vayiḥ,वेञो वयिः,no
2.4.42,2,4,42,hano vaDa liNi,hano vadha liṅi,हनो वध लिङि,no
2.4.43,2,4,43,luNi ca,luṅi ca,लुङि च,no
2.4.44,2,4,44,AtmanepadezvanyatarasyAm,ātmanepadeṣvanyatarasyām,आत्मनेपदेष्वन्यतरस्याम्,no
2.4.45,2,4,45,iRo gA luNi,iṇo gā luṅi,इणो गा लुङि,no
2.4.46,2,4,46,RO gamiraboDane,ṇau gamirabodhane,णौ गमिरबोधने,no
2.4.47,2,4,47,sani ca,sani ca,सनि च,no
2.4.48,2,4,48,iNaSca,iṅaśca,इङश्च,no
2.4.49,2,4,49,gAN liwi,gāṅ liṭi,गाङ् लिटि,no
2.4.50,2,4,50,viBAzA luNlfNoH,vibhāṣā luṅlṛṅoḥ,विभाषा लुङ्लृङोः,no
2.4.51,2,4,51,RO ca sa~ScaNoH,ṇau ca sa~ścaṅoḥ,णौ च स~श्चङोः,no
2.4.52,2,4,52,asterBUH,asterbhūḥ,अस्तेर्भूः,no
2.4.53,2,4,53,bruvo vaciH,bruvo vaciḥ,ब्रुवो वचिः,no
2.4.54,2,4,54,cakziNaH KyAY,cakṣiṅaḥ khyāñ,चक्षिङः ख्याञ्,no
2.4.55,2,4,55,vA liwi,vā liṭi,वा लिटि,no
2.4.56,2,4,56,ajervyaGaYapoH,ajervyaghañapoḥ,अजेर्व्यघञपोः,no
2.4.57,2,4,57,vA yO,vā yau,वा यौ,no
2.4.58,2,4,58,RyakzatriyArzaYito yUni lugaRiYoH,ṇyakṣatriyārṣañito yūni lugaṇiñoḥ,ण्यक्षत्रियार्षञितो यूनि लुगणिञोः,no
2.4.59,2,4,59,pElAdiByaSca,pailādibhyaśca,पैलादिभ्यश्च,no
2.4.60,2,4,60,iYaH prAcAm,iñaḥ prācām,इञः प्राचाम्,no
2.4.61,2,4,61,na tOlvaliByaH,na taulvalibhyaḥ,न तौल्वलिभ्यः,no
2.4.62,2,4,62,tadrAjasya bahuzu tenEvAstriyAm,tadrājasya bahuṣu tenaivāstriyām,तद्राजस्य बहुषु तेनैवास्त्रियाम्,no
2.4.63,2,4,63,yaskAdiByo gotre,yaskādibhyo gotre,यस्कादिभ्यो गोत्रे,no
2.4.64,2,4,64,yaYaYoSca,yañañośca,यञञोश्च,no
2.4.65,2,4,65,atriBfgukutsavasizWagotamANgiroByaSca,atribhṛgukutsavasiṣṭhagotamāṅgirobhyaśca,अत्रिभृगुकुत्सवसिष्ठगोतमाङ्गिरोभ्यश्च,no
2.4.66,2,4,66,bahvacaH iYaH prAcyaBaratezu,bahvacaḥ iñaḥ prācyabharateṣu,बह्वचः इञः प्राच्यभरतेषु,no
2.4.67,2,4,67,na gopavanAdiByaH,na gopavanādibhyaḥ,न गोपवनादिभ्यः,no
2.4.68,2,4,68,tikakitavAdiByo dvandve,tikakitavādibhyo dvandve,तिककितवादिभ्यो द्वन्द्वे,no
2.4.69,2,4,69,upakAdiByo'nyatarasyAmadvandve,upakādibhyo'nyatarasyāmadvandve,उपकादिभ्योऽन्यतरस्यामद्वन्द्वे,no
2.4.70,2,4,70,AgastyakORqinyayoragastikuRqinac,āgastyakauṇḍinyayoragastikuṇḍinac,आगस्त्यकौण्डिन्ययोरगस्तिकुण्डिनच्,no
2.4.71,2,4,71,supo DAtuprAtipadikayoH,supo dhātuprātipadikayoḥ,सुपो धातुप्रातिपदिकयोः,no
2.4.72,2,4,72,adipraBftiByaH SapaH,adiprabhṛtibhyaḥ śapaḥ,अदिप्रभृतिभ्यः शपः,no
2.4.73,2,4,73,bahulaM Candasi,bahulaṃ chandasi,बहुलं छन्दसि,no
2.4.74,2,4,74,yaNo'ci ca,yaṅo'ci ca,यङोऽचि च,no
2.4.75,2,4,75,juhotyAdiByaH SluH,juhotyādibhyaḥ śluḥ,जुहोत्यादिभ्यः श्लुः,no
2.4.76,2,4,76,bahulaM Candasi,bahulaṃ chandasi,बहुलं छन्दसि,no
2.4.77,2,4,77,gAtisTAGupABUByaH sicaH parasmEpadezu,gātisthāghupābhūbhyaḥ sicaḥ parasmaipadeṣu,गातिस्थाघुपाभूभ्यः सिचः परस्मैपदेषु,no
2.4.78,2,4,78,viBAzA GrADewSAcCAsaH,vibhāṣā ghrādheṭśācchāsaḥ,विभाषा घ्राधेट्शाच्छासः,no
2.4.79,2,4,79,tanAdiByastaTAsoH,tanādibhyastathāsoḥ,तनादिभ्यस्तथासोः,no
2.4.80,2,4,80,mantre GasahvaraRaSavfdahAdvfckfgamijaniByo leH,mantre ghasahvaraṇaśavṛdahādvṛckṛgamijanibhyo leḥ,मन्त्रे घसह्वरणशवृदहाद्वृच्कृगमिजनिभ्यो लेः,no
2.4.81,2,4,81,AmaH,āmaḥ,आमः,no
2.4.82,2,4,82,avyayAdApsupaH,avyayādāpsupaḥ,अव्ययादाप्सुपः,no
2.4.83,2,4,83,nAvyayIBAvAdato'mtvapaYcamyAH,nāvyayībhāvādato'mtvapañcamyāḥ,नाव्ययीभावादतोऽम्त्वपञ्चम्याः,no
2.4.84,2,4,84,tftIyAsaptamyorbahulam,tṛtīyāsaptamyorbahulam,तृतीयासप्तम्योर्बहुलम्,no
2.4.85,2,4,85,luwaH praTamasya qArOrasaH,luṭaḥ prathamasya ḍāraurasaḥ,लुटः प्रथमस्य डारौरसः,no
3.1.1,3,1,1,pratyayaH,pratyayaḥ,प्रत्ययः,no
3.1.2,3,1,2,paraSca,paraśca,परश्च,no
3.1.3,3,1,3,AdyudAttaSca,ādyudāttaśca,आद्युदात्तश्च,no
3.1.4,3,1,4,anudAttO suppitO,anudāttau suppitau,अनुदात्तौ सुप्पितौ,no
3.1.5,3,1,5,guptijkidByaH san,guptijkidbhyaḥ san,गुप्तिज्किद्भ्यः सन्,no
3.1.6,3,1,6,mAnbaDadAnSAnByo dIrGaScAByAsasya,mānbadhadānśānbhyo dīrghaścābhyāsasya,मान्बधदान्शान्भ्यो दीर्घश्चाभ्यासस्य,no
3.1.7,3,1,7,DAtoH karmaRaH samAnakartfkAdicCAyAM vA,dhātoḥ karmaṇaḥ samānakartṛkādicchāyāṃ vā,धातोः कर्मणः समानकर्तृकादिच्छायां वा,no
3.1.8,3,1,8,supa AtmanaH kyac,supa ātmanaḥ kyac,सुप आत्मनः क्यच्,no
3.1.9,3,1,9,kAmyacca,kāmyacca,काम्यच्च,no
3.1.10,3,1,10,upamAnAdAcAre,upamānādācāre,उपमानादाचारे,no
3.1.11,3,1,11,kartuH kyaN salopaSca,kartuḥ kyaṅ salopaśca,कर्तुः क्यङ् सलोपश्च,no
3.1.12,3,1,12,BfSAdiByo BuvyacverlopaSca halaH,bhṛśādibhyo bhuvyacverlopaśca halaḥ,भृशादिभ्यो भुव्यच्वेर्लोपश्च हलः,no
3.1.13,3,1,13,lohitAdiqAjByaH kyaz,lohitādiḍājbhyaḥ kyaṣ,लोहितादिडाज्भ्यः क्यष्,no
3.1.14,3,1,14,kazwAya kramaRe,kaṣṭāya kramaṇe,कष्टाय क्रमणे,no
3.1.15,3,1,15,karmaRo romanTatapoByAM varticaroH,karmaṇo romanthatapobhyāṃ varticaroḥ,कर्मणो रोमन्थतपोभ्यां वर्तिचरोः,no
3.1.16,3,1,16,bAzpozmaByAmudvamane,bāṣpoṣmabhyāmudvamane,बाष्पोष्मभ्यामुद्वमने,no
3.1.17,3,1,17,SabdavErakalahABrakaRvameGeByaH karaRe,śabdavairakalahābhrakaṇvameghebhyaḥ karaṇe,शब्दवैरकलहाभ्रकण्वमेघेभ्यः करणे,no
3.1.18,3,1,18,suKAdiByaH kartfvedanAyAm,sukhādibhyaḥ kartṛvedanāyām,सुखादिभ्यः कर्तृवेदनायाम्,no
3.1.19,3,1,19,namovarivaScitraNaH kyac,namovarivaścitraṅaḥ kyac,नमोवरिवश्चित्रङः क्यच्,no
3.1.20,3,1,20,pucCaBARqacIvarARRiN,pucchabhāṇḍacīvarāṇṇiṅ,पुच्छभाण्डचीवराण्णिङ्,no
3.1.21,3,1,21,muRqamiSraSlakzRalavaRavratavastrahalakalakftatUsteByo Ric,muṇḍamiśraślakṣṇalavaṇavratavastrahalakalakṛtatūstebhyo ṇic,मुण्डमिश्रश्लक्ष्णलवणव्रतवस्त्रहलकलकृततूस्तेभ्यो णिच्,no
3.1.22,3,1,22,DAtorekAco halAdeH kriyAsamaBihAre yaN,dhātorekāco halādeḥ kriyāsamabhihāre yaṅ,धातोरेकाचो हलादेः क्रियासमभिहारे यङ्,no
3.1.23,3,1,23,nityaM kOwilye gatO,nityaṃ kauṭilye gatau,नित्यं कौटिल्ये गतौ,no
3.1.24,3,1,24,lupasadacarajapajaBadahadaSagFByo BAvagarhAyAm,lupasadacarajapajabhadahadaśagṝbhyo bhāvagarhāyām,लुपसदचरजपजभदहदशगॄभ्यो भावगर्हायाम्,no
3.1.25,3,1,25,satyApapASarUpavIRAtUlaSlokasenAlomatvacavarmavarRacUrRacurAdiByo Ric,satyāpapāśarūpavīṇātūlaślokasenālomatvacavarmavarṇacūrṇacurādibhyo ṇic,सत्यापपाशरूपवीणातूलश्लोकसेनालोमत्वचवर्मवर्णचूर्णचुरादिभ्यो णिच्,no
3.1.26,3,1,26,hetumati ca,hetumati ca,हेतुमति च,no
3.1.27,3,1,27,kaRqvAdiByo yak,kaṇḍvādibhyo yak,कण्ड्वादिभ्यो यक्,no
3.1.28,3,1,28,gupUDUpavicCipaRipaniBya AyaH,gupūdhūpavicchipaṇipanibhya āyaḥ,गुपूधूपविच्छिपणिपनिभ्य आयः,no
3.1.29,3,1,29,fterIyaN,ṛterīyaṅ,ऋतेरीयङ्,no
3.1.30,3,1,30,kamerRiN,kamerṇiṅ,कमेर्णिङ्,no
3.1.31,3,1,31,AyAdaya ArDadDAtuke vA,āyādaya ārdhaddhātuke vā,आयादय आर्धद्धातुके वा,no
3.1.32,3,1,32,sanAdyantA DAtavaH,sanādyantā dhātavaḥ,सनाद्यन्ता धातवः,no
3.1.33,3,1,33,syatAsI lfluwoH,syatāsī lṛluṭoḥ,स्यतासी लृलुटोः,no
3.1.34,3,1,34,sibbahulaM lewi,sibbahulaṃ leṭi,सिब्बहुलं लेटि,no
3.1.35,3,1,35,kAspratyayAdAmamantre liwi,kāspratyayādāmamantre liṭi,कास्प्रत्ययादाममन्त्रे लिटि,no
3.1.36,3,1,36,ijAdeSca gurumato'nfcCaH,ijādeśca gurumato'nṛcchaḥ,इजादेश्च गुरुमतोऽनृच्छः,no
3.1.37,3,1,37,dayAyAsaSca,dayāyāsaśca,दयायासश्च,no
3.1.38,3,1,38,uzavidajAgfByo'nyatarasyAm,uṣavidajāgṛbhyo'nyatarasyām,उषविदजागृभ्योऽन्यतरस्याम्,no
3.1.39,3,1,39,BIhrIBfhuvAM Sluvacca,bhīhrībhṛhuvāṃ śluvacca,भीह्रीभृहुवां श्लुवच्च,no
3.1.40,3,1,40,kfY cAnuprayujyate liwi,kṛñ cānuprayujyate liṭi,कृञ् चानुप्रयुज्यते लिटि,no
3.1.41,3,1,41,vidANkurvantvityanyatarasyAm,vidāṅkurvantvityanyatarasyām,विदाङ्कुर्वन्त्वित्यन्यतरस्याम्,no
3.1.42,3,1,42,aByutsAdayAMprajanayAMcikayAMramayAmakaH pAvayAMkriyAdvidAmakranniti cCandasi,abhyutsādayāṃprajanayāṃcikayāṃramayāmakaḥ pāvayāṃkriyādvidāmakranniti cchandasi,अभ्युत्सादयांप्रजनयांचिकयांरमयामकः पावयांक्रियाद्विदामक्रन्निति च्छन्दसि,no
3.1.43,3,1,43,cli luNi,cli luṅi,च्लि लुङि,no
3.1.44,3,1,44,cleH sic,cleḥ sic,च्लेः सिच्,no
3.1.45,3,1,45,Sala igupaDAdaniwaH ksaH,śala igupadhādaniṭaḥ ksaḥ,शल इगुपधादनिटः क्सः,no
3.1.46,3,1,46,Sliza AliNgane,śliṣa āliṅgane,श्लिष आलिङ्गने,no
3.1.47,3,1,47,na dfSaH,na dṛśaḥ,न दृशः,no
3.1.48,3,1,48,RiSridrusruByaH kartari caN,ṇiśridrusrubhyaḥ kartari caṅ,णिश्रिद्रुस्रुभ्यः कर्तरि चङ्,no
3.1.49,3,1,49,viBAzA DewSvyoH,vibhāṣā dheṭśvyoḥ,विभाषा धेट्श्व्योः,no
3.1.50,3,1,50,gupeSCandasi,gupeśchandasi,गुपेश्छन्दसि,no
3.1.51,3,1,51,nonayatiDvanayatyelayatyardayatiByaH,nonayatidhvanayatyelayatyardayatibhyaḥ,नोनयतिध्वनयत्येलयत्यर्दयतिभ्यः,no
3.1.52,3,1,52,asyativaktiKyAtiByo'N,asyativaktikhyātibhyo'ṅ,अस्यतिवक्तिख्यातिभ्योऽङ्,no
3.1.53,3,1,53,lipisicihvaSca,lipisicihvaśca,लिपिसिचिह्वश्च,no
3.1.54,3,1,54,AtmanepadezvanyatarasyAm,ātmanepadeṣvanyatarasyām,आत्मनेपदेष्वन्यतरस्याम्,no
3.1.55,3,1,55,puzAdidyutAdyxditaH parasmEpadezu,puṣādidyutādyḷditaḥ parasmaipadeṣu,पुषादिद्युताद्यॢदितः परस्मैपदेषु,no
3.1.56,3,1,56,sarttiSAstyartiByaSca,sarttiśāstyartibhyaśca,सर्त्तिशास्त्यर्तिभ्यश्च,no
3.1.57,3,1,57,irito vA,irito vā,इरितो वा,no
3.1.58,3,1,58,jFstamBumrucumlucugrucuglucugluYcuSviByaSca,jṝstambhumrucumlucugrucuglucugluñcuśvibhyaśca,जॄस्तम्भुम्रुचुम्लुचुग्रुचुग्लुचुग्लुञ्चुश्विभ्यश्च,no
3.1.59,3,1,59,kfmfdfruhiByaSCandasi,kṛmṛdṛruhibhyaśchandasi,कृमृदृरुहिभ्यश्छन्दसि,no
3.1.60,3,1,60,ciR te padaH,ciṇ te padaḥ,चिण् ते पदः,no
3.1.61,3,1,61,dIpajanabuDapUritAyipyAyiByo'nyatarasyAm,dīpajanabudhapūritāyipyāyibhyo'nyatarasyām,दीपजनबुधपूरितायिप्यायिभ्योऽन्यतरस्याम्,no
3.1.62,3,1,62,acaH karmakartari,acaḥ karmakartari,अचः कर्मकर्तरि,no
3.1.63,3,1,63,duhaSca,duhaśca,दुहश्च,no
3.1.64,3,1,64,na ruDaH,na rudhaḥ,न रुधः,no
3.1.65,3,1,65,tapo'nutApe ca,tapo'nutāpe ca,तपोऽनुतापे च,no
3.1.66,3,1,66,ciR BAvakarmaRoH,ciṇ bhāvakarmaṇoḥ,चिण् भावकर्मणोः,no
3.1.67,3,1,67,sArvaDAtuke yak,sārvadhātuke yak,सार्वधातुके यक्,no
3.1.68,3,1,68,kartari Sap,kartari śap,कर्तरि शप्,no
3.1.69,3,1,69,divAdiByaH Syan,divādibhyaḥ śyan,दिवादिभ्यः श्यन्,no
3.1.70,3,1,70,vA BrASaBlASaBramukramuklamutrasitruwilazaH,vā bhrāśabhlāśabhramukramuklamutrasitruṭilaṣaḥ,वा भ्राशभ्लाशभ्रमुक्रमुक्लमुत्रसित्रुटिलषः,no
3.1.71,3,1,71,yaso'nupasargAt,yaso'nupasargāt,यसोऽनुपसर्गात्,no
3.1.72,3,1,72,saMyasaSca,saṃyasaśca,संयसश्च,no
3.1.73,3,1,73,svAdiByaH SnuH,svādibhyaḥ śnuḥ,स्वादिभ्यः श्नुः,no
3.1.74,3,1,74,SruvaH Sf ca,śruvaḥ śṛ ca,श्रुवः शृ च,no
3.1.75,3,1,75,akzo'nyatarasyAm,akṣo'nyatarasyām,अक्षोऽन्यतरस्याम्,no
3.1.76,3,1,76,tanUkaraRe takzaH,tanūkaraṇe takṣaḥ,तनूकरणे तक्षः,no
3.1.77,3,1,77,tudAdiByaH SaH,tudādibhyaḥ śaḥ,तुदादिभ्यः शः,no
3.1.78,3,1,78,ruDAdiByaH Snam,rudhādibhyaḥ śnam,रुधादिभ्यः श्नम्,no
3.1.79,3,1,79,tanAdikfYBya uH,tanādikṛñbhya uḥ,तनादिकृञ्भ्य उः,no
3.1.80,3,1,80,DinvikfRvyora ca,dhinvikṛṇvyora ca,धिन्विकृण्व्योर च,no
3.1.81,3,1,81,kryAdiByaH SnA,kryādibhyaḥ śnā,क्र्यादिभ्यः श्ना,no
3.1.82,3,1,82,stanBustunBuskanBuskunBuskuYByaH SnuSca,stanbhustunbhuskanbhuskunbhuskuñbhyaḥ śnuśca,स्तन्भुस्तुन्भुस्कन्भुस्कुन्भुस्कुञ्भ्यः श्नुश्च,no
3.1.83,3,1,83,halaH SnaH SAnajJO,halaḥ śnaḥ śānajjhau,हलः श्नः शानज्झौ,no
3.1.84,3,1,84,Candasi SAyajapi,chandasi śāyajapi,छन्दसि शायजपि,no
3.1.85,3,1,85,vyatyayo bahulam,vyatyayo bahulam,व्यत्ययो बहुलम्,no
3.1.86,3,1,86,liNyASizyaN,liṅyāśiṣyaṅ,लिङ्याशिष्यङ्,no
3.1.87,3,1,87,karmavat karmaRA tulyakriyaH,karmavat karmaṇā tulyakriyaḥ,कर्मवत् कर्मणा तुल्यक्रियः,no
3.1.88,3,1,88,tapastapaHkarmakasyEva,tapastapaḥkarmakasyaiva,तपस्तपःकर्मकस्यैव,no
3.1.89,3,1,89,na duhasnunamAM yakciRO,na duhasnunamāṃ yakciṇau,न दुहस्नुनमां यक्चिणौ,no
3.1.90,3,1,90,kuzirajoH prAcAM Syan parasmEpadaM ca,kuṣirajoḥ prācāṃ śyan parasmaipadaṃ ca,कुषिरजोः प्राचां श्यन् परस्मैपदं च,no
3.1.91,3,1,91,DAtoH,dhātoḥ,धातोः,no
3.1.92,3,1,92,tatropapadaM saptamIsTam,tatropapadaṃ saptamīstham,तत्रोपपदं सप्तमीस्थम्,no
3.1.93,3,1,93,kfdatiN,kṛdatiṅ,कृदतिङ्,no
3.1.94,3,1,94,vA'sarUpo'striyAm,vā'sarūpo'striyām,वाऽसरूपोऽस्त्रियाम्,no
3.1.95,3,1,95,kftyAH,kṛtyāḥ,कृत्याः,no
3.1.96,3,1,96,tavyattavyAnIyaraH,tavyattavyānīyaraḥ,तव्यत्तव्यानीयरः,no
3.1.97,3,1,97,aco yat,aco yat,अचो यत्,no
3.1.98,3,1,98,poradupaDAt,poradupadhāt,पोरदुपधात्,no
3.1.99,3,1,99,SakisahoSca,śakisahośca,शकिसहोश्च,no
3.1.100,3,1,100,gadamadacarayamaScAnupasarge,gadamadacarayamaścānupasarge,गदमदचरयमश्चानुपसर्गे,no
3.1.101,3,1,101,avadyapaRyavaryA garhyapaRitavyAniroDezu,avadyapaṇyavaryā garhyapaṇitavyānirodheṣu,अवद्यपण्यवर्या गर्ह्यपणितव्यानिरोधेषु,no
3.1.102,3,1,102,vahyaM karaRam,vahyaṃ karaṇam,वह्यं करणम्,no
3.1.103,3,1,103,aryaH svAmivESyayoH,aryaḥ svāmivaiśyayoḥ,अर्यः स्वामिवैश्ययोः,no
3.1.104,3,1,104,upasaryA kAlyA prajane,upasaryā kālyā prajane,उपसर्या काल्या प्रजने,no
3.1.105,3,1,105,ajaryaM saMgatam,ajaryaṃ saṃgatam,अजर्यं संगतम्,no
3.1.106,3,1,106,vadaH supi kyap ca,vadaḥ supi kyap ca,वदः सुपि क्यप् च,no
3.1.107,3,1,107,Buvo BAve,bhuvo bhāve,भुवो भावे,no
3.1.108,3,1,108,hanasta ca,hanasta ca,हनस्त च,no
3.1.109,3,1,109,etistuSAsvfdfjuzaH kyap,etistuśāsvṛdṛjuṣaḥ kyap,एतिस्तुशास्वृदृजुषः क्यप्,no
3.1.110,3,1,110,fdupaDAccAkxpicfteH,ṛdupadhāccākḷpicṛteḥ,ऋदुपधाच्चाकॢपिचृतेः,no
3.1.111,3,1,111,I ca KanaH,ī ca khanaḥ,ई च खनः,no
3.1.112,3,1,112,BfYo'saMjYAyAm,bhṛño'saṃjñāyām,भृञोऽसंज्ञायाम्,no
3.1.113,3,1,113,mfjerviBAzA,mṛjervibhāṣā,मृजेर्विभाषा,no
3.1.114,3,1,114,rAjasUyasUryamfzodyarucyakupyakfzwapacyAvyaTyAH,rājasūyasūryamṛṣodyarucyakupyakṛṣṭapacyāvyathyāḥ,राजसूयसूर्यमृषोद्यरुच्यकुप्यकृष्टपच्याव्यथ्याः,no
3.1.115,3,1,115,BidyodDyO nade,bhidyoddhyau nade,भिद्योद्ध्यौ नदे,no
3.1.116,3,1,116,puzyasidDyO nakzatre,puṣyasiddhyau nakṣatre,पुष्यसिद्ध्यौ नक्षत्रे,no
3.1.117,3,1,117,vipUyavinIyajityA muYjakalkahalizu,vipūyavinīyajityā muñjakalkahaliṣu,विपूयविनीयजित्या मुञ्जकल्कहलिषु,no
3.1.118,3,1,118,pratyapiByAM graheSCandasi,pratyapibhyāṃ graheśchandasi,प्रत्यपिभ्यां ग्रहेश्छन्दसि,no
3.1.119,3,1,119,padAsvEribAhyApakzyezu ca,padāsvairibāhyāpakṣyeṣu ca,पदास्वैरिबाह्यापक्ष्येषु च,no
3.1.120,3,1,120,viBAzA kfvfzoH,vibhāṣā kṛvṛṣoḥ,विभाषा कृवृषोः,no
3.1.121,3,1,121,yugyaM ca patre,yugyaṃ ca patre,युग्यं च पत्रे,no
3.1.122,3,1,122,amAvasyadanyatarasyAm,amāvasyadanyatarasyām,अमावस्यदन्यतरस्याम्,no
3.1.123,3,1,123,Candasi nizwarkyadevahUyapraRIyonnIyocCizyamaryastaryADvaryaKanyaKAnyadevayajyApfcCyapratizIvyabrahmavAdyaBAvyastAvyopacAyyapfqAni,chandasi niṣṭarkyadevahūyapraṇīyonnīyocchiṣyamaryastaryādhvaryakhanyakhānyadevayajyāpṛcchyapratiṣīvyabrahmavādyabhāvyastāvyopacāyyapṛḍāni,छन्दसि निष्टर्क्यदेवहूयप्रणीयोन्नीयोच्छिष्यमर्यस्तर्याध्वर्यखन्यखान्यदेवयज्यापृच्छ्यप्रतिषीव्यब्रह्मवाद्यभाव्यस्ताव्योपचाय्यपृडानि,no
3.1.124,3,1,124,fhalorRyat,ṛhalorṇyat,ऋहलोर्ण्यत्,no
3.1.125,3,1,125,orAvaSyake,orāvaśyake,ओरावश्यके,no
3.1.126,3,1,126,AsuyuvapirapilapitrapicamaSca,āsuyuvapirapilapitrapicamaśca,आसुयुवपिरपिलपित्रपिचमश्च,no
3.1.127,3,1,127,AnAyyo'nitye,ānāyyo'nitye,आनाय्योऽनित्ये,no
3.1.128,3,1,128,praRAyyo'saMmatO,praṇāyyo'saṃmatau,प्रणाय्योऽसंमतौ,no
3.1.129,3,1,129,pAyyasAnnAyyanikAyyaDAyyA mAnahavirnivAsasAmiDenIzu,pāyyasānnāyyanikāyyadhāyyā mānahavirnivāsasāmidhenīṣu,पाय्यसान्नाय्यनिकाय्यधाय्या मानहविर्निवाससामिधेनीषु,no
3.1.130,3,1,130,kratO kuRqapAyyasaMcAyyO,kratau kuṇḍapāyyasaṃcāyyau,क्रतौ कुण्डपाय्यसंचाय्यौ,no
3.1.131,3,1,131,agnO paricAyyopacAyyasamUhyAH,agnau paricāyyopacāyyasamūhyāḥ,अग्नौ परिचाय्योपचाय्यसमूह्याः,no
3.1.132,3,1,132,cityAgnicitye ca,cityāgnicitye ca,चित्याग्निचित्ये च,no
3.1.133,3,1,133,RvultfcO,ṇvultṛcau,ण्वुल्तृचौ,no
3.1.134,3,1,134,nandigrahipacAdiByo lyuRinyacaH,nandigrahipacādibhyo lyuṇinyacaḥ,नन्दिग्रहिपचादिभ्यो ल्युणिन्यचः,no
3.1.135,3,1,135,igupaDajYAprIkiraH kaH,igupadhajñāprīkiraḥ kaḥ,इगुपधज्ञाप्रीकिरः कः,no
3.1.136,3,1,136,AtaScopasarge,ātaścopasarge,आतश्चोपसर्गे,no
3.1.137,3,1,137,pAGrADmADewdfSaH SaH,pāghrādhmādheṭdṛśaḥ śaḥ,पाघ्राध्माधेट्दृशः शः,no
3.1.138,3,1,138,anupasargAllimpavindaDAripArivedyudejicetisAtisAhiByaSca,anupasargāllimpavindadhāripārivedyudejicetisātisāhibhyaśca,अनुपसर्गाल्लिम्पविन्दधारिपारिवेद्युदेजिचेतिसातिसाहिभ्यश्च,no
3.1.139,3,1,139,dadAtidaDAtyorviBAzA,dadātidadhātyorvibhāṣā,ददातिदधात्योर्विभाषा,no
3.1.140,3,1,140,jvalitikasanteByo RaH,jvalitikasantebhyo ṇaḥ,ज्वलितिकसन्तेभ्यो णः,no
3.1.141,3,1,141,SyAdvyaDAsrusaMsrvatIRavasA'vahflihaSlizaSvasaSca,śyādvyadhāsrusaṃsrvatīṇavasā'vahṛlihaśliṣaśvasaśca,श्याद्व्यधास्रुसंस्र्वतीणवसाऽवहृलिहश्लिषश्वसश्च,no
3.1.142,3,1,142,dunyoranupasarge,dunyoranupasarge,दुन्योरनुपसर्गे,no
3.1.143,3,1,143,viBAzA grahaH,vibhāṣā grahaḥ,विभाषा ग्रहः,no
3.1.144,3,1,144,gehe kaH,gehe kaḥ,गेहे कः,no
3.1.145,3,1,145,Silpini zvun,śilpini ṣvun,शिल्पिनि ष्वुन्,no
3.1.146,3,1,146,gasTakan,gasthakan,गस्थकन्,no
3.1.147,3,1,147,Ryuw ca,ṇyuṭ ca,ण्युट् च,no
3.1.148,3,1,148,haSca vrIhikAlayoH,haśca vrīhikālayoḥ,हश्च व्रीहिकालयोः,no
3.1.149,3,1,149,prusflvaH samaBihAre vun,prusṛlvaḥ samabhihāre vun,प्रुसृल्वः समभिहारे वुन्,no
3.1.150,3,1,150,ASizi ca,āśiṣi ca,आशिषि च,no
3.2.1,3,2,1,karmaRyaR,karmaṇyaṇ,कर्मण्यण्,no
3.2.2,3,2,2,hvAvAmaSca,hvāvāmaśca,ह्वावामश्च,no
3.2.3,3,2,3,Ato'nupasarge kaH,āto'nupasarge kaḥ,आतोऽनुपसर्गे कः,no
3.2.4,3,2,4,supi sTaH,supi sthaḥ,सुपि स्थः,no
3.2.5,3,2,5,tundaSokayoH parimfjApanudoH,tundaśokayoḥ parimṛjāpanudoḥ,तुन्दशोकयोः परिमृजापनुदोः,no
3.2.6,3,2,6,pre dAjYaH,pre dājñaḥ,प्रे दाज्ञः,no
3.2.7,3,2,7,sami KyaH,sami khyaḥ,समि ख्यः,no
3.2.8,3,2,8,gApozwak,gāpoṣṭak,गापोष्टक्,no
3.2.9,3,2,9,harateranudyamane'c,harateranudyamane'c,हरतेरनुद्यमनेऽच्,no
3.2.10,3,2,10,vayasi ca,vayasi ca,वयसि च,no
3.2.11,3,2,11,ANi tAcCIlye,āṅi tācchīlye,आङि ताच्छील्ये,no
3.2.12,3,2,12,arhaH,arhaḥ,अर्हः,no
3.2.13,3,2,13,stambakarRayo ramijapoH,stambakarṇayo ramijapoḥ,स्तम्बकर्णयो रमिजपोः,no
3.2.14,3,2,14,Sami DAtoH saMjYAyAm,śami dhātoḥ saṃjñāyām,शमि धातोः संज्ञायाम्,no
3.2.15,3,2,15,aDikaraRe SeteH,adhikaraṇe śeteḥ,अधिकरणे शेतेः,no
3.2.16,3,2,16,carezwaH,careṣṭaḥ,चरेष्टः,no
3.2.17,3,2,17,BikzAsenAdAyezu ca,bhikṣāsenādāyeṣu ca,भिक्षासेनादायेषु च,no
3.2.18,3,2,18,puro'grato'grezu sarteH,puro'grato'greṣu sarteḥ,पुरोऽग्रतोऽग्रेषु सर्तेः,no
3.2.19,3,2,19,pUrve kartari,pūrve kartari,पूर्वे कर्तरि,no
3.2.20,3,2,20,kfYo hetutAcCIlyAnulomyezu,kṛño hetutācchīlyānulomyeṣu,कृञो हेतुताच्छील्यानुलोम्येषु,no
3.2.21,3,2,21,divAviBAniSApraBABAskArAntAnantAdibahunAndIkimlipilibibaliBaktikartfcitrakzetrasaMKyAjaNGAbAhvaharyattatDanuraruzzu,divāvibhāniśāprabhābhāskārāntānantādibahunāndīkimlipilibibalibhaktikartṛcitrakṣetrasaṃkhyājaṅghābāhvaharyattatdhanuraruṣṣu,दिवाविभानिशाप्रभाभास्कारान्तानन्तादिबहुनान्दीकिम्लिपिलिबिबलिभक्तिकर्तृचित्रक्षेत्रसंख्याजङ्घाबाह्वहर्यत्तत्धनुररुष्षु,no
3.2.22,3,2,22,karmaRi BftO,karmaṇi bhṛtau,कर्मणि भृतौ,no
3.2.23,3,2,23,na SabdaSlokakalahagATAvEracAwusUtramantrapadezu,na śabdaślokakalahagāthāvairacāṭusūtramantrapadeṣu,न शब्दश्लोककलहगाथावैरचाटुसूत्रमन्त्रपदेषु,no
3.2.24,3,2,24,stambaSakftorin,stambaśakṛtorin,स्तम्बशकृतोरिन्,no
3.2.25,3,2,25,haraterdftinATayoH paSO,haraterdṛtināthayoḥ paśau,हरतेर्दृतिनाथयोः पशौ,no
3.2.26,3,2,26,PalegrahirAtmamBariSca,phalegrahirātmambhariśca,फलेग्रहिरात्मम्भरिश्च,no
3.2.27,3,2,27,Candasi vanasanarakzimaTAm,chandasi vanasanarakṣimathām,छन्दसि वनसनरक्षिमथाम्,no
3.2.28,3,2,28,ejeH KaS,ejeḥ khaś,एजेः खश्,no
3.2.29,3,2,29,nAsikAstanayorDmADewoH,nāsikāstanayordhmādheṭoḥ,नासिकास्तनयोर्ध्माधेटोः,no
3.2.30,3,2,30,nAqImuzwyoSca,nāḍīmuṣṭyośca,नाडीमुष्ट्योश्च,no
3.2.31,3,2,31,udi kUle rujivahoH,udi kūle rujivahoḥ,उदि कूले रुजिवहोः,no
3.2.32,3,2,32,vahABre lihaH,vahābhre lihaḥ,वहाभ्रे लिहः,no
3.2.33,3,2,33,parimARe pacaH,parimāṇe pacaḥ,परिमाणे पचः,no
3.2.34,3,2,34,mitanaKe ca,mitanakhe ca,मितनखे च,no
3.2.35,3,2,35,viDvaruzostudaH,vidhvaruṣostudaḥ,विध्वरुषोस्तुदः,no
3.2.36,3,2,36,asUryalalAwayordfSitapoH,asūryalalāṭayordṛśitapoḥ,असूर्यललाटयोर्दृशितपोः,no
3.2.37,3,2,37,ugrampaSyerammadapARinDamASca,ugrampaśyerammadapāṇindhamāśca,उग्रम्पश्येरम्मदपाणिन्धमाश्च,no
3.2.38,3,2,38,priyavaSe vadaH Kac,priyavaśe vadaḥ khac,प्रियवशे वदः खच्,no
3.2.39,3,2,39,dvizatparayostApeH,dviṣatparayostāpeḥ,द्विषत्परयोस्तापेः,no
3.2.40,3,2,40,vAci yamo vrate,vāci yamo vrate,वाचि यमो व्रते,no
3.2.41,3,2,41,pUHsarvayordArisahoH,pūḥsarvayordārisahoḥ,पूःसर्वयोर्दारिसहोः,no
3.2.42,3,2,42,sarvakUlABrakarIzezu kazaH,sarvakūlābhrakarīṣeṣu kaṣaḥ,सर्वकूलाभ्रकरीषेषु कषः,no
3.2.43,3,2,43,meGartiBayezu kfYaH,meghartibhayeṣu kṛñaḥ,मेघर्तिभयेषु कृञः,no
3.2.44,3,2,44,kzemapriyamadre'R ca,kṣemapriyamadre'ṇ ca,क्षेमप्रियमद्रेऽण् च,no
3.2.45,3,2,45,ASite BuvaH karaRaBAvayoH,āśite bhuvaḥ karaṇabhāvayoḥ,आशिते भुवः करणभावयोः,no
3.2.46,3,2,46,saMjYAyAM BftFvfjiDArisahitapidamaH,saṃjñāyāṃ bhṛtṝvṛjidhārisahitapidamaḥ,संज्ञायां भृतॄवृजिधारिसहितपिदमः,no
3.2.47,3,2,47,gamaSca,gamaśca,गमश्च,no
3.2.48,3,2,48,antAtyantADvadUrapArasarvAnantezu qaH,antātyantādhvadūrapārasarvānanteṣu ḍaḥ,अन्तात्यन्ताध्वदूरपारसर्वानन्तेषु डः,no
3.2.49,3,2,49,ASizi hanaH,āśiṣi hanaḥ,आशिषि हनः,no
3.2.50,3,2,50,ape kleSatamasoH,ape kleśatamasoḥ,अपे क्लेशतमसोः,no
3.2.51,3,2,51,kumAraSIrzayorRiniH,kumāraśīrṣayorṇiniḥ,कुमारशीर्षयोर्णिनिः,no
3.2.52,3,2,52,lakzaRe jAyApatyozwak,lakṣaṇe jāyāpatyoṣṭak,लक्षणे जायापत्योष्टक्,no
3.2.53,3,2,53,amanuzyakartfke ca,amanuṣyakartṛke ca,अमनुष्यकर्तृके च,no
3.2.54,3,2,54,SaktO hastikapAwayoH,śaktau hastikapāṭayoḥ,शक्तौ हस्तिकपाटयोः,no
3.2.55,3,2,55,pARiGatAqaGO Silpini,pāṇighatāḍaghau śilpini,पाणिघताडघौ शिल्पिनि,no
3.2.56,3,2,56,AQyasuBagasTUlapalitanagnAnDapriyezu cvyarTezvacvO kfYaH karaRe Kyun,āḍhyasubhagasthūlapalitanagnāndhapriyeṣu cvyartheṣvacvau kṛñaḥ karaṇe khyun,आढ्यसुभगस्थूलपलितनग्नान्धप्रियेषु च्व्यर्थेष्वच्वौ कृञः करणे ख्युन्,no
3.2.57,3,2,57,kartari BuvaH KizRucKukaYO,kartari bhuvaḥ khiṣṇuckhukañau,कर्तरि भुवः खिष्णुच्खुकञौ,no
3.2.58,3,2,58,spfSo'nudake kvin,spṛśo'nudake kvin,स्पृशोऽनुदके क्विन्,no
3.2.59,3,2,59,ftvigdaDfksragdiguzRigaYcuyujikruYcAM ca,ṛtvigdadhṛksragdiguṣṇigañcuyujikruñcāṃ ca,ऋत्विग्दधृक्स्रग्दिगुष्णिगञ्चुयुजिक्रुञ्चां च,no
3.2.60,3,2,60,tyadAdizu dfSo'nAlocane kaY ca,tyadādiṣu dṛśo'nālocane kañ ca,त्यदादिषु दृशोऽनालोचने कञ् च,no
3.2.61,3,2,61,satsUdvizadruhaduhayujavidaBidacCidajinIrAjAmupasarge'pi kvip,satsūdviṣadruhaduhayujavidabhidacchidajinīrājāmupasarge'pi kvip,सत्सूद्विषद्रुहदुहयुजविदभिदच्छिदजिनीराजामुपसर्गेऽपि क्विप्,no
3.2.62,3,2,62,Bajo RviH,bhajo ṇviḥ,भजो ण्विः,no
3.2.63,3,2,63,Candasi sahaH,chandasi sahaḥ,छन्दसि सहः,no
3.2.64,3,2,64,vahaSca,vahaśca,वहश्च,no
3.2.65,3,2,65,kavyapurIzapurIzyezu Yyuw,kavyapurīṣapurīṣyeṣu ñyuṭ,कव्यपुरीषपुरीष्येषु ञ्युट्,no
3.2.66,3,2,66,havye'nantaH pAdam,havye'nantaḥ pādam,हव्येऽनन्तः पादम्,no
3.2.67,3,2,67,janasanaKanakramagamo viw,janasanakhanakramagamo viṭ,जनसनखनक्रमगमो विट्,no
3.2.68,3,2,68,ado'nanne,ado'nanne,अदोऽनन्ने,no
3.2.69,3,2,69,kravye ca,kravye ca,क्रव्ये च,no
3.2.70,3,2,70,duhaH kab GaSca,duhaḥ kab ghaśca,दुहः कब् घश्च,no
3.2.71,3,2,71,mantre SvetavahokTaSaspuroqASo Rvin,mantre śvetavahokthaśaspuroḍāśo ṇvin,मन्त्रे श्वेतवहोक्थशस्पुरोडाशो ण्विन्,no
3.2.72,3,2,72,ave yajaH,ave yajaḥ,अवे यजः,no
3.2.73,3,2,73,vijupe Candasi,vijupe chandasi,विजुपे छन्दसि,no
3.2.74,3,2,74,Ato maninkvanibvanipaSca,āto maninkvanibvanipaśca,आतो मनिन्क्वनिब्वनिपश्च,no
3.2.75,3,2,75,anyeByo'pi dfSyante,anyebhyo'pi dṛśyante,अन्येभ्योऽपि दृश्यन्ते,no
3.2.76,3,2,76,kvip ca,kvip ca,क्विप् च,no
3.2.77,3,2,77,sTaH ka ca,sthaḥ ka ca,स्थः क च,no
3.2.78,3,2,78,supyajAtO RinistAcCIlye,supyajātau ṇinistācchīlye,सुप्यजातौ णिनिस्ताच्छील्ये,no
3.2.79,3,2,79,kartaryupamAne,kartaryupamāne,कर्तर्युपमाने,no
3.2.80,3,2,80,vrate,vrate,व्रते,no
3.2.81,3,2,81,bahulamABIkzRye,bahulamābhīkṣṇye,बहुलमाभीक्ष्ण्ये,no
3.2.82,3,2,82,manaH,manaḥ,मनः,no
3.2.83,3,2,83,AtmamAne KaSca,ātmamāne khaśca,आत्ममाने खश्च,no
3.2.84,3,2,84,BUte,bhūte,भूते,no
3.2.85,3,2,85,karaRe yajaH,karaṇe yajaḥ,करणे यजः,no
3.2.86,3,2,86,karmaRi hanaH,karmaṇi hanaḥ,कर्मणि हनः,no
3.2.87,3,2,87,brahmaBrURavftrezu kvip,brahmabhrūṇavṛtreṣu kvip,ब्रह्मभ्रूणवृत्रेषु क्विप्,no
3.2.88,3,2,88,bahulaM Candasi,bahulaṃ chandasi,बहुलं छन्दसि,no
3.2.89,3,2,89,sukarmapApamantrapuRyezu kfYaH,sukarmapāpamantrapuṇyeṣu kṛñaḥ,सुकर्मपापमन्त्रपुण्येषु कृञः,no
3.2.90,3,2,90,some suYaH,some suñaḥ,सोमे सुञः,no
3.2.91,3,2,91,agnO ceH,agnau ceḥ,अग्नौ चेः,no
3.2.92,3,2,92,karmaRyagnyAKyAyAm,karmaṇyagnyākhyāyām,कर्मण्यग्न्याख्यायाम्,no
3.2.93,3,2,93,karmaRInivikriyaH,karmaṇīnivikriyaḥ,कर्मणीनिविक्रियः,yes
3.2.94,3,2,94,dfSeH kvanip,dṛśeḥ kvanip,दृशेः क्वनिप्,no
3.2.95,3,2,95,rAjani yuDikfYaH,rājani yudhikṛñaḥ,राजनि युधिकृञः,no
3.2.96,3,2,96,sahe ca,sahe ca,सहे च,no
3.2.97,3,2,97,saptamyAM janerqaH,saptamyāṃ janerḍaḥ,सप्तम्यां जनेर्डः,no
3.2.98,3,2,98,paYcamyAmajAtO,pañcamyāmajātau,पञ्चम्यामजातौ,no
3.2.99,3,2,99,upasarge ca saMjYAyAm,upasarge ca saṃjñāyām,उपसर्गे च संज्ञायाम्,no
3.2.100,3,2,100,anO karmaRi,anau karmaṇi,अनौ कर्मणि,no
3.2.101,3,2,101,anyezvapi dfSyate,anyeṣvapi dṛśyate,अन्येष्वपि दृश्यते,no
3.2.102,3,2,102,nizWA,niṣṭhā,निष्ठा,no
3.2.103,3,2,103,suyajorNvanip,suyajorṅvanip,सुयजोर्ङ्वनिप्,no
3.2.104,3,2,104,jIryateratfn,jīryateratṛn,जीर्यतेरतृन्,no
3.2.105,3,2,105,Candasi liw,chandasi liṭ,छन्दसि लिट्,no
3.2.106,3,2,106,liwaH kAnajvA,liṭaḥ kānajvā,लिटः कानज्वा,no
3.2.107,3,2,107,kvasuSca,kvasuśca,क्वसुश्च,no
3.2.108,3,2,108,BAzAyAM sadavasaSruvaH,bhāṣāyāṃ sadavasaśruvaḥ,भाषायां सदवसश्रुवः,no
3.2.109,3,2,109,upeyivAnanASvAnanUcAnaSca,upeyivānanāśvānanūcānaśca,उपेयिवाननाश्वाननूचानश्च,no
3.2.110,3,2,110,luN,luṅ,लुङ्,no
3.2.111,3,2,111,anadyatane laN,anadyatane laṅ,अनद्यतने लङ्,no
3.2.112,3,2,112,aBijYAvacane lfw,abhijñāvacane lṛṭ,अभिज्ञावचने लृट्,no
3.2.113,3,2,113,na yadi,na yadi,न यदि,no
3.2.114,3,2,114,viBAzA sAkANkze,vibhāṣā sākāṅkṣe,विभाषा साकाङ्क्षे,no
3.2.115,3,2,115,parokze liw,parokṣe liṭ,परोक्षे लिट्,no
3.2.116,3,2,116,haSaSvatorlaN ca,haśaśvatorlaṅ ca,हशश्वतोर्लङ् च,no
3.2.117,3,2,117,praSne cAsannakAle,praśne cāsannakāle,प्रश्ने चासन्नकाले,no
3.2.118,3,2,118,law sme,laṭ sme,लट् स्मे,no
3.2.119,3,2,119,aparokze ca,aparokṣe ca,अपरोक्षे च,no
3.2.120,3,2,120,nanO pfzwaprativacane,nanau pṛṣṭaprativacane,ननौ पृष्टप्रतिवचने,no
3.2.121,3,2,121,nanvorviBAzA,nanvorvibhāṣā,नन्वोर्विभाषा,no
3.2.122,3,2,122,puri luN cAsme,puri luṅ cāsme,पुरि लुङ् चास्मे,no
3.2.123,3,2,123,vartamAne law,vartamāne laṭ,वर्तमाने लट्,no
3.2.124,3,2,124,lawaH SatfSAnacAvapraTamAsamAnADikaraRe,laṭaḥ śatṛśānacāvaprathamāsamānādhikaraṇe,लटः शतृशानचावप्रथमासमानाधिकरणे,no
3.2.125,3,2,125,samboDane ca,sambodhane ca,सम्बोधने च,no
3.2.126,3,2,126,lakzaRahetvoH kriyAyAH,lakṣaṇahetvoḥ kriyāyāḥ,लक्षणहेत्वोः क्रियायाः,no
3.2.127,3,2,127,tO sat,tau sat,तौ सत्,no
3.2.128,3,2,128,pUNyajoH SAnan,pūṅyajoḥ śānan,पूङ्यजोः शानन्,no
3.2.129,3,2,129,tAcCIlyavayovacanaSaktizu cAnaS,tācchīlyavayovacanaśaktiṣu cānaś,ताच्छील्यवयोवचनशक्तिषु चानश्,no
3.2.130,3,2,130,iNDAryoH SatrakfcCriRi,iṅdhāryoḥ śatrakṛcchriṇi,इङ्धार्योः शत्रकृच्छ्रिणि,no
3.2.131,3,2,131,dvizo'mitre,dviṣo'mitre,द्विषोऽमित्रे,no
3.2.132,3,2,132,suYo yajYasaMyoge,suño yajñasaṃyoge,सुञो यज्ञसंयोगे,no
3.2.133,3,2,133,arhaH praSaMsAyAm,arhaḥ praśaṃsāyām,अर्हः प्रशंसायाम्,no
3.2.134,3,2,134,AkvestacCIlatadDarmatatsADukArizu,ākvestacchīlataddharmatatsādhukāriṣu,आक्वेस्तच्छीलतद्धर्मतत्साधुकारिषु,no
3.2.135,3,2,135,tfn,tṛn,तृन्,no
3.2.136,3,2,136,alaMkfYnirAkfYprajanotpacotpatonmadarucyapatrapavftuvfDusahacara izRuc,alaṃkṛñnirākṛñprajanotpacotpatonmadarucyapatrapavṛtuvṛdhusahacara iṣṇuc,अलंकृञ्निराकृञ्प्रजनोत्पचोत्पतोन्मदरुच्यपत्रपवृतुवृधुसहचर इष्णुच्,no
3.2.137,3,2,137,ReSCandasi,ṇeśchandasi,णेश्छन्दसि,no
3.2.138,3,2,138,BuvaSca,bhuvaśca,भुवश्च,yes
3.2.139,3,2,139,glAjisTaSca ksnuH,glājisthaśca ksnuḥ,ग्लाजिस्थश्च क्स्नुः,no
3.2.140,3,2,140,trasigfDiDfzikzipeH knuH,trasigṛdhidhṛṣikṣipeḥ knuḥ,त्रसिगृधिधृषिक्षिपेः क्नुः,no
3.2.141,3,2,141,SamityazwAByo GinuR,śamityaṣṭābhyo ghinuṇ,शमित्यष्टाभ्यो घिनुण्,no
3.2.142,3,2,142,saMpfcAnuruDANyamANyasaparisfsaMsfjaparidevisaMjvaraparikzipaparirawaparivadaparidahaparimuhaduzadvizadruhaduhayujAkrIqavivicatyajarajaBajAticarApacarAmuzAByAhanaSca,saṃpṛcānurudhāṅyamāṅyasaparisṛsaṃsṛjaparidevisaṃjvaraparikṣipapariraṭaparivadaparidahaparimuhaduṣadviṣadruhaduhayujākrīḍavivicatyajarajabhajāticarāpacarāmuṣābhyāhanaśca,संपृचानुरुधाङ्यमाङ्यसपरिसृसंसृजपरिदेविसंज्वरपरिक्षिपपरिरटपरिवदपरिदहपरिमुहदुषद्विषद्रुहदुहयुजाक्रीडविविचत्यजरजभजातिचरापचरामुषाभ्याहनश्च,no
3.2.143,3,2,143,vO kazalasakatTasramBaH,vau kaṣalasakatthasrambhaḥ,वौ कषलसकत्थस्रम्भः,no
3.2.144,3,2,144,ape ca lazaH,ape ca laṣaḥ,अपे च लषः,no
3.2.145,3,2,145,pre lapasfdrumaTavadavasaH,pre lapasṛdrumathavadavasaḥ,प्रे लपसृद्रुमथवदवसः,no
3.2.146,3,2,146,nindahiMsakliSaKAdavinASaparikzipaparirawaparivAdivyABAzAsUYo vuY,nindahiṃsakliśakhādavināśaparikṣipapariraṭaparivādivyābhāṣāsūño vuñ,निन्दहिंसक्लिशखादविनाशपरिक्षिपपरिरटपरिवादिव्याभाषासूञो वुञ्,no
3.2.147,3,2,147,devikruSoScopasarge,devikruśoścopasarge,देविक्रुशोश्चोपसर्गे,no
3.2.148,3,2,148,calanaSabdArTAdakarmakAdyuc,calanaśabdārthādakarmakādyuc,चलनशब्दार्थादकर्मकाद्युच्,no
3.2.149,3,2,149,anudAttetaSca halAdeH,anudāttetaśca halādeḥ,अनुदात्तेतश्च हलादेः,no
3.2.150,3,2,150,jucaNkramyadandramyasfgfDijvalaSucalazapatapadaH,jucaṅkramyadandramyasṛgṛdhijvalaśucalaṣapatapadaḥ,जुचङ्क्रम्यदन्द्रम्यसृगृधिज्वलशुचलषपतपदः,no
3.2.151,3,2,151,kruDamaRqArTeByaSca,krudhamaṇḍārthebhyaśca,क्रुधमण्डार्थेभ्यश्च,no
3.2.152,3,2,152,na yaH,na yaḥ,न यः,no
3.2.153,3,2,153,sUdadIpadIkzaSca,sūdadīpadīkṣaśca,सूददीपदीक्षश्च,no
3.2.154,3,2,154,lazapatapadasTABUvfzahanakamagamaSFBya ukaY,laṣapatapadasthābhūvṛṣahanakamagamaśṝbhya ukañ,लषपतपदस्थाभूवृषहनकमगमशॄभ्य उकञ्,no
3.2.155,3,2,155,jalpaBikzakuwwaluRwavfNaH zAkan,jalpabhikṣakuṭṭaluṇṭavṛṅaḥ ṣākan,जल्पभिक्षकुट्टलुण्टवृङः षाकन्,no
3.2.156,3,2,156,prajoriniH,prajoriniḥ,प्रजोरिनिः,no
3.2.157,3,2,157,jidfkziviSrIRvamAvyaTAByamapariBUprasUByaSca,jidṛkṣiviśrīṇvamāvyathābhyamaparibhūprasūbhyaśca,जिदृक्षिविश्रीण्वमाव्यथाभ्यमपरिभूप्रसूभ्यश्च,no
3.2.158,3,2,158,spfhigfhipatidayinidrAtandrASradDABya Aluc,spṛhigṛhipatidayinidrātandrāśraddhābhya āluc,स्पृहिगृहिपतिदयिनिद्रातन्द्राश्रद्धाभ्य आलुच्,no
3.2.159,3,2,159,dADewsiSadasado ruH,dādheṭsiśadasado ruḥ,दाधेट्सिशदसदो रुः,no
3.2.160,3,2,160,sfGasyadaH kmarac,sṛghasyadaḥ kmarac,सृघस्यदः क्मरच्,no
3.2.161,3,2,161,BaYjaBAsamido Gurac,bhañjabhāsamido ghurac,भञ्जभासमिदो घुरच्,no
3.2.162,3,2,162,vidiBidicCideH kurac,vidibhidicchideḥ kurac,विदिभिदिच्छिदेः कुरच्,no
3.2.163,3,2,163,iRnaSjisarttiByaH kvarap,iṇnaśjisarttibhyaḥ kvarap,इण्नश्जिसर्त्तिभ्यः क्वरप्,no
3.2.164,3,2,164,gatvaraSca,gatvaraśca,गत्वरश्च,no
3.2.165,3,2,165,jAgurUkaH,jāgurūkaḥ,जागुरूकः,no
3.2.166,3,2,166,yajajapadaSAM yaNaH,yajajapadaśāṃ yaṅaḥ,यजजपदशां यङः,no
3.2.167,3,2,167,namikampismyajasakamahiMsadIpo raH,namikampismyajasakamahiṃsadīpo raḥ,नमिकम्पिस्म्यजसकमहिंसदीपो रः,no
3.2.168,3,2,168,sanASaMsaBikza uH,sanāśaṃsabhikṣa uḥ,सनाशंसभिक्ष उः,no
3.2.169,3,2,169,vinduricCuH,vinduricchuḥ,विन्दुरिच्छुः,no
3.2.170,3,2,170,kyAcCandasi,kyācchandasi,क्याच्छन्दसि,no
3.2.171,3,2,171,AdfgamahanajanaH kikinO liw ca,ādṛgamahanajanaḥ kikinau liṭ ca,आदृगमहनजनः किकिनौ लिट् च,no
3.2.172,3,2,172,svapitfzornajiN,svapitṛṣornajiṅ,स्वपितृषोर्नजिङ्,no
3.2.173,3,2,173,SFvandyorAruH,śṝvandyorāruḥ,शॄवन्द्योरारुः,no
3.2.174,3,2,174,BiyaH kruklukanO,bhiyaḥ kruklukanau,भियः क्रुक्लुकनौ,no
3.2.175,3,2,175,sTeSaBAsapisakaso varac,stheśabhāsapisakaso varac,स्थेशभासपिसकसो वरच्,no
3.2.176,3,2,176,yaSca yaNaH,yaśca yaṅaḥ,यश्च यङः,no
3.2.177,3,2,177,BrAjaBAsaDurvidyutorjipFjugrAvastuvaH kvip,bhrājabhāsadhurvidyutorjipṝjugrāvastuvaḥ kvip,भ्राजभासधुर्विद्युतोर्जिपॄजुग्रावस्तुवः क्विप्,no
3.2.178,3,2,178,anyeByo'pi dfSyate,anyebhyo'pi dṛśyate,अन्येभ्योऽपि दृश्यते,no
3.2.179,3,2,179,BuvaH saMjYA'ntarayoH,bhuvaḥ saṃjñā'ntarayoḥ,भुवः संज्ञाऽन्तरयोः,no
3.2.180,3,2,180,viprasamByo qvasaMjYAyAm,viprasambhyo ḍvasaṃjñāyām,विप्रसम्भ्यो ड्वसंज्ञायाम्,no
3.2.181,3,2,181,DaH karmaRi zwran,dhaḥ karmaṇi ṣṭran,धः कर्मणि ष्ट्रन्,no
3.2.182,3,2,182,dAmnISasayuyujastutudasisicamihapatadaSanahaH karaRe,dāmnīśasayuyujastutudasisicamihapatadaśanahaḥ karaṇe,दाम्नीशसयुयुजस्तुतुदसिसिचमिहपतदशनहः करणे,no
3.2.183,3,2,183,halasUkarayoH puvaH,halasūkarayoḥ puvaḥ,हलसूकरयोः पुवः,no
3.2.184,3,2,184,artilUDUsUKanasahacara itraH,artilūdhūsūkhanasahacara itraḥ,अर्तिलूधूसूखनसहचर इत्रः,no
3.2.185,3,2,185,puvaH saMjYAyAm,puvaḥ saṃjñāyām,पुवः संज्ञायाम्,no
3.2.186,3,2,186,kartari carzidevatayoH,kartari carṣidevatayoḥ,कर्तरि चर्षिदेवतयोः,no
3.2.187,3,2,187,YItaH ktaH,ñītaḥ ktaḥ,ञीतः क्तः,no
3.2.188,3,2,188,matibudDipUjArTeByaSca,matibuddhipūjārthebhyaśca,मतिबुद्धिपूजार्थेभ्यश्च,no
3.3.1,3,3,1,uRAdayo bahulam,uṇādayo bahulam,उणादयो बहुलम्,no
3.3.2,3,3,2,BUte'pi dfSyante,bhūte'pi dṛśyante,भूतेऽपि दृश्यन्ते,no
3.3.3,3,3,3,Bavizyati gamyAdayaH,bhaviṣyati gamyādayaḥ,भविष्यति गम्यादयः,no
3.3.4,3,3,4,yAvatpurAnipAtayorlaw,yāvatpurānipātayorlaṭ,यावत्पुरानिपातयोर्लट्,no
3.3.5,3,3,5,viBAzA kadAkarhyoH,vibhāṣā kadākarhyoḥ,विभाषा कदाकर्ह्योः,no
3.3.6,3,3,6,kiMvftte lipsAyAm,kiṃvṛtte lipsāyām,किंवृत्ते लिप्सायाम्,no
3.3.7,3,3,7,lipsyamAnasidDO ca,lipsyamānasiddhau ca,लिप्स्यमानसिद्धौ च,no
3.3.8,3,3,8,loqarTalakzaRe ca,loḍarthalakṣaṇe ca,लोडर्थलक्षणे च,no
3.3.9,3,3,9,liN corDvamOhUrtike,liṅ cordhvamauhūrtike,लिङ् चोर्ध्वमौहूर्तिके,no
3.3.10,3,3,10,tumunRvulO kriyAyAM kriyArTAyAm,tumunṇvulau kriyāyāṃ kriyārthāyām,तुमुन्ण्वुलौ क्रियायां क्रियार्थायाम्,no
3.3.11,3,3,11,BAvavacanASca,bhāvavacanāśca,भाववचनाश्च,no
3.3.12,3,3,12,aR karmaRi ca,aṇ karmaṇi ca,अण् कर्मणि च,no
3.3.13,3,3,13,lfw Seze ca,lṛṭ śeṣe ca,लृट् शेषे च,no
3.3.14,3,3,14,lfwaH sad vA,lṛṭaḥ sad vā,लृटः सद् वा,no
3.3.15,3,3,15,anadyatane luw,anadyatane luṭ,अनद्यतने लुट्,no
3.3.16,3,3,16,padarujaviSaspfSo GaY,padarujaviśaspṛśo ghañ,पदरुजविशस्पृशो घञ्,no
3.3.17,3,3,17,sf sTire,sṛ sthire,सृ स्थिरे,no
3.3.18,3,3,18,BAve,bhāve,भावे,no
3.3.19,3,3,19,akartari ca kArake saMjYAyAm,akartari ca kārake saṃjñāyām,अकर्तरि च कारके संज्ञायाम्,no
3.3.20,3,3,20,parimARAKyAyAM sarveByaH,parimāṇākhyāyāṃ sarvebhyaḥ,परिमाणाख्यायां सर्वेभ्यः,no
3.3.21,3,3,21,iNaSca,iṅaśca,इङश्च,no
3.3.22,3,3,22,upasarge ruvaH,upasarge ruvaḥ,उपसर्गे रुवः,no
3.3.23,3,3,23,sami yudruduvaH,sami yudruduvaḥ,समि युद्रुदुवः,no
3.3.24,3,3,24,SriRIBuvo'nupasarge,śriṇībhuvo'nupasarge,श्रिणीभुवोऽनुपसर्गे,no
3.3.25,3,3,25,vO kzuSruvaH,vau kṣuśruvaḥ,वौ क्षुश्रुवः,no
3.3.26,3,3,26,avodorniyaH,avodorniyaḥ,अवोदोर्नियः,no
3.3.27,3,3,27,pre drustusruvaH,pre drustusruvaḥ,प्रे द्रुस्तुस्रुवः,no
3.3.28,3,3,28,niraByoH pUlvoH,nirabhyoḥ pūlvoḥ,निरभ्योः पूल्वोः,no
3.3.29,3,3,29,unnyorgraH,unnyorgraḥ,उन्न्योर्ग्रः,no
3.3.30,3,3,30,kF DAnye,kṝ dhānye,कॄ धान्ये,no
3.3.31,3,3,31,yajYe sami stuvaH,yajñe sami stuvaḥ,यज्ञे समि स्तुवः,no
3.3.32,3,3,32,pre stro'yajYe,pre stro'yajñe,प्रे स्त्रोऽयज्ञे,no
3.3.33,3,3,33,praTane vAvaSabde,prathane vāvaśabde,प्रथने वावशब्दे,no
3.3.34,3,3,34,CandonAmni ca,chandonāmni ca,छन्दोनाम्नि च,no
3.3.35,3,3,35,udi grahaH,udi grahaḥ,उदि ग्रहः,no
3.3.36,3,3,36,sami muzwO,sami muṣṭau,समि मुष्टौ,no
3.3.37,3,3,37,parinyornIRordyUtABrezayoH,parinyornīṇordyūtābhreṣayoḥ,परिन्योर्नीणोर्द्यूताभ्रेषयोः,no
3.3.38,3,3,38,parAvanupAtyaya iRaH,parāvanupātyaya iṇaḥ,परावनुपात्यय इणः,no
3.3.39,3,3,39,vyupayoH SeteH paryAye,vyupayoḥ śeteḥ paryāye,व्युपयोः शेतेः पर्याये,no
3.3.40,3,3,40,hastAdAne cerasteye,hastādāne cerasteye,हस्तादाने चेरस्तेये,no
3.3.41,3,3,41,nivAsacitiSarIropasamADAnezvAdeSca kaH,nivāsacitiśarīropasamādhāneṣvādeśca kaḥ,निवासचितिशरीरोपसमाधानेष्वादेश्च कः,no
3.3.42,3,3,42,saMGe cAnOttarADarye,saṃghe cānauttarādharye,संघे चानौत्तराधर्ये,no
3.3.43,3,3,43,karmavyatihAre Rac striyAm,karmavyatihāre ṇac striyām,कर्मव्यतिहारे णच् स्त्रियाम्,no
3.3.44,3,3,44,aBiviDO BAva inuR,abhividhau bhāva inuṇ,अभिविधौ भाव इनुण्,no
3.3.45,3,3,45,AkroSe'vanyorgrahaH,ākrośe'vanyorgrahaḥ,आक्रोशेऽवन्योर्ग्रहः,no
3.3.46,3,3,46,pre lipsAyAm,pre lipsāyām,प्रे लिप्सायाम्,no
3.3.47,3,3,47,parO yajYe,parau yajñe,परौ यज्ञे,no
3.3.48,3,3,48,nO vf DAnye,nau vṛ dhānye,नौ वृ धान्ये,no
3.3.49,3,3,49,udi SrayatiyOtipUdruvaH,udi śrayatiyautipūdruvaḥ,उदि श्रयतियौतिपूद्रुवः,no
3.3.50,3,3,50,viBAzA''Ni rupluvoH,vibhāṣā''ṅi rupluvoḥ,विभाषाऽऽङि रुप्लुवोः,no
3.3.51,3,3,51,ave graho varzapratibanDe,ave graho varṣapratibandhe,अवे ग्रहो वर्षप्रतिबन्धे,no
3.3.52,3,3,52,pre vaRijAm,pre vaṇijām,प्रे वणिजाम्,no
3.3.53,3,3,53,raSmO ca,raśmau ca,रश्मौ च,no
3.3.54,3,3,54,vfRoterAcCAdane,vṛṇoterācchādane,वृणोतेराच्छादने,no
3.3.55,3,3,55,parO Buvo'vajYAne,parau bhuvo'vajñāne,परौ भुवोऽवज्ञाने,no
3.3.56,3,3,56,erac,erac,एरच्,no
3.3.57,3,3,57,Fdorap,ṝdorap,ॠदोरप्,no
3.3.58,3,3,58,grahavfdfniScigamaSca,grahavṛdṛniścigamaśca,ग्रहवृदृनिश्चिगमश्च,no
3.3.59,3,3,59,upasarge'daH,upasarge'daḥ,उपसर्गेऽदः,no
3.3.60,3,3,60,nO Ra ca,nau ṇa ca,नौ ण च,no
3.3.61,3,3,61,vyaDajaporanupasarge,vyadhajaporanupasarge,व्यधजपोरनुपसर्गे,no
3.3.62,3,3,62,svanahasorvA,svanahasorvā,स्वनहसोर्वा,no
3.3.63,3,3,63,yamaH samupanivizu ca,yamaḥ samupaniviṣu ca,यमः समुपनिविषु च,no
3.3.64,3,3,64,nO gadanadapaWasvanaH,nau gadanadapaṭhasvanaḥ,नौ गदनदपठस्वनः,no
3.3.65,3,3,65,kvaRo vIRAyAM ca,kvaṇo vīṇāyāṃ ca,क्वणो वीणायां च,no
3.3.66,3,3,66,nityaM paRaH parimARe,nityaṃ paṇaḥ parimāṇe,नित्यं पणः परिमाणे,no
3.3.67,3,3,67,mado'nupasarge,mado'nupasarge,मदोऽनुपसर्गे,no
3.3.68,3,3,68,pramadasammadO harze,pramadasammadau harṣe,प्रमदसम्मदौ हर्षे,no
3.3.69,3,3,69,samudorajaH paSuzu,samudorajaḥ paśuṣu,समुदोरजः पशुषु,no
3.3.70,3,3,70,akzezu glahaH,akṣeṣu glahaḥ,अक्षेषु ग्लहः,no
3.3.71,3,3,71,prajane sarteH,prajane sarteḥ,प्रजने सर्तेः,no
3.3.72,3,3,72,hvaH samprasAraRaM ca nyaByupavizu,hvaḥ samprasāraṇaṃ ca nyabhyupaviṣu,ह्वः सम्प्रसारणं च न्यभ्युपविषु,no
3.3.73,3,3,73,ANi yudDe,āṅi yuddhe,आङि युद्धे,no
3.3.74,3,3,74,nipAnamAhAvaH,nipānamāhāvaḥ,निपानमाहावः,no
3.3.75,3,3,75,BAve'nupasargasya,bhāve'nupasargasya,भावेऽनुपसर्गस्य,no
3.3.76,3,3,76,hanaSca vaDaH,hanaśca vadhaḥ,हनश्च वधः,no
3.3.77,3,3,77,mUrtO GanaH,mūrtau ghanaḥ,मूर्तौ घनः,no
3.3.78,3,3,78,antarGano deSe,antarghano deśe,अन्तर्घनो देशे,no
3.3.79,3,3,79,agArEkadeSe praGaRaH praGARaSca,agāraikadeśe praghaṇaḥ praghāṇaśca,अगारैकदेशे प्रघणः प्रघाणश्च,no
3.3.80,3,3,80,udGano'tyADAnam,udghano'tyādhānam,उद्घनोऽत्याधानम्,no
3.3.81,3,3,81,apaGano'Ngam,apaghano'ṅgam,अपघनोऽङ्गम्,no
3.3.82,3,3,82,karaRe'yovidruzu,karaṇe'yovidruṣu,करणेऽयोविद्रुषु,no
3.3.83,3,3,83,stambe ka ca,stambe ka ca,स्तम्बे क च,no
3.3.84,3,3,84,parO GaH,parau ghaḥ,परौ घः,no
3.3.85,3,3,85,upaGna ASraye,upaghna āśraye,उपघ्न आश्रये,no
3.3.86,3,3,86,saMGodGO gaRapraSaMsayoH,saṃghodghau gaṇapraśaṃsayoḥ,संघोद्घौ गणप्रशंसयोः,no
3.3.87,3,3,87,niGo nimitam,nigho nimitam,निघो निमितम्,no
3.3.88,3,3,88,qvitaH ktriH,ḍvitaḥ ktriḥ,ड्वितः क्त्रिः,no
3.3.89,3,3,89,wvito'Tuc,ṭvito'thuc,ट्वितोऽथुच्,no
3.3.90,3,3,90,yajayAcayatavicCapracCarakzo naN,yajayācayatavicchapraccharakṣo naṅ,यजयाचयतविच्छप्रच्छरक्षो नङ्,no
3.3.91,3,3,91,svapo nan,svapo nan,स्वपो नन्,no
3.3.92,3,3,92,upasarge GoH kiH,upasarge ghoḥ kiḥ,उपसर्गे घोः किः,no
3.3.93,3,3,93,karmaRyaDikaraRe ca,karmaṇyadhikaraṇe ca,कर्मण्यधिकरणे च,no
3.3.94,3,3,94,striyAM ktin,striyāṃ ktin,स्त्रियां क्तिन्,no
3.3.95,3,3,95,sTAgApApaco BAve,sthāgāpāpaco bhāve,स्थागापापचो भावे,no
3.3.96,3,3,96,mantre vfzezapacamanavidaBUvIrA udAttaH,mantre vṛṣeṣapacamanavidabhūvīrā udāttaḥ,मन्त्रे वृषेषपचमनविदभूवीरा उदात्तः,no
3.3.97,3,3,97,UtiyUtijUtisAtihetikIrtayaSca,ūtiyūtijūtisātihetikīrtayaśca,ऊतियूतिजूतिसातिहेतिकीर्तयश्च,no
3.3.98,3,3,98,vrajayajorBAve kyap,vrajayajorbhāve kyap,व्रजयजोर्भावे क्यप्,no
3.3.99,3,3,99,saMjYAyAM samajanizadanipatamanavidazuYSINBfYiRaH,saṃjñāyāṃ samajaniṣadanipatamanavidaṣuñśīṅbhṛñiṇaḥ,संज्ञायां समजनिषदनिपतमनविदषुञ्शीङ्भृञिणः,no
3.3.100,3,3,100,kfYaH Sa ca,kṛñaḥ śa ca,कृञः श च,no
3.3.101,3,3,101,icCA,icchā,इच्छा,no
3.3.102,3,3,102,a pratyayAt,a pratyayāt,अ प्रत्ययात्,no
3.3.103,3,3,103,guroSca halaH,gurośca halaḥ,गुरोश्च हलः,no
3.3.104,3,3,104,zidBidAdiByo'N,ṣidbhidādibhyo'ṅ,षिद्भिदादिभ्योऽङ्,no
3.3.105,3,3,105,cintipUjikaTikumbicarcaSca,cintipūjikathikumbicarcaśca,चिन्तिपूजिकथिकुम्बिचर्चश्च,no
3.3.106,3,3,106,AtaScopasarge,ātaścopasarge,आतश्चोपसर्गे,no
3.3.107,3,3,107,RyAsaSranTo yuc,ṇyāsaśrantho yuc,ण्यासश्रन्थो युच्,no
3.3.108,3,3,108,rogAKyAyAM Rvul bahulam,rogākhyāyāṃ ṇvul bahulam,रोगाख्यायां ण्वुल् बहुलम्,no
3.3.109,3,3,109,saMjYAyAm,saṃjñāyām,संज्ञायाम्,no
3.3.110,3,3,110,viBAzA''KyAnaparipraSnayoriY ca,vibhāṣā''khyānaparipraśnayoriñ ca,विभाषाऽऽख्यानपरिप्रश्नयोरिञ् च,no
3.3.111,3,3,111,paryAyArharRotpattizu Rvuc,paryāyārharṇotpattiṣu ṇvuc,पर्यायार्हर्णोत्पत्तिषु ण्वुच्,no
3.3.112,3,3,112,AkroSe naYyaniH,ākrośe nañyaniḥ,आक्रोशे नञ्यनिः,no
3.3.113,3,3,113,kftyalyuwo bahulam,kṛtyalyuṭo bahulam,कृत्यल्युटो बहुलम्,no
3.3.114,3,3,114,napuMsake BAve ktaH,napuṃsake bhāve ktaḥ,नपुंसके भावे क्तः,no
3.3.115,3,3,115,lyuw ca,lyuṭ ca,ल्युट् च,no
3.3.116,3,3,116,karmaRi ca yena saMsparSAt kartuH SarIrasuKam,karmaṇi ca yena saṃsparśāt kartuḥ śarīrasukham,कर्मणि च येन संस्पर्शात् कर्तुः शरीरसुखम्,no
3.3.117,3,3,117,karaRADikaraRayoSca,karaṇādhikaraṇayośca,करणाधिकरणयोश्च,no
3.3.118,3,3,118,puMsi saMjYAyAM GaH prAyeRa,puṃsi saṃjñāyāṃ ghaḥ prāyeṇa,पुंसि संज्ञायां घः प्रायेण,no
3.3.119,3,3,119,gocarasaMcaravahavrajavyajApaRanigamASca,gocarasaṃcaravahavrajavyajāpaṇanigamāśca,गोचरसंचरवहव्रजव्यजापणनिगमाश्च,no
3.3.120,3,3,120,ave tFstrorGaY,ave tṝstrorghañ,अवे तॄस्त्रोर्घञ्,no
3.3.121,3,3,121,halaSca,halaśca,हलश्च,no
3.3.122,3,3,122,aDyAyanyAyodyAvasaMhArADArAvAyASca,adhyāyanyāyodyāvasaṃhārādhārāvāyāśca,अध्यायन्यायोद्यावसंहाराधारावायाश्च,no
3.3.123,3,3,123,udaNko'nudake,udaṅko'nudake,उदङ्कोऽनुदके,no
3.3.124,3,3,124,jAlamAnAyaH,jālamānāyaḥ,जालमानायः,no
3.3.125,3,3,125,Kano Ga ca,khano gha ca,खनो घ च,no
3.3.126,3,3,126,IzadduHsuzu kfcCrAkfcCrArTezu Kal,īṣadduḥsuṣu kṛcchrākṛcchrārtheṣu khal,ईषद्दुःसुषु कृच्छ्राकृच्छ्रार्थेषु खल्,no
3.3.127,3,3,127,kartfkarmaRoSca BUkfYoH,kartṛkarmaṇośca bhūkṛñoḥ,कर्तृकर्मणोश्च भूकृञोः,no
3.3.128,3,3,128,Ato yuc,āto yuc,आतो युच्,no
3.3.129,3,3,129,Candasi gatyarTeByaH,chandasi gatyarthebhyaḥ,छन्दसि गत्यर्थेभ्यः,no
3.3.130,3,3,130,anyeByo'pi dfSyate,anyebhyo'pi dṛśyate,अन्येभ्योऽपि दृश्यते,no
3.3.131,3,3,131,vartamAnasAmIpye vartamAnavadvA,vartamānasāmīpye vartamānavadvā,वर्तमानसामीप्ये वर्तमानवद्वा,no
3.3.132,3,3,132,ASaMsAyAM BUtavacca,āśaṃsāyāṃ bhūtavacca,आशंसायां भूतवच्च,no
3.3.133,3,3,133,kzipravacane lfw,kṣipravacane lṛṭ,क्षिप्रवचने लृट्,no
3.3.134,3,3,134,ASaMsAvacane liN,āśaṃsāvacane liṅ,आशंसावचने लिङ्,no
3.3.135,3,3,135,nAnadyatanavat kriyAprabanDasAmIpyayoH,nānadyatanavat kriyāprabandhasāmīpyayoḥ,नानद्यतनवत् क्रियाप्रबन्धसामीप्ययोः,no
3.3.136,3,3,136,Bavizyati maryAdAvacane'varasmin,bhaviṣyati maryādāvacane'varasmin,भविष्यति मर्यादावचनेऽवरस्मिन्,no
3.3.137,3,3,137,kAlaviBAge cAnahorAtrARAm,kālavibhāge cānahorātrāṇām,कालविभागे चानहोरात्राणाम्,no
3.3.138,3,3,138,parasmin viBAzA,parasmin vibhāṣā,परस्मिन् विभाषा,no
3.3.139,3,3,139,liNnimitte lfN kriyAtipattO,liṅnimitte lṛṅ kriyātipattau,लिङ्निमित्ते लृङ् क्रियातिपत्तौ,no
3.3.140,3,3,140,BUte ca,bhūte ca,भूते च,no
3.3.141,3,3,141,votApyoH,votāpyoḥ,वोताप्योः,no
3.3.142,3,3,142,garhAyAM laqapijAtvoH,garhāyāṃ laḍapijātvoḥ,गर्हायां लडपिजात्वोः,no
3.3.143,3,3,143,viBAzA kaTami liN ca,vibhāṣā kathami liṅ ca,विभाषा कथमि लिङ् च,no
3.3.144,3,3,144,kiMvftte liNlfwO,kiṃvṛtte liṅlṛṭau,किंवृत्ते लिङ्लृटौ,no
3.3.145,3,3,145,anavakxptyamarzayorakiMvftte'pi,anavakḷptyamarṣayorakiṃvṛtte'pi,अनवकॢप्त्यमर्षयोरकिंवृत्तेऽपि,no
3.3.146,3,3,146,kiMkilAstyarTezu lfw,kiṃkilāstyartheṣu lṛṭ,किंकिलास्त्यर्थेषु लृट्,no
3.3.147,3,3,147,jAtuyadorliN,jātuyadorliṅ,जातुयदोर्लिङ्,no
3.3.148,3,3,148,yaccayatrayoH,yaccayatrayoḥ,यच्चयत्रयोः,no
3.3.149,3,3,149,garhAyAM ca,garhāyāṃ ca,गर्हायां च,no
3.3.150,3,3,150,citrIkaraRe ca,citrīkaraṇe ca,चित्रीकरणे च,no
3.3.151,3,3,151,Seze lfqayadO,śeṣe lṛḍayadau,शेषे लृडयदौ,no
3.3.152,3,3,152,utApyoH samarTayorliN,utāpyoḥ samarthayorliṅ,उताप्योः समर्थयोर्लिङ्,no
3.3.153,3,3,153,kAmapravedane'kacciti,kāmapravedane'kacciti,कामप्रवेदनेऽकच्चिति,no
3.3.154,3,3,154,samBAvane'lamiti cet sidDAprayoge,sambhāvane'lamiti cet siddhāprayoge,सम्भावनेऽलमिति चेत् सिद्धाप्रयोगे,no
3.3.155,3,3,155,viBAzA DAtO samBAvanavacane'yadi,vibhāṣā dhātau sambhāvanavacane'yadi,विभाषा धातौ सम्भावनवचनेऽयदि,no
3.3.156,3,3,156,hetuhetumatorliN,hetuhetumatorliṅ,हेतुहेतुमतोर्लिङ्,no
3.3.157,3,3,157,icCArTezu liNlowO,icchārtheṣu liṅloṭau,इच्छार्थेषु लिङ्लोटौ,no
3.3.158,3,3,158,samAnakartfkezu tumun,samānakartṛkeṣu tumun,समानकर्तृकेषु तुमुन्,no
3.3.159,3,3,159,liN ca,liṅ ca,लिङ् च,no
3.3.160,3,3,160,icCArTeByo viBAzA vartamAne,icchārthebhyo vibhāṣā vartamāne,इच्छार्थेभ्यो विभाषा वर्तमाने,no
3.3.161,3,3,161,viDinimantraRAmantraRADIzwasaMpraSnaprArTanezu liN,vidhinimantraṇāmantraṇādhīṣṭasaṃpraśnaprārthaneṣu liṅ,विधिनिमन्त्रणामन्त्रणाधीष्टसंप्रश्नप्रार्थनेषु लिङ्,no
3.3.162,3,3,162,low ca,loṭ ca,लोट् च,no
3.3.163,3,3,163,prEzAtisargaprAptakAlezu kftyASca,praiṣātisargaprāptakāleṣu kṛtyāśca,प्रैषातिसर्गप्राप्तकालेषु कृत्याश्च,no
3.3.164,3,3,164,liN corDvamOhUrtike,liṅ cordhvamauhūrtike,लिङ् चोर्ध्वमौहूर्तिके,no
3.3.165,3,3,165,sme low,sme loṭ,स्मे लोट्,no
3.3.166,3,3,166,aDIzwe ca,adhīṣṭe ca,अधीष्टे च,no
3.3.167,3,3,167,kAlasamayavelAsu tumun,kālasamayavelāsu tumun,कालसमयवेलासु तुमुन्,no
3.3.168,3,3,168,liN yadi,liṅ yadi,लिङ् यदि,no
3.3.169,3,3,169,arhe kftyatfcaSca,arhe kṛtyatṛcaśca,अर्हे कृत्यतृचश्च,no
3.3.170,3,3,170,AvaSyakADamarRyayorRiniH,āvaśyakādhamarṇyayorṇiniḥ,आवश्यकाधमर्ण्ययोर्णिनिः,no
3.3.171,3,3,171,kftyASca,kṛtyāśca,कृत्याश्च,no
3.3.172,3,3,172,Saki liN ca,śaki liṅ ca,शकि लिङ् च,no
3.3.173,3,3,173,ASizi liNlowO,āśiṣi liṅloṭau,आशिषि लिङ्लोटौ,no
3.3.174,3,3,174,kticktO ca saMjYAyAm,kticktau ca saṃjñāyām,क्तिच्क्तौ च संज्ञायाम्,no
3.3.175,3,3,175,mANi luN,māṅi luṅ,माङि लुङ्,no
3.3.176,3,3,176,smottare laN ca,smottare laṅ ca,स्मोत्तरे लङ् च,no
3.4.1,3,4,1,DAtusambanDe pratyayAH,dhātusambandhe pratyayāḥ,धातुसम्बन्धे प्रत्ययाः,no
3.4.2,3,4,2,kriyAsamaBihAre low; lowo hisvO; vA ca taDvamoH,kriyāsamabhihāre loṭ; loṭo hisvau; vā ca tadhvamoḥ,क्रियासमभिहारे लोट्; लोटो हिस्वौ; वा च तध्वमोः,no
3.4.3,3,4,3,samuccaye'nyatarasyAm,samuccaye'nyatarasyām,समुच्चयेऽन्यतरस्याम्,no
3.4.4,3,4,4,yaTAviDyanuprayogaH pUrvasmin,yathāvidhyanuprayogaḥ pūrvasmin,यथाविध्यनुप्रयोगः पूर्वस्मिन्,no
3.4.5,3,4,5,samuccaye sAmAnyavacanasya,samuccaye sāmānyavacanasya,समुच्चये सामान्यवचनस्य,no
3.4.6,3,4,6,Candasi luNlaNliwaH,chandasi luṅlaṅliṭaḥ,छन्दसि लुङ्लङ्लिटः,no
3.4.7,3,4,7,liNarTe lew,liṅarthe leṭ,लिङर्थे लेट्,no
3.4.8,3,4,8,upasaMvAdASaNkayoSca,upasaṃvādāśaṅkayośca,उपसंवादाशङ्कयोश्च,no
3.4.9,3,4,9,tumarTe sesenase'senksekasenaDyEaDyEnkaDyEkaDyEnSaDyESaDyEntavEtaveNtavenaH,tumarthe sesenase'senksekasenadhyaiadhyainkadhyaikadhyainśadhyaiśadhyaintavaitaveṅtavenaḥ,तुमर्थे सेसेनसेऽसेन्क्सेकसेनध्यैअध्यैन्कध्यैकध्यैन्शध्यैशध्यैन्तवैतवेङ्तवेनः,no
3.4.10,3,4,10,prayE rohizyE avyaTizyE,prayai rohiṣyai avyathiṣyai,प्रयै रोहिष्यै अव्यथिष्यै,no
3.4.11,3,4,11,dfSe viKye ca,dṛśe vikhye ca,दृशे विख्ये च,no
3.4.12,3,4,12,Saki RamulkamulO,śaki ṇamulkamulau,शकि णमुल्कमुलौ,no
3.4.13,3,4,13,ISvare tosunkasunO,īśvare tosunkasunau,ईश्वरे तोसुन्कसुनौ,no
3.4.14,3,4,14,kftyArTe tavEkenkenyatvanaH,kṛtyārthe tavaikenkenyatvanaḥ,कृत्यार्थे तवैकेन्केन्यत्वनः,no
3.4.15,3,4,15,avacakze ca,avacakṣe ca,अवचक्षे च,no
3.4.16,3,4,16,BAvalakzaRe sTeRkfYvadicarihutamijaniByastosun,bhāvalakṣaṇe stheṇkṛñvadicarihutamijanibhyastosun,भावलक्षणे स्थेण्कृञ्वदिचरिहुतमिजनिभ्यस्तोसुन्,no
3.4.17,3,4,17,sfpitfdoH kasun,sṛpitṛdoḥ kasun,सृपितृदोः कसुन्,no
3.4.18,3,4,18,alaNKalvoH pratizeDayoH prAcAM ktvA,alaṅkhalvoḥ pratiṣedhayoḥ prācāṃ ktvā,अलङ्खल्वोः प्रतिषेधयोः प्राचां क्त्वा,no
3.4.19,3,4,19,udIcAM mANo vyatIhAre,udīcāṃ māṅo vyatīhāre,उदीचां माङो व्यतीहारे,no
3.4.20,3,4,20,parAvarayoge ca,parāvarayoge ca,परावरयोगे च,no
3.4.21,3,4,21,samAnakartfkayoH pUrvakAle,samānakartṛkayoḥ pūrvakāle,समानकर्तृकयोः पूर्वकाले,no
3.4.22,3,4,22,ABIkzRye Ramul ca,ābhīkṣṇye ṇamul ca,आभीक्ष्ण्ये णमुल् च,no
3.4.23,3,4,23,na yadyanAkANkze,na yadyanākāṅkṣe,न यद्यनाकाङ्क्षे,no
3.4.24,3,4,24,viBAzA'grepraTamapUrvezu,vibhāṣā'greprathamapūrveṣu,विभाषाऽग्रेप्रथमपूर्वेषु,no
3.4.25,3,4,25,karmaRyAkroSe kfYaH KamuY,karmaṇyākrośe kṛñaḥ khamuñ,कर्मण्याक्रोशे कृञः खमुञ्,no
3.4.26,3,4,26,svAdumi Ramul,svādumi ṇamul,स्वादुमि णमुल्,no
3.4.27,3,4,27,anyaTEvaMkaTamitTaMsu sidDAprayogaScet,anyathaivaṃkathamitthaṃsu siddhāprayogaścet,अन्यथैवंकथमित्थंसु सिद्धाप्रयोगश्चेत्,no
3.4.28,3,4,28,yaTAtaTayorasUyAprativacane,yathātathayorasūyāprativacane,यथातथयोरसूयाप्रतिवचने,no
3.4.29,3,4,29,karmaRi dfSividoH sAkalye,karmaṇi dṛśividoḥ sākalye,कर्मणि दृशिविदोः साकल्ये,no
3.4.30,3,4,30,yAvati vindajIvoH,yāvati vindajīvoḥ,यावति विन्दजीवोः,no
3.4.31,3,4,31,carmodarayoH pUreH,carmodarayoḥ pūreḥ,चर्मोदरयोः पूरेः,no
3.4.32,3,4,32,varzapramARa UlopaScAsyAnyatarasyAm,varṣapramāṇa ūlopaścāsyānyatarasyām,वर्षप्रमाण ऊलोपश्चास्यान्यतरस्याम्,no
3.4.33,3,4,33,cele knopeH,cele knopeḥ,चेले क्नोपेः,no
3.4.34,3,4,34,nimUlasamUlayoH kazaH,nimūlasamūlayoḥ kaṣaḥ,निमूलसमूलयोः कषः,no
3.4.35,3,4,35,SuzkacUrRarUkzezu pizaH,śuṣkacūrṇarūkṣeṣu piṣaḥ,शुष्कचूर्णरूक्षेषु पिषः,no
3.4.36,3,4,36,samUlAkftajIvezu hankfYgrahaH,samūlākṛtajīveṣu hankṛñgrahaḥ,समूलाकृतजीवेषु हन्कृञ्ग्रहः,no
3.4.37,3,4,37,karaRe hanaH,karaṇe hanaḥ,करणे हनः,no
3.4.38,3,4,38,snehane pizaH,snehane piṣaḥ,स्नेहने पिषः,no
3.4.39,3,4,39,haste varttigrahoH,haste varttigrahoḥ,हस्ते वर्त्तिग्रहोः,no
3.4.40,3,4,40,sve puzaH,sve puṣaḥ,स्वे पुषः,no
3.4.41,3,4,41,aDikaraRe banDaH,adhikaraṇe bandhaḥ,अधिकरणे बन्धः,no
3.4.42,3,4,42,saMjYAyAm,saṃjñāyām,संज्ञायाम्,no
3.4.43,3,4,43,kartrorjIvapuruzayornaSivahoH,kartrorjīvapuruṣayornaśivahoḥ,कर्त्रोर्जीवपुरुषयोर्नशिवहोः,no
3.4.44,3,4,44,UrDve SuzipUroH,ūrdhve śuṣipūroḥ,ऊर्ध्वे शुषिपूरोः,no
3.4.45,3,4,45,upamAne karmaRi ca,upamāne karmaṇi ca,उपमाने कर्मणि च,no
3.4.46,3,4,46,kazAdizu yaTAviDyanuprayogaH,kaṣādiṣu yathāvidhyanuprayogaḥ,कषादिषु यथाविध्यनुप्रयोगः,no
3.4.47,3,4,47,upadaMSastftIyAyAm,upadaṃśastṛtīyāyām,उपदंशस्तृतीयायाम्,no
3.4.48,3,4,48,hiMsArTAnAM ca samAnakarmakARAm,hiṃsārthānāṃ ca samānakarmakāṇām,हिंसार्थानां च समानकर्मकाणाम्,no
3.4.49,3,4,49,saptamyAM copapIqaruDakarzaH,saptamyāṃ copapīḍarudhakarṣaḥ,सप्तम्यां चोपपीडरुधकर्षः,no
3.4.50,3,4,50,samAsattO,samāsattau,समासत्तौ,no
3.4.51,3,4,51,pramARe ca,pramāṇe ca,प्रमाणे च,no
3.4.52,3,4,52,apAdAne parIpsAyAm,apādāne parīpsāyām,अपादाने परीप्सायाम्,no
3.4.53,3,4,53,dvitIyAyAM ca,dvitīyāyāṃ ca,द्वितीयायां च,no
3.4.54,3,4,54,svANge'Druve,svāṅge'dhruve,स्वाङ्गेऽध्रुवे,no
3.4.55,3,4,55,parikliSyamAne ca,parikliśyamāne ca,परिक्लिश्यमाने च,no
3.4.56,3,4,56,viSipatipadiskandAM vyApyamAnAsevyamAnayoH,viśipatipadiskandāṃ vyāpyamānāsevyamānayoḥ,विशिपतिपदिस्कन्दां व्याप्यमानासेव्यमानयोः,no
3.4.57,3,4,57,asyatitfzoH kriyA'ntare kAlezu,asyatitṛṣoḥ kriyā'ntare kāleṣu,अस्यतितृषोः क्रियाऽन्तरे कालेषु,no
3.4.58,3,4,58,nAmnyAdiSigrahoH,nāmnyādiśigrahoḥ,नाम्न्यादिशिग्रहोः,no
3.4.59,3,4,59,avyaye'yaTABipretAKyAne kfYaH ktvARamulO,avyaye'yathābhipretākhyāne kṛñaḥ ktvāṇamulau,अव्ययेऽयथाभिप्रेताख्याने कृञः क्त्वाणमुलौ,no
3.4.60,3,4,60,tiryacyapavarge,tiryacyapavarge,तिर्यच्यपवर्गे,no
3.4.61,3,4,61,svANge taspratyaye kfBvoH,svāṅge taspratyaye kṛbhvoḥ,स्वाङ्गे तस्प्रत्यये कृभ्वोः,no
3.4.62,3,4,62,nADA'rTapratyaye cvyarTe,nādhā'rthapratyaye cvyarthe,नाधाऽर्थप्रत्यये च्व्यर्थे,no
3.4.63,3,4,63,tUzRImi BuvaH,tūṣṇīmi bhuvaḥ,तूष्णीमि भुवः,no
3.4.64,3,4,64,anvacyAnulomye,anvacyānulomye,अन्वच्यानुलोम्ये,no
3.4.65,3,4,65,SakaDfzajYAglAGawaraBalaBakramasahArhAstyarTezu tumun,śakadhṛṣajñāglāghaṭarabhalabhakramasahārhāstyartheṣu tumun,शकधृषज्ञाग्लाघटरभलभक्रमसहार्हास्त्यर्थेषु तुमुन्,no
3.4.66,3,4,66,paryAptivacanezvalamarTezu,paryāptivacaneṣvalamartheṣu,पर्याप्तिवचनेष्वलमर्थेषु,no
3.4.67,3,4,67,kartari kft,kartari kṛt,कर्तरि कृत्,no
3.4.68,3,4,68,BavyageyapravacanIyopasTAnIyajanyAplAvyApAtyA vA,bhavyageyapravacanīyopasthānīyajanyāplāvyāpātyā vā,भव्यगेयप्रवचनीयोपस्थानीयजन्याप्लाव्यापात्या वा,no
3.4.69,3,4,69,laH karmaRi ca BAve cAkarmakeByaH,laḥ karmaṇi ca bhāve cākarmakebhyaḥ,लः कर्मणि च भावे चाकर्मकेभ्यः,no
3.4.70,3,4,70,tayoreva kftyaktaKalarTAH,tayoreva kṛtyaktakhalarthāḥ,तयोरेव कृत्यक्तखलर्थाः,no
3.4.71,3,4,71,AdikarmaRi ktaH kartari ca,ādikarmaṇi ktaḥ kartari ca,आदिकर्मणि क्तः कर्तरि च,no
3.4.72,3,4,72,gatyarTAkarmakaSlizaSINsTA''savasajanaruhajIryatiByaSca,gatyarthākarmakaśliṣaśīṅsthā''savasajanaruhajīryatibhyaśca,गत्यर्थाकर्मकश्लिषशीङ्स्थाऽऽसवसजनरुहजीर्यतिभ्यश्च,no
3.4.73,3,4,73,dASagoGnO sampradAne,dāśagoghnau sampradāne,दाशगोघ्नौ सम्प्रदाने,no
3.4.74,3,4,74,BImAdayo'pAdAne,bhīmādayo'pādāne,भीमादयोऽपादाने,no
3.4.75,3,4,75,tAByAmanyatroRAdayaH,tābhyāmanyatroṇādayaḥ,ताभ्यामन्यत्रोणादयः,no
3.4.76,3,4,76,kto'DikaraRe ca DrOvyagatipratyavasAnArTeByaH,kto'dhikaraṇe ca dhrauvyagatipratyavasānārthebhyaḥ,क्तोऽधिकरणे च ध्रौव्यगतिप्रत्यवसानार्थेभ्यः,no
3.4.77,3,4,77,lasya,lasya,लस्य,no
3.4.78,3,4,78,tiptasJisipTasTamibvasmas tAtAMJaTAsATAMDvamiqvahimahiN,tiptasjhisipthasthamibvasmas tātāṃjhathāsāthāṃdhvamiḍvahimahiṅ,तिप्तस्झिसिप्थस्थमिब्वस्मस् तातांझथासाथांध्वमिड्वहिमहिङ्,no
3.4.79,3,4,79,wita AtmanepadAnAM were,ṭita ātmanepadānāṃ ṭere,टित आत्मनेपदानां टेरे,no
3.4.80,3,4,80,TAsasse,thāsasse,थासस्से,no
3.4.81,3,4,81,liwastaJayoreSirec,liṭastajhayoreśirec,लिटस्तझयोरेशिरेच्,no
3.4.82,3,4,82,parasmEpadAnAM RalatususTalaTusaRalvamAH,parasmaipadānāṃ ṇalatususthalathusaṇalvamāḥ,परस्मैपदानां णलतुसुस्थलथुसणल्वमाः,no
3.4.83,3,4,83,vido lawo vA,vido laṭo vā,विदो लटो वा,no
3.4.84,3,4,84,bruvaH paYcAnAmAdita Aho bruvaH,bruvaḥ pañcānāmādita āho bruvaḥ,ब्रुवः पञ्चानामादित आहो ब्रुवः,no
3.4.85,3,4,85,lowo laNvat,loṭo laṅvat,लोटो लङ्वत्,no
3.4.86,3,4,86,eruH,eruḥ,एरुः,no
3.4.87,3,4,87,serhyapicca,serhyapicca,सेर्ह्यपिच्च,no
3.4.88,3,4,88,vA Candasi,vā chandasi,वा छन्दसि,no
3.4.89,3,4,89,merniH,merniḥ,मेर्निः,no
3.4.90,3,4,90,AmetaH,āmetaḥ,आमेतः,no
3.4.91,3,4,91,savAByAM vAmO,savābhyāṃ vāmau,सवाभ्यां वामौ,no
3.4.92,3,4,92,Aquttamasya picca,āḍuttamasya picca,आडुत्तमस्य पिच्च,no
3.4.93,3,4,93,eta E,eta ai,एत ऐ,no
3.4.94,3,4,94,lewo'qAwO,leṭo'ḍāṭau,लेटोऽडाटौ,no
3.4.95,3,4,95,Ata E,āta ai,आत ऐ,no
3.4.96,3,4,96,vEto'nyatra,vaito'nyatra,वैतोऽन्यत्र,no
3.4.97,3,4,97,itaSca lopaH parasmEpadezu,itaśca lopaḥ parasmaipadeṣu,इतश्च लोपः परस्मैपदेषु,no
3.4.98,3,4,98,sa uttamasya,sa uttamasya,स उत्तमस्य,no
3.4.99,3,4,99,nityaM NitaH,nityaṃ ṅitaḥ,नित्यं ङितः,no
3.4.100,3,4,100,itaSca,itaśca,इतश्च,no
3.4.101,3,4,101,tasTasTamipAM tAMtaMtAmaH,tasthasthamipāṃ tāṃtaṃtāmaḥ,तस्थस्थमिपां तांतंतामः,no
3.4.102,3,4,102,liNassIyuw,liṅassīyuṭ,लिङस्सीयुट्,no
3.4.103,3,4,103,yAsuw parasmEpadezUdAtto Nicca,yāsuṭ parasmaipadeṣūdātto ṅicca,यासुट् परस्मैपदेषूदात्तो ङिच्च,no
3.4.104,3,4,104,kidASizi,kidāśiṣi,किदाशिषि,no
3.4.105,3,4,105,Jasya ran,jhasya ran,झस्य रन्,no
3.4.106,3,4,106,iwo't,iṭo't,इटोऽत्,no
3.4.107,3,4,107,suw tiToH,suṭ tithoḥ,सुट् तिथोः,no
3.4.108,3,4,108,Jerjus,jherjus,झेर्जुस्,no
3.4.109,3,4,109,sijaByastavidiByaSca,sijabhyastavidibhyaśca,सिजभ्यस्तविदिभ्यश्च,no
3.4.110,3,4,110,AtaH,ātaḥ,आतः,no
3.4.111,3,4,111,laNaH SAkawAyanasyEva,laṅaḥ śākaṭāyanasyaiva,लङः शाकटायनस्यैव,no
3.4.112,3,4,112,dvizaSca,dviṣaśca,द्विषश्च,no
3.4.113,3,4,113,tiNSitsArvaDAtukam,tiṅśitsārvadhātukam,तिङ्शित्सार्वधातुकम्,no
3.4.114,3,4,114,ArDaDAtukaM SezaH,ārdhadhātukaṃ śeṣaḥ,आर्धधातुकं शेषः,no
3.4.115,3,4,115,liw ca,liṭ ca,लिट् च,no
3.4.116,3,4,116,liNASizi,liṅāśiṣi,लिङाशिषि,no
3.4.117,3,4,117,CandasyuBayaTA,chandasyubhayathā,छन्दस्युभयथा,no
4.1.1,4,1,1,NyApprAtipadikAt,ṅyāpprātipadikāt,ङ्याप्प्रातिपदिकात्,no
4.1.2,4,1,2,svOjasamOwCazwAByAmBisNeByAmByasNasiByAmByasNasosANNyossup,svaujasamauṭchaṣṭābhyāmbhisṅebhyāmbhyasṅasibhyāmbhyasṅasosāṅṅyossup,स्वौजसमौट्छष्टाभ्याम्भिस्ङेभ्याम्भ्यस्ङसिभ्याम्भ्यस्ङसोसाङ्ङ्योस्सुप्,no
4.1.3,4,1,3,striyAm,striyām,स्त्रियाम्,no
4.1.4,4,1,4,ajAdyatazwAp,ajādyataṣṭāp,अजाद्यतष्टाप्,no
4.1.5,4,1,5,fnneByo NIp,ṛnnebhyo ṅīp,ऋन्नेभ्यो ङीप्,no
4.1.6,4,1,6,ugitaSca,ugitaśca,उगितश्च,no
4.1.7,4,1,7,vano ra ca,vano ra ca,वनो र च,no
4.1.8,4,1,8,pAdo'nyatarasyAm,pādo'nyatarasyām,पादोऽन्यतरस्याम्,no
4.1.9,4,1,9,wAbfci,ṭābṛci,टाबृचि,no
4.1.10,4,1,10,na zawsvasrAdiByaH,na ṣaṭsvasrādibhyaḥ,न षट्स्वस्रादिभ्यः,no
4.1.11,4,1,11,manaH,manaḥ,मनः,no
4.1.12,4,1,12,ano bahuvrIheH,ano bahuvrīheḥ,अनो बहुव्रीहेः,no
4.1.13,4,1,13,qAbuBAByAmanyatarasyAm,ḍābubhābhyāmanyatarasyām,डाबुभाभ्यामन्यतरस्याम्,no
4.1.14,4,1,14,anupasarjanAt,anupasarjanāt,अनुपसर्जनात्,no
4.1.15,4,1,15,wiqQARaYdvayasajdaGnaYmAtractayapWakWaYkaYkvarapaH,ṭiḍḍhāṇañdvayasajdaghnañmātractayapṭhakṭhañkañkvarapaḥ,टिड्ढाणञ्द्वयसज्दघ्नञ्मात्रच्तयप्ठक्ठञ्कञ्क्वरपः,no
4.1.16,4,1,16,yaYaSca,yañaśca,यञश्च,no
4.1.17,4,1,17,prAcAM zPa tadDitaH,prācāṃ ṣpha taddhitaḥ,प्राचां ष्फ तद्धितः,no
4.1.18,4,1,18,sarvatra lohitAdikatanteByaH,sarvatra lohitādikatantebhyaḥ,सर्वत्र लोहितादिकतन्तेभ्यः,no
4.1.19,4,1,19,kOravyamARqUkAByAM ca,kauravyamāṇḍūkābhyāṃ ca,कौरव्यमाण्डूकाभ्यां च,no
4.1.20,4,1,20,vayasi praTame,vayasi prathame,वयसि प्रथमे,no
4.1.21,4,1,21,dvigoH,dvigoḥ,द्विगोः,no
4.1.22,4,1,22,aparimARabistAcitakambalyeByo na tadDitaluki,aparimāṇabistācitakambalyebhyo na taddhitaluki,अपरिमाणबिस्ताचितकम्बल्येभ्यो न तद्धितलुकि,no
4.1.23,4,1,23,kARqAntAt kzetre,kāṇḍāntāt kṣetre,काण्डान्तात् क्षेत्रे,no
4.1.24,4,1,24,puruzAt pramARe'nyatarasyAm,puruṣāt pramāṇe'nyatarasyām,पुरुषात् प्रमाणेऽन्यतरस्याम्,no
4.1.25,4,1,25,bahuvrIherUDaso NIz,bahuvrīherūdhaso ṅīṣ,बहुव्रीहेरूधसो ङीष्,no
4.1.26,4,1,26,saMKyAvyayAderNIp,saṃkhyāvyayāderṅīp,संख्याव्ययादेर्ङीप्,no
4.1.27,4,1,27,dAmahAyanAntAcca,dāmahāyanāntācca,दामहायनान्ताच्च,no
4.1.28,4,1,28,ana upaDAlopinonyatarasyAm,ana upadhālopinonyatarasyām,अन उपधालोपिनोन्यतरस्याम्,no
4.1.29,4,1,29,nityaM saMjYACandasoH,nityaṃ saṃjñāchandasoḥ,नित्यं संज्ञाछन्दसोः,no
4.1.30,4,1,30,kevalamAmakaBAgaDeyapApAparasamAnAryakfta-sumaNgalaBezajAcca,kevalamāmakabhāgadheyapāpāparasamānāryakṛta-sumaṅgalabheṣajācca,केवलमामकभागधेयपापापरसमानार्यकृत-सुमङ्गलभेषजाच्च,no
4.1.31,4,1,31,rAtreScAjasO,rātreścājasau,रात्रेश्चाजसौ,no
4.1.32,4,1,32,antarvatpativatornuk,antarvatpativatornuk,अन्तर्वत्पतिवतोर्नुक्,no
4.1.33,4,1,33,patyurno yajYasaMyoge,patyurno yajñasaṃyoge,पत्युर्नो यज्ञसंयोगे,no
4.1.34,4,1,34,viBAzA sapUrvasya,vibhāṣā sapūrvasya,विभाषा सपूर्वस्य,no
4.1.35,4,1,35,nityaM sapatnyAdizu,nityaṃ sapatnyādiṣu,नित्यं सपत्न्यादिषु,no
4.1.36,4,1,36,pUtakratorE ca,pūtakratorai ca,पूतक्रतोरै च,no
4.1.37,4,1,37,vfzAkapyagnikusitakusidAnAmudAttaH,vṛṣākapyagnikusitakusidānāmudāttaḥ,वृषाकप्यग्निकुसितकुसिदानामुदात्तः,no
4.1.38,4,1,38,manorO vA,manorau vā,मनोरौ वा,no
4.1.39,4,1,39,varRAdanudAttAttopaDAtto naH,varṇādanudāttāttopadhātto naḥ,वर्णादनुदात्तात्तोपधात्तो नः,no
4.1.40,4,1,40,anyato NIz,anyato ṅīṣ,अन्यतो ङीष्,no
4.1.41,4,1,41,zidgOrAdiByaSca,ṣidgaurādibhyaśca,षिद्गौरादिभ्यश्च,no
4.1.42,4,1,42,jAnapadakuRqagoRasTalaBAjanAgakAlanIlakuSakAmukakabarAdvfttyamatrAvapanAkftrimASrARAsTOlyavarRAnAcCAdanAyovikAramETunecCAkeSaveSezu,jānapadakuṇḍagoṇasthalabhājanāgakālanīlakuśakāmukakabarādvṛttyamatrāvapanākṛtrimāśrāṇāsthaulyavarṇānācchādanāyovikāramaithunecchākeśaveśeṣu,जानपदकुण्डगोणस्थलभाजनागकालनीलकुशकामुककबराद्वृत्त्यमत्रावपनाकृत्रिमाश्राणास्थौल्यवर्णानाच्छादनायोविकारमैथुनेच्छाकेशवेशेषु,no
4.1.43,4,1,43,SoRAt prAcAm,śoṇāt prācām,शोणात् प्राचाम्,no
4.1.44,4,1,44,voto guRavacanAt,voto guṇavacanāt,वोतो गुणवचनात्,no
4.1.45,4,1,45,bahvAdiByaSca,bahvādibhyaśca,बह्वादिभ्यश्च,no
4.1.46,4,1,46,nityaM Candasi,nityaṃ chandasi,नित्यं छन्दसि,no
4.1.47,4,1,47,BuvaSca,bhuvaśca,भुवश्च,no
4.1.48,4,1,48,puMyogAdAKyAyAm,puṃyogādākhyāyām,पुंयोगादाख्यायाम्,no
4.1.49,4,1,49,indravaruRaBavaSarvarudramfqahimAraRyayavayavanamAtulAcAryARAmAnuk,indravaruṇabhavaśarvarudramṛḍahimāraṇyayavayavanamātulācāryāṇāmānuk,इन्द्रवरुणभवशर्वरुद्रमृडहिमारण्ययवयवनमातुलाचार्याणामानुक्,no
4.1.50,4,1,50,krItAt karaRapUrvAt,krītāt karaṇapūrvāt,क्रीतात् करणपूर्वात्,no
4.1.51,4,1,51,ktAdalpAKyAyAm,ktādalpākhyāyām,क्तादल्पाख्यायाम्,no
4.1.52,4,1,52,bahuvrIheScAntodAttAt,bahuvrīheścāntodāttāt,बहुव्रीहेश्चान्तोदात्तात्,no
4.1.53,4,1,53,asvANgapUrvapadAdvA,asvāṅgapūrvapadādvā,अस्वाङ्गपूर्वपदाद्वा,no
4.1.54,4,1,54,svANgAccopasarjanAdasaMyogopaDAt,svāṅgāccopasarjanādasaṃyogopadhāt,स्वाङ्गाच्चोपसर्जनादसंयोगोपधात्,no
4.1.55,4,1,55,nAsikodarOzWajaNGAdantakarRaSfNgAcca,nāsikodarauṣṭhajaṅghādantakarṇaśṛṅgācca,नासिकोदरौष्ठजङ्घादन्तकर्णशृङ्गाच्च,no
4.1.56,4,1,56,na kroqAdibahvacaH,na kroḍādibahvacaḥ,न क्रोडादिबह्वचः,no
4.1.57,4,1,57,sahanaYvidyamAnapUrvAcca,sahanañvidyamānapūrvācca,सहनञ्विद्यमानपूर्वाच्च,no
4.1.58,4,1,58,naKamuKAt saMjYAyAm,nakhamukhāt saṃjñāyām,नखमुखात् संज्ञायाम्,no
4.1.59,4,1,59,dIrGajihvI ca cCandasi,dīrghajihvī ca cchandasi,दीर्घजिह्वी च च्छन्दसि,no
4.1.60,4,1,60,dikpUrvapadAnNIp,dikpūrvapadānṅīp,दिक्पूर्वपदान्ङीप्,no
4.1.61,4,1,61,vAhaH,vāhaḥ,वाहः,no
4.1.62,4,1,62,saKyaSiSvIti BAzAyAm,sakhyaśiśvīti bhāṣāyām,सख्यशिश्वीति भाषायाम्,no
4.1.63,4,1,63,jAterastrIvizayAdayopaDAt,jāterastrīviṣayādayopadhāt,जातेरस्त्रीविषयादयोपधात्,no
4.1.64,4,1,64,pAkakarRaparRapuzpaPalamUlavAlottarapadAcca,pākakarṇaparṇapuṣpaphalamūlavālottarapadācca,पाककर्णपर्णपुष्पफलमूलवालोत्तरपदाच्च,no
4.1.65,4,1,65,ito manuzyajAteH,ito manuṣyajāteḥ,इतो मनुष्यजातेः,no
4.1.66,4,1,66,UNutaH,ūṅutaḥ,ऊङुतः,no
4.1.67,4,1,67,bAhvantAt saMjYAyAm,bāhvantāt saṃjñāyām,बाह्वन्तात् संज्ञायाम्,no
4.1.68,4,1,68,paNgoSca,paṅgośca,पङ्गोश्च,no
4.1.69,4,1,69,UrUttarapadAdOpamye,ūrūttarapadādaupamye,ऊरूत्तरपदादौपम्ये,no
4.1.70,4,1,70,saMhitaSaPalakzaRavAmAdeSca,saṃhitaśaphalakṣaṇavāmādeśca,संहितशफलक्षणवामादेश्च,no
4.1.71,4,1,71,kadrukamaRqalvoSCandasi,kadrukamaṇḍalvośchandasi,कद्रुकमण्डल्वोश्छन्दसि,no
4.1.72,4,1,72,saMjYAyAm,saṃjñāyām,संज्ञायाम्,no
4.1.73,4,1,73,SArNgaravAdyaYo NIn,śārṅgaravādyaño ṅīn,शार्ङ्गरवाद्यञो ङीन्,no
4.1.74,4,1,74,yaNaScAp,yaṅaścāp,यङश्चाप्,no
4.1.75,4,1,75,AvawyAcca,āvaṭyācca,आवट्याच्च,no
4.1.76,4,1,76,tadDitAH,taddhitāḥ,तद्धिताः,no
4.1.77,4,1,77,yUnastiH,yūnastiḥ,यूनस्तिः,no
4.1.78,4,1,78,aRiYoranArzayorgurUpottamayoH zyaN gotre,aṇiñoranārṣayorgurūpottamayoḥ ṣyaṅ gotre,अणिञोरनार्षयोर्गुरूपोत्तमयोः ष्यङ् गोत्रे,no
4.1.79,4,1,79,gotrAvayavAt,gotrāvayavāt,गोत्रावयवात्,no
4.1.80,4,1,80,krOqyAdiByaSca,krauḍyādibhyaśca,क्रौड्यादिभ्यश्च,no
4.1.81,4,1,81,dEvayajYiSOcivfkzisAtyamugrikARWevidDiByo'nyatarasyAm,daivayajñiśaucivṛkṣisātyamugrikāṇṭheviddhibhyo'nyatarasyām,दैवयज्ञिशौचिवृक्षिसात्यमुग्रिकाण्ठेविद्धिभ्योऽन्यतरस्याम्,no
4.1.82,4,1,82,samarTAnAM praTamAdvA,samarthānāṃ prathamādvā,समर्थानां प्रथमाद्वा,no
4.1.83,4,1,83,prAgdIvyato'R,prāgdīvyato'ṇ,प्राग्दीव्यतोऽण्,no
4.1.84,4,1,84,aSvapatyAdiByaSca,aśvapatyādibhyaśca,अश्वपत्यादिभ्यश्च,no
4.1.85,4,1,85,dityadityAdityapatyuttarapadARRyaH,dityadityādityapatyuttarapadāṇṇyaḥ,दित्यदित्यादित्यपत्युत्तरपदाण्ण्यः,no
4.1.86,4,1,86,utsAdiByo'Y,utsādibhyo'ñ,उत्सादिभ्योऽञ्,no
4.1.87,4,1,87,strIpuMsAByAM naYsnaYO BavanAt,strīpuṃsābhyāṃ nañsnañau bhavanāt,स्त्रीपुंसाभ्यां नञ्स्नञौ भवनात्,no
4.1.88,4,1,88,dvigorluganapatye,dvigorluganapatye,द्विगोर्लुगनपत्ये,no
4.1.89,4,1,89,gotre'lugaci,gotre'lugaci,गोत्रेऽलुगचि,no
4.1.90,4,1,90,yUni luk,yūni luk,यूनि लुक्,no
4.1.91,4,1,91,PakPiYoranyatarasyAm,phakphiñoranyatarasyām,फक्फिञोरन्यतरस्याम्,no
4.1.92,4,1,92,tasyApatyam,tasyāpatyam,तस्यापत्यम्,no
4.1.93,4,1,93,eko gotre,eko gotre,एको गोत्रे,no
4.1.94,4,1,94,gotrAdyUnyastriyAm,gotrādyūnyastriyām,गोत्राद्यून्यस्त्रियाम्,no
4.1.95,4,1,95,ata iY,ata iñ,अत इञ्,no
4.1.96,4,1,96,bAhvAdiByaSca,bāhvādibhyaśca,बाह्वादिभ्यश्च,no
4.1.97,4,1,97,suDAturakaN ca,sudhāturakaṅ ca,सुधातुरकङ् च,no
4.1.98,4,1,98,gotre kuYjAdiByaScPaY,gotre kuñjādibhyaścphañ,गोत्रे कुञ्जादिभ्यश्च्फञ्,no
4.1.99,4,1,99,naqAdiByaH Pak,naḍādibhyaḥ phak,नडादिभ्यः फक्,no
4.1.100,4,1,100,haritAdiByo'YaH,haritādibhyo'ñaḥ,हरितादिभ्योऽञः,no
4.1.101,4,1,101,yaYiYoSca,yañiñośca,यञिञोश्च,no
4.1.102,4,1,102,SaradvacCunakadarBAdBfguvatsAgrAyaRezu,śaradvacchunakadarbhādbhṛguvatsāgrāyaṇeṣu,शरद्वच्छुनकदर्भाद्भृगुवत्साग्रायणेषु,no
4.1.103,4,1,103,droRaparvatajIvantAdanyatarasyAm,droṇaparvatajīvantādanyatarasyām,द्रोणपर्वतजीवन्तादन्यतरस्याम्,no
4.1.104,4,1,104,anfzyAnantarye bidAdiByo'Y,anṛṣyānantarye bidādibhyo'ñ,अनृष्यानन्तर्ये बिदादिभ्योऽञ्,no
4.1.105,4,1,105,gargAdiByo yaY,gargādibhyo yañ,गर्गादिभ्यो यञ्,no
4.1.106,4,1,106,maDubaBrvorbrAhmaRakOSikayoH,madhubabhrvorbrāhmaṇakauśikayoḥ,मधुबभ्र्वोर्ब्राह्मणकौशिकयोः,no
4.1.107,4,1,107,kapiboDAdANgirase,kapibodhādāṅgirase,कपिबोधादाङ्गिरसे,no
4.1.108,4,1,108,vataRqAcca,vataṇḍācca,वतण्डाच्च,no
4.1.109,4,1,109,luk striyAm,luk striyām,लुक् स्त्रियाम्,no
4.1.110,4,1,110,aSvAdiByaH PaY,aśvādibhyaḥ phañ,अश्वादिभ्यः फञ्,no
4.1.111,4,1,111,BargAt trEgarte,bhargāt traigarte,भर्गात् त्रैगर्ते,no
4.1.112,4,1,112,SivAdiByo'R,śivādibhyo'ṇ,शिवादिभ्योऽण्,no
4.1.113,4,1,113,avfdDAByo nadImAnuzIByastannAmikAByaH,avṛddhābhyo nadīmānuṣībhyastannāmikābhyaḥ,अवृद्धाभ्यो नदीमानुषीभ्यस्तन्नामिकाभ्यः,no
4.1.114,4,1,114,fzyanDakavfzRikuruByaSca,ṛṣyandhakavṛṣṇikurubhyaśca,ऋष्यन्धकवृष्णिकुरुभ्यश्च,no
4.1.115,4,1,115,mAturut saMKyAsamBadrapUrvAyAH,māturut saṃkhyāsambhadrapūrvāyāḥ,मातुरुत् संख्यासम्भद्रपूर्वायाः,no
4.1.116,4,1,116,kanyAyAH kanIna ca,kanyāyāḥ kanīna ca,कन्यायाः कनीन च,no
4.1.117,4,1,117,vikarRaSuNgacCagalAdvatsaBaradvAjAtrizu,vikarṇaśuṅgacchagalādvatsabharadvājātriṣu,विकर्णशुङ्गच्छगलाद्वत्सभरद्वाजात्रिषु,no
4.1.118,4,1,118,pIlAyA vA,pīlāyā vā,पीलाया वा,no
4.1.119,4,1,119,Qak ca maRqUkAt,ḍhak ca maṇḍūkāt,ढक् च मण्डूकात्,no
4.1.120,4,1,120,strIByo Qak,strībhyo ḍhak,स्त्रीभ्यो ढक्,no
4.1.121,4,1,121,dvyacaH,dvyacaḥ,द्व्यचः,no
4.1.122,4,1,122,itaScAniYaH,itaścāniñaḥ,इतश्चानिञः,no
4.1.123,4,1,123,SuBrAdiByaSca,śubhrādibhyaśca,शुभ्रादिभ्यश्च,no
4.1.124,4,1,124,vikarRakuzItakAt kASyape,vikarṇakuṣītakāt kāśyape,विकर्णकुषीतकात् काश्यपे,no
4.1.125,4,1,125,Bruvo vuk ca,bhruvo vuk ca,भ्रुवो वुक् च,no
4.1.126,4,1,126,kalyARyAdInAminaN,kalyāṇyādīnāminaṅ,कल्याण्यादीनामिनङ्,no
4.1.127,4,1,127,kulawAyA vA,kulaṭāyā vā,कुलटाया वा,no
4.1.128,4,1,128,cawakAyA Erak,caṭakāyā airak,चटकाया ऐरक्,no
4.1.129,4,1,129,goDAyA Qrak,godhāyā ḍhrak,गोधाया ढ्रक्,no
4.1.130,4,1,130,AragudIcAm,āragudīcām,आरगुदीचाम्,no
4.1.131,4,1,131,kzudrAByo vA,kṣudrābhyo vā,क्षुद्राभ्यो वा,no
4.1.132,4,1,132,pitfzvasuSCaR,pitṛṣvasuśchaṇ,पितृष्वसुश्छण्,no
4.1.133,4,1,133,Qaki lopaH,ḍhaki lopaḥ,ढकि लोपः,no
4.1.134,4,1,134,mAtfzvasuSca,mātṛṣvasuśca,मातृष्वसुश्च,no
4.1.135,4,1,135,catuzpAdByo QaY,catuṣpādbhyo ḍhañ,चतुष्पाद्भ्यो ढञ्,no
4.1.136,4,1,136,gfzwyAdiByaSca,gṛṣṭyādibhyaśca,गृष्ट्यादिभ्यश्च,no
4.1.137,4,1,137,rAjaSvaSurAdyat,rājaśvaśurādyat,राजश्वशुराद्यत्,no
4.1.138,4,1,138,kzatrAdGaH,kṣatrādghaḥ,क्षत्राद्घः,no
4.1.139,4,1,139,kulAt KaH,kulāt khaḥ,कुलात् खः,no
4.1.140,4,1,140,apUrvapadAdanyatarasyAM yaqQakaYO,apūrvapadādanyatarasyāṃ yaḍḍhakañau,अपूर्वपदादन्यतरस्यां यड्ढकञौ,no
4.1.141,4,1,141,mahAkulAdaYKaYO,mahākulādañkhañau,महाकुलादञ्खञौ,no
4.1.142,4,1,142,duzkulAqQak,duṣkulāḍḍhak,दुष्कुलाड्ढक्,no
4.1.143,4,1,143,svasuSCaH,svasuśchaḥ,स्वसुश्छः,no
4.1.144,4,1,144,BrAturvyacca,bhrāturvyacca,भ्रातुर्व्यच्च,no
4.1.145,4,1,145,vyan sapatne,vyan sapatne,व्यन् सपत्ने,no
4.1.146,4,1,146,revatyAdiByazWak,revatyādibhyaṣṭhak,रेवत्यादिभ्यष्ठक्,no
4.1.147,4,1,147,gotrastriyAH kutsane Ra ca,gotrastriyāḥ kutsane ṇa ca,गोत्रस्त्रियाः कुत्सने ण च,no
4.1.148,4,1,148,vfdDAwWak sOvIrezu bahulam,vṛddhāṭṭhak sauvīreṣu bahulam,वृद्धाट्ठक् सौवीरेषु बहुलम्,no
4.1.149,4,1,149,PeSCa ca,pheścha ca,फेश्छ च,no
4.1.150,4,1,150,PARwAhftimimatAByAM RaPiYO,phāṇṭāhṛtimimatābhyāṃ ṇaphiñau,फाण्टाहृतिमिमताभ्यां णफिञौ,no
4.1.151,4,1,151,kurvAdiByo RyaH,kurvādibhyo ṇyaḥ,कुर्वादिभ्यो ण्यः,no
4.1.152,4,1,152,senAntalakzaRakAriByaSca,senāntalakṣaṇakāribhyaśca,सेनान्तलक्षणकारिभ्यश्च,no
4.1.153,4,1,153,udIcAmiY,udīcāmiñ,उदीचामिञ्,no
4.1.154,4,1,154,tikAdiByaH PiY,tikādibhyaḥ phiñ,तिकादिभ्यः फिञ्,no
4.1.155,4,1,155,kOsalyakArmAryAByAM ca,kausalyakārmāryābhyāṃ ca,कौसल्यकार्मार्याभ्यां च,no
4.1.156,4,1,156,aRo dvyacaH,aṇo dvyacaḥ,अणो द्व्यचः,no
4.1.157,4,1,157,udIcAM vfdDAdagotrAt,udīcāṃ vṛddhādagotrāt,उदीचां वृद्धादगोत्रात्,no
4.1.158,4,1,158,vAkinAdInAM kuk ca,vākinādīnāṃ kuk ca,वाकिनादीनां कुक् च,no
4.1.159,4,1,159,putrAntAdanyatarasyAm,putrāntādanyatarasyām,पुत्रान्तादन्यतरस्याम्,no
4.1.160,4,1,160,prAcAmavfdDAt Pin bahulam,prācāmavṛddhāt phin bahulam,प्राचामवृद्धात् फिन् बहुलम्,no
4.1.161,4,1,161,manorjAtAvaYyatO zuk ca,manorjātāvañyatau ṣuk ca,मनोर्जातावञ्यतौ षुक् च,no
4.1.162,4,1,162,apatyaM pOtrapraBfti gotram,apatyaṃ pautraprabhṛti gotram,अपत्यं पौत्रप्रभृति गोत्रम्,no
4.1.163,4,1,163,jIvati tu vaMSye yuvA,jīvati tu vaṃśye yuvā,जीवति तु वंश्ये युवा,no
4.1.164,4,1,164,BrAtari ca jyAyasi,bhrātari ca jyāyasi,भ्रातरि च ज्यायसि,no
4.1.165,4,1,165,vAnyasmin sapiRqe sTaviratare jIvati,vānyasmin sapiṇḍe sthaviratare jīvati,वान्यस्मिन् सपिण्डे स्थविरतरे जीवति,no
4.1.166,4,1,166,vfdDasya ca pUjAyAm,vṛddhasya ca pūjāyām,वृद्धस्य च पूजायाम्,no
4.1.167,4,1,167,yUnaSca kutsAyAm,yūnaśca kutsāyām,यूनश्च कुत्सायाम्,no
4.1.168,4,1,168,janapadaSabdAt kzatriyAdaY,janapadaśabdāt kṣatriyādañ,जनपदशब्दात् क्षत्रियादञ्,no
4.1.169,4,1,169,sAlveyagAnDAriByAM ca,sālveyagāndhāribhyāṃ ca,साल्वेयगान्धारिभ्यां च,no
4.1.170,4,1,170,dvyaYmagaDakaliNgasUramasAdaR,dvyañmagadhakaliṅgasūramasādaṇ,द्व्यञ्मगधकलिङ्गसूरमसादण्,no
4.1.171,4,1,171,vfdDetkosalAjAdAYYyaN,vṛddhetkosalājādāññyaṅ,वृद्धेत्कोसलाजादाञ्ञ्यङ्,no
4.1.172,4,1,172,kurunAdiByo RyaH,kurunādibhyo ṇyaḥ,कुरुनादिभ्यो ण्यः,no
4.1.173,4,1,173,sAlvAvayavapratyagraTakalakUwASmakAdiY,sālvāvayavapratyagrathakalakūṭāśmakādiñ,साल्वावयवप्रत्यग्रथकलकूटाश्मकादिञ्,no
4.1.174,4,1,174,te tadrAjAH,te tadrājāḥ,ते तद्राजाः,no
4.1.175,4,1,175,kambojAlluk,kambojālluk,कम्बोजाल्लुक्,no
4.1.176,4,1,176,striyAmavantikuntikuruByaSca,striyāmavantikuntikurubhyaśca,स्त्रियामवन्तिकुन्तिकुरुभ्यश्च,no
4.1.177,4,1,177,ataSca,ataśca,अतश्च,no
4.1.178,4,1,178,na prAcyaBargAdiyODeyAdiByaH,na prācyabhargādiyaudheyādibhyaḥ,न प्राच्यभर्गादियौधेयादिभ्यः,no
4.2.1,4,2,1,tena raktaM rAgAt,tena raktaṃ rāgāt,तेन रक्तं रागात्,no
4.2.2,4,2,2,lAkzArocanASakalakardamAwWak,lākṣārocanāśakalakardamāṭṭhak,लाक्षारोचनाशकलकर्दमाट्ठक्,no
4.2.3,4,2,3,nakzatreRa yuktaH kAlaH,nakṣatreṇa yuktaḥ kālaḥ,नक्षत्रेण युक्तः कालः,no
4.2.4,4,2,4,lubaviSeze,lubaviśeṣe,लुबविशेषे,no
4.2.5,4,2,5,saMjYAyAM SravaRASvatTAByAm,saṃjñāyāṃ śravaṇāśvatthābhyām,संज्ञायां श्रवणाश्वत्थाभ्याम्,no
4.2.6,4,2,6,dvandvAcCaH,dvandvācchaḥ,द्वन्द्वाच्छः,no
4.2.7,4,2,7,dfzwaM sAma,dṛṣṭaṃ sāma,दृष्टं साम,no
4.2.8,4,2,8,kalerQak,kalerḍhak,कलेर्ढक्,no
4.2.9,4,2,9,vAmadevAqqyaqqyO,vāmadevāḍḍyaḍḍyau,वामदेवाड्ड्यड्ड्यौ,no
4.2.10,4,2,10,parivfto raTaH,parivṛto rathaḥ,परिवृतो रथः,no
4.2.11,4,2,11,pARqukambalAdiniH,pāṇḍukambalādiniḥ,पाण्डुकम्बलादिनिः,no
4.2.12,4,2,12,dvEpavEyAGrAdaY,dvaipavaiyāghrādañ,द्वैपवैयाघ्रादञ्,no
4.2.13,4,2,13,kOmArApUrvavacane,kaumārāpūrvavacane,कौमारापूर्ववचने,no
4.2.14,4,2,14,tatrodDftamamatreByaH,tatroddhṛtamamatrebhyaḥ,तत्रोद्धृतममत्रेभ्यः,no
4.2.15,4,2,15,sTaRqilAcCayitari vrate,sthaṇḍilācchayitari vrate,स्थण्डिलाच्छयितरि व्रते,no
4.2.16,4,2,16,saMskftaM BakzAH,saṃskṛtaṃ bhakṣāḥ,संस्कृतं भक्षाः,no
4.2.17,4,2,17,SUloKAdyat,śūlokhādyat,शूलोखाद्यत्,no
4.2.18,4,2,18,daDnazWak,dadhnaṣṭhak,दध्नष्ठक्,no
4.2.19,4,2,19,udaSvito'nyatarasyAm,udaśvito'nyatarasyām,उदश्वितोऽन्यतरस्याम्,no
4.2.20,4,2,20,kzIrAqQaY,kṣīrāḍḍhañ,क्षीराड्ढञ्,no
4.2.21,4,2,21,sAsmin pOrRamAsIti saMjYAyAm,sāsmin paurṇamāsīti saṃjñāyām,सास्मिन् पौर्णमासीति संज्ञायाम्,no
4.2.22,4,2,22,AgrahAyaRyaSvatTAwWak,āgrahāyaṇyaśvatthāṭṭhak,आग्रहायण्यश्वत्थाट्ठक्,no
4.2.23,4,2,23,viBAzA PAlgunISravaRAkArttikIcEtrIByaH,vibhāṣā phālgunīśravaṇākārttikīcaitrībhyaḥ,विभाषा फाल्गुनीश्रवणाकार्त्तिकीचैत्रीभ्यः,no
4.2.24,4,2,24,sAsya devatA,sāsya devatā,सास्य देवता,no
4.2.25,4,2,25,kasyet,kasyet,कस्येत्,no
4.2.26,4,2,26,SukrAdGan,śukrādghan,शुक्राद्घन्,no
4.2.27,4,2,27,aponaptrapAnnaptfByAM GaH,aponaptrapānnaptṛbhyāṃ ghaḥ,अपोनप्त्रपान्नप्तृभ्यां घः,no
4.2.28,4,2,28,Ca ca,cha ca,छ च,no
4.2.29,4,2,29,mahendrAdGARO ca,mahendrādghāṇau ca,महेन्द्राद्घाणौ च,no
4.2.30,4,2,30,somAwwyaR,somāṭṭyaṇ,सोमाट्ट्यण्,no
4.2.31,4,2,31,vAyvftupitruzaso yat,vāyvṛtupitruṣaso yat,वाय्वृतुपित्रुषसो यत्,no
4.2.32,4,2,32,dyAvApfTivISunAsIramarutvadagnIzomavAstozpatigfhameDAcCa ca,dyāvāpṛthivīśunāsīramarutvadagnīṣomavāstoṣpatigṛhamedhāccha ca,द्यावापृथिवीशुनासीरमरुत्वदग्नीषोमवास्तोष्पतिगृहमेधाच्छ च,no
4.2.33,4,2,33,agnerQak,agnerḍhak,अग्नेर्ढक्,no
4.2.34,4,2,34,kAleByo Bavavat,kālebhyo bhavavat,कालेभ्यो भववत्,no
4.2.35,4,2,35,mahArAjaprozWapadAwWaY,mahārājaproṣṭhapadāṭṭhañ,महाराजप्रोष्ठपदाट्ठञ्,no
4.2.36,4,2,36,pitfvyamAtulamAtAmahapitAmahAH,pitṛvyamātulamātāmahapitāmahāḥ,पितृव्यमातुलमातामहपितामहाः,no
4.2.37,4,2,37,tasya samUhaH,tasya samūhaḥ,तस्य समूहः,no
4.2.38,4,2,38,BikzAdiByo'R,bhikṣādibhyo'ṇ,भिक्षादिभ्योऽण्,no
4.2.39,4,2,39,gotrokzozwroraBrarAjarAjanyarAjaputravatsamanuzyAjAdvuY,gotrokṣoṣṭrorabhrarājarājanyarājaputravatsamanuṣyājādvuñ,गोत्रोक्षोष्ट्रोरभ्रराजराजन्यराजपुत्रवत्समनुष्याजाद्वुञ्,no
4.2.40,4,2,40,kedArAdyaY ca,kedārādyañ ca,केदाराद्यञ् च,no
4.2.41,4,2,41,WaY kavacinaSca,ṭhañ kavacinaśca,ठञ् कवचिनश्च,no
4.2.42,4,2,42,brAhmaRamARavavAqavAdyan,brāhmaṇamāṇavavāḍavādyan,ब्राह्मणमाणववाडवाद्यन्,no
4.2.43,4,2,43,grAmajanabanDusahAyeByaH tal,grāmajanabandhusahāyebhyaḥ tal,ग्रामजनबन्धुसहायेभ्यः तल्,no
4.2.44,4,2,44,anudAttAderaY,anudāttāderañ,अनुदात्तादेरञ्,no
4.2.45,4,2,45,KaRqikAdiByaSca,khaṇḍikādibhyaśca,खण्डिकादिभ्यश्च,no
4.2.46,4,2,46,caraReByo Darmavat,caraṇebhyo dharmavat,चरणेभ्यो धर्मवत्,no
4.2.47,4,2,47,acittahastiDenozWak,acittahastidhenoṣṭhak,अचित्तहस्तिधेनोष्ठक्,no
4.2.48,4,2,48,keSASvAByAM yaYCAvanyatarasyAm,keśāśvābhyāṃ yañchāvanyatarasyām,केशाश्वाभ्यां यञ्छावन्यतरस्याम्,no
4.2.49,4,2,49,pASAdiByo yaH,pāśādibhyo yaḥ,पाशादिभ्यो यः,no
4.2.50,4,2,50,KalagoraTAt,khalagorathāt,खलगोरथात्,no
4.2.51,4,2,51,initrakawyacaSca,initrakaṭyacaśca,इनित्रकट्यचश्च,no
4.2.52,4,2,52,vizayo deSe,viṣayo deśe,विषयो देशे,no
4.2.53,4,2,53,rAjanyAdiByo vuY,rājanyādibhyo vuñ,राजन्यादिभ्यो वुञ्,no
4.2.54,4,2,54,BOrikyAdyEzukAryAdiByo viDalBaktalO,bhaurikyādyaiṣukāryādibhyo vidhalbhaktalau,भौरिक्याद्यैषुकार्यादिभ्यो विधल्भक्तलौ,no
4.2.55,4,2,55,so'syAdiriti cCandasaH pragATezu,so'syādiriti cchandasaḥ pragātheṣu,सोऽस्यादिरिति च्छन्दसः प्रगाथेषु,no
4.2.56,4,2,56,saMgrAme prayojanayodDfByaH,saṃgrāme prayojanayoddhṛbhyaḥ,संग्रामे प्रयोजनयोद्धृभ्यः,no
4.2.57,4,2,57,tadasyAM praharaRamiti krIqAyAm RaH,tadasyāṃ praharaṇamiti krīḍāyām ṇaḥ,तदस्यां प्रहरणमिति क्रीडायाम् णः,no
4.2.58,4,2,58,GaYaH sA'syAM kriyeti YaH,ghañaḥ sā'syāṃ kriyeti ñaḥ,घञः साऽस्यां क्रियेति ञः,no
4.2.59,4,2,59,tadaDIte tadveda,tadadhīte tadveda,तदधीते तद्वेद,no
4.2.60,4,2,60,kratUkTAdisUtrAntAwWak,kratūkthādisūtrāntāṭṭhak,क्रतूक्थादिसूत्रान्ताट्ठक्,no
4.2.61,4,2,61,kramAdiByo vun,kramādibhyo vun,क्रमादिभ्यो वुन्,no
4.2.62,4,2,62,anubrAhmaRAdiniH,anubrāhmaṇādiniḥ,अनुब्राह्मणादिनिः,no
4.2.63,4,2,63,vasantAdiByazWak,vasantādibhyaṣṭhak,वसन्तादिभ्यष्ठक्,no
4.2.64,4,2,64,proktAlluk,proktālluk,प्रोक्ताल्लुक्,no
4.2.65,4,2,65,sUtrAcca kopaDAt,sūtrācca kopadhāt,सूत्राच्च कोपधात्,no
4.2.66,4,2,66,CandobrAhmaRAni ca tadvizayARi,chandobrāhmaṇāni ca tadviṣayāṇi,छन्दोब्राह्मणानि च तद्विषयाणि,no
4.2.67,4,2,67,tadasminnastIti deSe tannAmni,tadasminnastīti deśe tannāmni,तदस्मिन्नस्तीति देशे तन्नाम्नि,no
4.2.68,4,2,68,tena nirvfttam,tena nirvṛttam,तेन निर्वृत्तम्,no
4.2.69,4,2,69,tasya nivAsaH,tasya nivāsaḥ,तस्य निवासः,no
4.2.70,4,2,70,adUraBavaSca,adūrabhavaśca,अदूरभवश्च,no
4.2.71,4,2,71,oraY,orañ,ओरञ्,no
4.2.72,4,2,72,matoSca bahvajaNgAt,matośca bahvajaṅgāt,मतोश्च बह्वजङ्गात्,no
4.2.73,4,2,73,bahvacaH kUpezu,bahvacaḥ kūpeṣu,बह्वचः कूपेषु,no
4.2.74,4,2,74,udak ca vipASaH,udak ca vipāśaḥ,उदक् च विपाशः,no
4.2.75,4,2,75,saMkalAdiByaSca,saṃkalādibhyaśca,संकलादिभ्यश्च,no
4.2.76,4,2,76,strIzu sOvIrasAlvaprAkzu,strīṣu sauvīrasālvaprākṣu,स्त्रीषु सौवीरसाल्वप्राक्षु,no
4.2.77,4,2,77,suvAstvAdiByo'R,suvāstvādibhyo'ṇ,सुवास्त्वादिभ्योऽण्,no
4.2.78,4,2,78,roRI,roṇī,रोणी,no
4.2.79,4,2,79,kopaDAcca,kopadhācca,कोपधाच्च,no
4.2.80,4,2,80,vuYCaRkaWajilaSeniraQaYRyayaPakPiYiYYyakakWako'rIhaRakfSASvarSyakumudakASatfRaprekzA'SmasaKisaMkASabalapakzakarRasutaMgamapragadinvarAhakumudAdiByaH,vuñchaṇkaṭhajilaśeniraḍhañṇyayaphakphiñiññyakakṭhako'rīhaṇakṛśāśvarśyakumudakāśatṛṇaprekṣā'śmasakhisaṃkāśabalapakṣakarṇasutaṃgamapragadinvarāhakumudādibhyaḥ,वुञ्छण्कठजिलशेनिरढञ्ण्ययफक्फिञिञ्ञ्यकक्ठकोऽरीहणकृशाश्वर्श्यकुमुदकाशतृणप्रेक्षाऽश्मसखिसंकाशबलपक्षकर्णसुतंगमप्रगदिन्वराहकुमुदादिभ्यः,no
4.2.81,4,2,81,janapade lup,janapade lup,जनपदे लुप्,no
4.2.82,4,2,82,varaRAdiByaSca,varaṇādibhyaśca,वरणादिभ्यश्च,no
4.2.83,4,2,83,SarkarAyA vA,śarkarāyā vā,शर्कराया वा,no
4.2.84,4,2,84,WakCO ca,ṭhakchau ca,ठक्छौ च,no
4.2.85,4,2,85,nadyAM matup,nadyāṃ matup,नद्यां मतुप्,no
4.2.86,4,2,86,maDvAdiByaSca,madhvādibhyaśca,मध्वादिभ्यश्च,no
4.2.87,4,2,87,kumudanaqavetaseByo qmatup,kumudanaḍavetasebhyo ḍmatup,कुमुदनडवेतसेभ्यो ड्मतुप्,no
4.2.88,4,2,88,naqaSAdAqqvalac,naḍaśādāḍḍvalac,नडशादाड्ड्वलच्,no
4.2.89,4,2,89,SiKAyA valac,śikhāyā valac,शिखाया वलच्,no
4.2.90,4,2,90,utkarAdiByaSCaH,utkarādibhyaśchaḥ,उत्करादिभ्यश्छः,no
4.2.91,4,2,91,naqAdInAM kuk ca,naḍādīnāṃ kuk ca,नडादीनां कुक् च,no
4.2.92,4,2,92,Seze,śeṣe,शेषे,no
4.2.93,4,2,93,rAzwrAvArapArAdGaKO,rāṣṭrāvārapārādghakhau,राष्ट्रावारपाराद्घखौ,no
4.2.94,4,2,94,grAmAdyaKaYO,grāmādyakhañau,ग्रामाद्यखञौ,no
4.2.95,4,2,95,katryAdiByo QakaY,katryādibhyo ḍhakañ,कत्र्यादिभ्यो ढकञ्,no
4.2.96,4,2,96,kulakukzigrIvAByaH SvAsyalaMkArezu,kulakukṣigrīvābhyaḥ śvāsyalaṃkāreṣu,कुलकुक्षिग्रीवाभ्यः श्वास्यलंकारेषु,no
4.2.97,4,2,97,nadyAdiByo Qak,nadyādibhyo ḍhak,नद्यादिभ्यो ढक्,no
4.2.98,4,2,98,dakziRApaScAtpurasastyak,dakṣiṇāpaścātpurasastyak,दक्षिणापश्चात्पुरसस्त्यक्,no
4.2.99,4,2,99,kApiSyAH zPak,kāpiśyāḥ ṣphak,कापिश्याः ष्फक्,no
4.2.100,4,2,100,raMkoramanuzye'R ca,raṃkoramanuṣye'ṇ ca,रंकोरमनुष्येऽण् च,no
4.2.101,4,2,101,dyuprAgapAgudakpratIco yat,dyuprāgapāgudakpratīco yat,द्युप्रागपागुदक्प्रतीचो यत्,no
4.2.102,4,2,102,kanTAyAzWak,kanthāyāṣṭhak,कन्थायाष्ठक्,no
4.2.103,4,2,103,varRO vuk,varṇau vuk,वर्णौ वुक्,no
4.2.104,4,2,104,avyayAttyap,avyayāttyap,अव्ययात्त्यप्,no
4.2.105,4,2,105,EzamohyaHSvaso'nyatarasyAm,aiṣamohyaḥśvaso'nyatarasyām,ऐषमोह्यःश्वसोऽन्यतरस्याम्,no
4.2.106,4,2,106,tIrarUpyottarapadAdaYYO,tīrarūpyottarapadādaññau,तीररूप्योत्तरपदादञ्ञौ,no
4.2.107,4,2,107,dikpUrvapadAdasaMjYAyAM YaH,dikpūrvapadādasaṃjñāyāṃ ñaḥ,दिक्पूर्वपदादसंज्ञायां ञः,no
4.2.108,4,2,108,madreByo'Y,madrebhyo'ñ,मद्रेभ्योऽञ्,no
4.2.109,4,2,109,udIcyagrAmAcca bahvaco'ntodAttAt,udīcyagrāmācca bahvaco'ntodāttāt,उदीच्यग्रामाच्च बह्वचोऽन्तोदात्तात्,no
4.2.110,4,2,110,prasTottarapadapaladyAdikopaDAdaR,prasthottarapadapaladyādikopadhādaṇ,प्रस्थोत्तरपदपलद्यादिकोपधादण्,no
4.2.111,4,2,111,kaRvAdiByo gotre,kaṇvādibhyo gotre,कण्वादिभ्यो गोत्रे,no
4.2.112,4,2,112,iYaSca,iñaśca,इञश्च,no
4.2.113,4,2,113,na dvyacaH prAcyaBaratezu,na dvyacaḥ prācyabharateṣu,न द्व्यचः प्राच्यभरतेषु,no
4.2.114,4,2,114,vfdDAcCaH,vṛddhācchaḥ,वृद्धाच्छः,no
4.2.115,4,2,115,BavatazWakCasO,bhavataṣṭhakchasau,भवतष्ठक्छसौ,no
4.2.116,4,2,116,kASyAdiByazWaYYiWO,kāśyādibhyaṣṭhaññiṭhau,काश्यादिभ्यष्ठञ्ञिठौ,no
4.2.117,4,2,117,vAhIkagrAmeByaSca,vāhīkagrāmebhyaśca,वाहीकग्रामेभ्यश्च,no
4.2.118,4,2,118,viBAzoSInarezu,vibhāṣośīnareṣu,विभाषोशीनरेषु,no
4.2.119,4,2,119,ordeSe WaY,ordeśe ṭhañ,ओर्देशे ठञ्,no
4.2.120,4,2,120,vfdDAt prAcAm,vṛddhāt prācām,वृद्धात् प्राचाम्,no
4.2.121,4,2,121,DanvayopaDAdvuY,dhanvayopadhādvuñ,धन्वयोपधाद्वुञ्,no
4.2.122,4,2,122,prasTapuravahAntAcca,prasthapuravahāntācca,प्रस्थपुरवहान्ताच्च,no
4.2.123,4,2,123,ropaDetoH prAcAm,ropadhetoḥ prācām,रोपधेतोः प्राचाम्,no
4.2.124,4,2,124,janapadatadavaDyoSca,janapadatadavadhyośca,जनपदतदवध्योश्च,no
4.2.125,4,2,125,avfdDAdapi bahuvacanavizayAt,avṛddhādapi bahuvacanaviṣayāt,अवृद्धादपि बहुवचनविषयात्,no
4.2.126,4,2,126,kacCAgnivaktravarttottarapadAt,kacchāgnivaktravarttottarapadāt,कच्छाग्निवक्त्रवर्त्तोत्तरपदात्,no
4.2.127,4,2,127,DUmAdiByaSca,dhūmādibhyaśca,धूमादिभ्यश्च,no
4.2.128,4,2,128,nagarAt kutsanaprAvIRyayoH,nagarāt kutsanaprāvīṇyayoḥ,नगरात् कुत्सनप्रावीण्ययोः,no
4.2.129,4,2,129,araRyAnmanuzye,araṇyānmanuṣye,अरण्यान्मनुष्ये,no
4.2.130,4,2,130,viBAzA kuruyuganDarAByAm,vibhāṣā kuruyugandharābhyām,विभाषा कुरुयुगन्धराभ्याम्,no
4.2.131,4,2,131,madravfjyoH kan,madravṛjyoḥ kan,मद्रवृज्योः कन्,no
4.2.132,4,2,132,kopaDAdaR,kopadhādaṇ,कोपधादण्,no
4.2.133,4,2,133,kacCAdiByaSca,kacchādibhyaśca,कच्छादिभ्यश्च,no
4.2.134,4,2,134,manuzyatatsTayorvuY,manuṣyatatsthayorvuñ,मनुष्यतत्स्थयोर्वुञ्,no
4.2.135,4,2,135,apadAtO sAlvAt,apadātau sālvāt,अपदातौ साल्वात्,no
4.2.136,4,2,136,goyavAgvoSca,goyavāgvośca,गोयवाग्वोश्च,no
4.2.137,4,2,137,gartottarapadAcCaH,gartottarapadācchaḥ,गर्तोत्तरपदाच्छः,no
4.2.138,4,2,138,gahAdiByaSca,gahādibhyaśca,गहादिभ्यश्च,no
4.2.139,4,2,139,prAcAM kawAdeH,prācāṃ kaṭādeḥ,प्राचां कटादेः,no
4.2.140,4,2,140,rAjYaH ka ca,rājñaḥ ka ca,राज्ञः क च,no
4.2.141,4,2,141,vfdDAdakekAntaKopaDAt,vṛddhādakekāntakhopadhāt,वृद्धादकेकान्तखोपधात्,no
4.2.142,4,2,142,kanTApaladanagaragrAmahfdottarapadAt,kanthāpaladanagaragrāmahṛdottarapadāt,कन्थापलदनगरग्रामहृदोत्तरपदात्,no
4.2.143,4,2,143,parvatAcca,parvatācca,पर्वताच्च,no
4.2.144,4,2,144,viBAzA'manuzye,vibhāṣā'manuṣye,विभाषाऽमनुष्ये,no
4.2.145,4,2,145,kfkaRaparRAdBAradvAje,kṛkaṇaparṇādbhāradvāje,कृकणपर्णाद्भारद्वाजे,no
4.3.1,4,3,1,yuzmadasmadoranyatarasyAM KaY ca,yuṣmadasmadoranyatarasyāṃ khañ ca,युष्मदस्मदोरन्यतरस्यां खञ् च,no
4.3.2,4,3,2,tasminnaRi ca yuzmAkAsmAkO,tasminnaṇi ca yuṣmākāsmākau,तस्मिन्नणि च युष्माकास्माकौ,no
4.3.3,4,3,3,tavakamamakAvekavacane,tavakamamakāvekavacane,तवकममकावेकवचने,no
4.3.4,4,3,4,arDAdyat,ardhādyat,अर्धाद्यत्,no
4.3.5,4,3,5,parAvarADamottamapUrvAcca,parāvarādhamottamapūrvācca,परावराधमोत्तमपूर्वाच्च,no
4.3.6,4,3,6,dikpUrvapadAwWaY ca,dikpūrvapadāṭṭhañ ca,दिक्पूर्वपदाट्ठञ् च,no
4.3.7,4,3,7,grAmajanapadEkadeSAdaYWaYO,grāmajanapadaikadeśādañṭhañau,ग्रामजनपदैकदेशादञ्ठञौ,no
4.3.8,4,3,8,maDyAnmaH,madhyānmaḥ,मध्यान्मः,no
4.3.9,4,3,9,a sAmpratike,a sāmpratike,अ साम्प्रतिके,no
4.3.10,4,3,10,dvIpAdanusamudraM yaY,dvīpādanusamudraṃ yañ,द्वीपादनुसमुद्रं यञ्,no
4.3.11,4,3,11,kAlAwWaY,kālāṭṭhañ,कालाट्ठञ्,no
4.3.12,4,3,12,SrAdDe SaradaH,śrāddhe śaradaḥ,श्राद्धे शरदः,no
4.3.13,4,3,13,viBAzA rogAtapayoH,vibhāṣā rogātapayoḥ,विभाषा रोगातपयोः,no
4.3.14,4,3,14,niSApradozAByAM ca,niśāpradoṣābhyāṃ ca,निशाप्रदोषाभ्यां च,no
4.3.15,4,3,15,Svasastuw ca,śvasastuṭ ca,श्वसस्तुट् च,no
4.3.16,4,3,16,saMDivelAdyftunakzatreByo'R,saṃdhivelādyṛtunakṣatrebhyo'ṇ,संधिवेलाद्यृतुनक्षत्रेभ्योऽण्,no
4.3.17,4,3,17,prAvfza eRyaH,prāvṛṣa eṇyaḥ,प्रावृष एण्यः,no
4.3.18,4,3,18,varzAByazWak,varṣābhyaṣṭhak,वर्षाभ्यष्ठक्,no
4.3.19,4,3,19,Candasi WaY,chandasi ṭhañ,छन्दसि ठञ्,no
4.3.20,4,3,20,vasantAcca,vasantācca,वसन्ताच्च,no
4.3.21,4,3,21,hemantAcca,hemantācca,हेमन्ताच्च,no
4.3.22,4,3,22,sarvatrAR ca talopaSca,sarvatrāṇ ca talopaśca,सर्वत्राण् च तलोपश्च,no
4.3.23,4,3,23,sAyaMciramprAhReprage'vyayeByazwyuwyulO tuw ca,sāyaṃciramprāhṇeprage'vyayebhyaṣṭyuṭyulau tuṭ ca,सायंचिरम्प्राह्णेप्रगेऽव्ययेभ्यष्ट्युट्युलौ तुट् च,no
4.3.24,4,3,24,viBAzA pUrvAhRAparAhRAByAm,vibhāṣā pūrvāhṇāparāhṇābhyām,विभाषा पूर्वाह्णापराह्णाभ्याम्,no
4.3.25,4,3,25,tatra jAtaH,tatra jātaḥ,तत्र जातः,no
4.3.26,4,3,26,prAvfzazWap,prāvṛṣaṣṭhap,प्रावृषष्ठप्,no
4.3.27,4,3,27,saMjYAyAM Sarado vuY,saṃjñāyāṃ śarado vuñ,संज्ञायां शरदो वुञ्,no
4.3.28,4,3,28,pUrvAhRAparAhRArdrAmUlapradozAvaskarAdvun,pūrvāhṇāparāhṇārdrāmūlapradoṣāvaskarādvun,पूर्वाह्णापराह्णार्द्रामूलप्रदोषावस्कराद्वुन्,no
4.3.29,4,3,29,paTaH panTa ca,pathaḥ pantha ca,पथः पन्थ च,no
4.3.30,4,3,30,amAvAsyAyA vA,amāvāsyāyā vā,अमावास्याया वा,no
4.3.31,4,3,31,a ca,a ca,अ च,no
4.3.32,4,3,32,sinDvapakarAByAM kan,sindhvapakarābhyāṃ kan,सिन्ध्वपकराभ्यां कन्,no
4.3.33,4,3,33,aRaYO ca,aṇañau ca,अणञौ च,no
4.3.34,4,3,34,SravizWAPalgunyanurADAsvAtitizyapunarvasuhastaviSAKAzAQAbahulAlluk,śraviṣṭhāphalgunyanurādhāsvātitiṣyapunarvasuhastaviśākhāṣāḍhābahulālluk,श्रविष्ठाफल्गुन्यनुराधास्वातितिष्यपुनर्वसुहस्तविशाखाषाढाबहुलाल्लुक्,no
4.3.35,4,3,35,sTAnAntagoSAlaKaraSAlAcca,sthānāntagośālakharaśālācca,स्थानान्तगोशालखरशालाच्च,no
4.3.36,4,3,36,vatsaSAlABijidaSvayukCataBizajo vA,vatsaśālābhijidaśvayukchatabhiṣajo vā,वत्सशालाभिजिदश्वयुक्छतभिषजो वा,no
4.3.37,4,3,37,nakzatreByo bahulam,nakṣatrebhyo bahulam,नक्षत्रेभ्यो बहुलम्,no
4.3.38,4,3,38,kftalabDakrItakuSalAH,kṛtalabdhakrītakuśalāḥ,कृतलब्धक्रीतकुशलाः,no
4.3.39,4,3,39,prAyaBavaH,prāyabhavaḥ,प्रायभवः,no
4.3.40,4,3,40,upajAnUpakarRopanIvezWak,upajānūpakarṇopanīveṣṭhak,उपजानूपकर्णोपनीवेष्ठक्,no
4.3.41,4,3,41,saMBUte,saṃbhūte,संभूते,no
4.3.42,4,3,42,koSAqQaY,kośāḍḍhañ,कोशाड्ढञ्,no
4.3.43,4,3,43,kAlAt sADupuzpyatpacyamAnezu,kālāt sādhupuṣpyatpacyamāneṣu,कालात् साधुपुष्प्यत्पच्यमानेषु,no
4.3.44,4,3,44,upte ca,upte ca,उप्ते च,no
4.3.45,4,3,45,ASvayujyA vuY,āśvayujyā vuñ,आश्वयुज्या वुञ्,no
4.3.46,4,3,46,grIzmavasantAdanyatarasyAm,grīṣmavasantādanyatarasyām,ग्रीष्मवसन्तादन्यतरस्याम्,no
4.3.47,4,3,47,deyamfRe,deyamṛṇe,देयमृणे,no
4.3.48,4,3,48,kalApyaSvatTayavabusAdvun,kalāpyaśvatthayavabusādvun,कलाप्यश्वत्थयवबुसाद्वुन्,no
4.3.49,4,3,49,grIzmAvarasamAdvuY,grīṣmāvarasamādvuñ,ग्रीष्मावरसमाद्वुञ्,no
4.3.50,4,3,50,saMvatsarAgrahAyaRIByAM WaY ca,saṃvatsarāgrahāyaṇībhyāṃ ṭhañ ca,संवत्सराग्रहायणीभ्यां ठञ् च,no
4.3.51,4,3,51,vyAharati mfgaH,vyāharati mṛgaḥ,व्याहरति मृगः,no
4.3.52,4,3,52,tadasya soQam,tadasya soḍham,तदस्य सोढम्,no
4.3.53,4,3,53,tatra BavaH,tatra bhavaḥ,तत्र भवः,no
4.3.54,4,3,54,digAdiByo yat,digādibhyo yat,दिगादिभ्यो यत्,no
4.3.55,4,3,55,SarIrAvayavAcca,śarīrāvayavācca,शरीरावयवाच्च,no
4.3.56,4,3,56,dftikukzikalaSivastyastyaherQaY,dṛtikukṣikalaśivastyastyaherḍhañ,दृतिकुक्षिकलशिवस्त्यस्त्यहेर्ढञ्,no
4.3.57,4,3,57,grIvAByo'R ca,grīvābhyo'ṇ ca,ग्रीवाभ्योऽण् च,no
4.3.58,4,3,58,gamBIrAYYyaH,gambhīrāññyaḥ,गम्भीराञ्ञ्यः,no
4.3.59,4,3,59,avyayIBAvAcca,avyayībhāvācca,अव्ययीभावाच्च,no
4.3.60,4,3,60,antaHpUrvapadAwWaY,antaḥpūrvapadāṭṭhañ,अन्तःपूर्वपदाट्ठञ्,no
4.3.61,4,3,61,grAmAt paryanupUrvAt,grāmāt paryanupūrvāt,ग्रामात् पर्यनुपूर्वात्,no
4.3.62,4,3,62,jihvAmUlANguleSCaH,jihvāmūlāṅguleśchaḥ,जिह्वामूलाङ्गुलेश्छः,no
4.3.63,4,3,63,vargAntAcca,vargāntācca,वर्गान्ताच्च,no
4.3.64,4,3,64,aSabde yatKAvanyatarasyAm,aśabde yatkhāvanyatarasyām,अशब्दे यत्खावन्यतरस्याम्,no
4.3.65,4,3,65,karRalalAwAt kanalaMkAre,karṇalalāṭāt kanalaṃkāre,कर्णललाटात् कनलंकारे,no
4.3.66,4,3,66,tasya vyAKyAna iti ca vyAKyAtavyanAmnaH,tasya vyākhyāna iti ca vyākhyātavyanāmnaḥ,तस्य व्याख्यान इति च व्याख्यातव्यनाम्नः,no
4.3.67,4,3,67,bahvaco'ntodAttAwWaY,bahvaco'ntodāttāṭṭhañ,बह्वचोऽन्तोदात्ताट्ठञ्,no
4.3.68,4,3,68,kratuyajYeByaSca,kratuyajñebhyaśca,क्रतुयज्ञेभ्यश्च,no
4.3.69,4,3,69,aDyAyezvevarzeH,adhyāyeṣvevarṣeḥ,अध्यायेष्वेवर्षेः,no
4.3.70,4,3,70,pOroqASapuroqASAt zWan,pauroḍāśapuroḍāśāt ṣṭhan,पौरोडाशपुरोडाशात् ष्ठन्,no
4.3.71,4,3,71,Candaso yadaRO,chandaso yadaṇau,छन्दसो यदणौ,no
4.3.72,4,3,72,dvyajfdbrAhmaRarkpraTamADvarapuraScaraRanAmAKyAtAwWak,dvyajṛdbrāhmaṇarkprathamādhvarapuraścaraṇanāmākhyātāṭṭhak,द्व्यजृद्ब्राह्मणर्क्प्रथमाध्वरपुरश्चरणनामाख्याताट्ठक्,no
4.3.73,4,3,73,aRfgayanAdiByaH,aṇṛgayanādibhyaḥ,अणृगयनादिभ्यः,no
4.3.74,4,3,74,tata AgataH,tata āgataḥ,तत आगतः,no
4.3.75,4,3,75,WagAyasTAneByaH,ṭhagāyasthānebhyaḥ,ठगायस्थानेभ्यः,no
4.3.76,4,3,76,SuRqikAdiByo'R,śuṇḍikādibhyo'ṇ,शुण्डिकादिभ्योऽण्,no
4.3.77,4,3,77,vidyAyonisaMbanDeByo vuY,vidyāyonisaṃbandhebhyo vuñ,विद्यायोनिसंबन्धेभ्यो वुञ्,no
4.3.78,4,3,78,ftazWaY,ṛtaṣṭhañ,ऋतष्ठञ्,no
4.3.79,4,3,79,pituryacca,pituryacca,पितुर्यच्च,no
4.3.80,4,3,80,gotrAdaNkavat,gotrādaṅkavat,गोत्रादङ्कवत्,no
4.3.81,4,3,81,hetumanuzyeByo'nyatarasyAM rUpyaH,hetumanuṣyebhyo'nyatarasyāṃ rūpyaḥ,हेतुमनुष्येभ्योऽन्यतरस्यां रूप्यः,no
4.3.82,4,3,82,mayaw ca,mayaṭ ca,मयट् च,no
4.3.83,4,3,83,praBavati,prabhavati,प्रभवति,no
4.3.84,4,3,84,vidUrAYYyaH,vidūrāññyaḥ,विदूराञ्ञ्यः,no
4.3.85,4,3,85,tadgacCati paTidUtayoH,tadgacchati pathidūtayoḥ,तद्गच्छति पथिदूतयोः,no
4.3.86,4,3,86,aBinizkrAmati dvAram,abhiniṣkrāmati dvāram,अभिनिष्क्रामति द्वारम्,no
4.3.87,4,3,87,aDikftya kfte granTe,adhikṛtya kṛte granthe,अधिकृत्य कृते ग्रन्थे,no
4.3.88,4,3,88,SiSukrandayamasaBadvandvendrajananAdiByaSCaH,śiśukrandayamasabhadvandvendrajananādibhyaśchaḥ,शिशुक्रन्दयमसभद्वन्द्वेन्द्रजननादिभ्यश्छः,no
4.3.89,4,3,89,so'sya nivAsaH,so'sya nivāsaḥ,सोऽस्य निवासः,no
4.3.90,4,3,90,aBijanaSca,abhijanaśca,अभिजनश्च,no
4.3.91,4,3,91,AyuDajIviByaSCaH parvate,āyudhajīvibhyaśchaḥ parvate,आयुधजीविभ्यश्छः पर्वते,no
4.3.92,4,3,92,SaRqikAdiByo YyaH,śaṇḍikādibhyo ñyaḥ,शण्डिकादिभ्यो ञ्यः,no
4.3.93,4,3,93,sinDutakzaSilAdiByo'RaYO,sindhutakṣaśilādibhyo'ṇañau,सिन्धुतक्षशिलादिभ्योऽणञौ,no
4.3.94,4,3,94,tUdISalAturavarmatIkUcavArAqQakCaRQaYyakaH,tūdīśalāturavarmatīkūcavārāḍḍhakchaṇḍhañyakaḥ,तूदीशलातुरवर्मतीकूचवाराड्ढक्छण्ढञ्यकः,no
4.3.95,4,3,95,BaktiH,bhaktiḥ,भक्तिः,no
4.3.96,4,3,96,acittAdadeSakAlAwWak,acittādadeśakālāṭṭhak,अचित्ताददेशकालाट्ठक्,no
4.3.97,4,3,97,mahArAjAwWaY,mahārājāṭṭhañ,महाराजाट्ठञ्,no
4.3.98,4,3,98,vAsudevArjunAByAM vun,vāsudevārjunābhyāṃ vun,वासुदेवार्जुनाभ्यां वुन्,no
4.3.99,4,3,99,gotrakzatriyAKyeByo bahulaM vuY,gotrakṣatriyākhyebhyo bahulaṃ vuñ,गोत्रक्षत्रियाख्येभ्यो बहुलं वुञ्,no
4.3.100,4,3,100,janapadinAM janapadavat sarvaM janapadena samAnaSabdAnAM bahuvacane,janapadināṃ janapadavat sarvaṃ janapadena samānaśabdānāṃ bahuvacane,जनपदिनां जनपदवत् सर्वं जनपदेन समानशब्दानां बहुवचने,no
4.3.101,4,3,101,tena proktam,tena proktam,तेन प्रोक्तम्,no
4.3.102,4,3,102,tittirivaratantuKaRqikoKAcCaR,tittirivaratantukhaṇḍikokhācchaṇ,तित्तिरिवरतन्तुखण्डिकोखाच्छण्,no
4.3.103,4,3,103,kASyapakOSikAByAmfziByAM RiniH,kāśyapakauśikābhyāmṛṣibhyāṃ ṇiniḥ,काश्यपकौशिकाभ्यामृषिभ्यां णिनिः,no
4.3.104,4,3,104,kalApivESampAyanAntevAsiByaSca,kalāpivaiśampāyanāntevāsibhyaśca,कलापिवैशम्पायनान्तेवासिभ्यश्च,no
4.3.105,4,3,105,purARaproktezu brAhmaRakalpezu,purāṇaprokteṣu brāhmaṇakalpeṣu,पुराणप्रोक्तेषु ब्राह्मणकल्पेषु,no
4.3.106,4,3,106,SOnakAdiByaSCandasi,śaunakādibhyaśchandasi,शौनकादिभ्यश्छन्दसि,no
4.3.107,4,3,107,kaWacarakAlluk,kaṭhacarakālluk,कठचरकाल्लुक्,no
4.3.108,4,3,108,kalApino'R,kalāpino'ṇ,कलापिनोऽण्,no
4.3.109,4,3,109,Cagalino Qinuk,chagalino ḍhinuk,छगलिनो ढिनुक्,no
4.3.110,4,3,110,pArASaryaSilAliByAM BikzunawasUtrayoH,pārāśaryaśilālibhyāṃ bhikṣunaṭasūtrayoḥ,पाराशर्यशिलालिभ्यां भिक्षुनटसूत्रयोः,no
4.3.111,4,3,111,karmandakfSASvAdiniH,karmandakṛśāśvādiniḥ,कर्मन्दकृशाश्वादिनिः,no
4.3.112,4,3,112,tenEkadik,tenaikadik,तेनैकदिक्,no
4.3.113,4,3,113,tasiSca,tasiśca,तसिश्च,no
4.3.114,4,3,114,uraso yacca,uraso yacca,उरसो यच्च,no
4.3.115,4,3,115,upajYAte,upajñāte,उपज्ञाते,no
4.3.116,4,3,116,kfte granTe,kṛte granthe,कृते ग्रन्थे,no
4.3.117,4,3,117,saMjYAyAm,saṃjñāyām,संज्ञायाम्,no
4.3.118,4,3,118,kulAlAdiByo vuY,kulālādibhyo vuñ,कुलालादिभ्यो वुञ्,no
4.3.119,4,3,119,kzudrABramaravawarapAdapAdaY,kṣudrābhramaravaṭarapādapādañ,क्षुद्राभ्रमरवटरपादपादञ्,no
4.3.120,4,3,120,tasyedam,tasyedam,तस्येदम्,no
4.3.121,4,3,121,raTAdyat,rathādyat,रथाद्यत्,no
4.3.122,4,3,122,patrapUrvAdaY,patrapūrvādañ,पत्रपूर्वादञ्,no
4.3.123,4,3,123,patrADvaryuparizadaSca,patrādhvaryupariṣadaśca,पत्राध्वर्युपरिषदश्च,no
4.3.124,4,3,124,halasIrAwWak,halasīrāṭṭhak,हलसीराट्ठक्,no
4.3.125,4,3,125,dvandvAdvun vEramETunikayoH,dvandvādvun vairamaithunikayoḥ,द्वन्द्वाद्वुन् वैरमैथुनिकयोः,no
4.3.126,4,3,126,gotracaraRAdvuY,gotracaraṇādvuñ,गोत्रचरणाद्वुञ्,no
4.3.127,4,3,127,saMGANkalakzaRezvaYyaYiYAmaR,saṃghāṅkalakṣaṇeṣvañyañiñāmaṇ,संघाङ्कलक्षणेष्वञ्यञिञामण्,no
4.3.128,4,3,128,SAkalAdvA,śākalādvā,शाकलाद्वा,no
4.3.129,4,3,129,CandogOkTikayAjYikabahvfcanawAYYyaH,chandogaukthikayājñikabahvṛcanaṭāññyaḥ,छन्दोगौक्थिकयाज्ञिकबह्वृचनटाञ्ञ्यः,no
4.3.130,4,3,130,na daRqamARavAntevAsizu,na daṇḍamāṇavāntevāsiṣu,न दण्डमाणवान्तेवासिषु,no
4.3.131,4,3,131,rEvatikAdiByaSCaH,raivatikādibhyaśchaḥ,रैवतिकादिभ्यश्छः,no
4.3.132,4,3,132,kOpiYjalahAstipadAdaR,kaupiñjalahāstipadādaṇ,कौपिञ्जलहास्तिपदादण्,no
4.3.133,4,3,133,ATarvaRikasyekalopaSca,ātharvaṇikasyekalopaśca,आथर्वणिकस्येकलोपश्च,no
4.3.134,4,3,134,tasya vikAraH,tasya vikāraḥ,तस्य विकारः,no
4.3.135,4,3,135,avayave ca prARyozaDivfkzeByaH,avayave ca prāṇyoṣadhivṛkṣebhyaḥ,अवयवे च प्राण्योषधिवृक्षेभ्यः,no
4.3.136,4,3,136,bilvAdiByo'R,bilvādibhyo'ṇ,बिल्वादिभ्योऽण्,no
4.3.137,4,3,137,kopaDAcca,kopadhācca,कोपधाच्च,no
4.3.138,4,3,138,trapujatunoH zuk,trapujatunoḥ ṣuk,त्रपुजतुनोः षुक्,no
4.3.139,4,3,139,oraY,orañ,ओरञ्,no
4.3.140,4,3,140,anudAttAdeSca,anudāttādeśca,अनुदात्तादेश्च,no
4.3.141,4,3,141,palASAdiByo vA,palāśādibhyo vā,पलाशादिभ्यो वा,no
4.3.142,4,3,142,SamyAzwlaY,śamyāṣṭlañ,शम्याष्ट्लञ्,no
4.3.143,4,3,143,mayaqvEtayorBAzAyAmaBakzyAcCAdanayoH,mayaḍvaitayorbhāṣāyāmabhakṣyācchādanayoḥ,मयड्वैतयोर्भाषायामभक्ष्याच्छादनयोः,no
4.3.144,4,3,144,nityaM vfdDaSarAdiByaH,nityaṃ vṛddhaśarādibhyaḥ,नित्यं वृद्धशरादिभ्यः,no
4.3.145,4,3,145,goSca purIze,gośca purīṣe,गोश्च पुरीषे,no
4.3.146,4,3,146,pizwAcca,piṣṭācca,पिष्टाच्च,no
4.3.147,4,3,147,saMjYAyAM kan,saṃjñāyāṃ kan,संज्ञायां कन्,no
4.3.148,4,3,148,vrIheH puroqASe,vrīheḥ puroḍāśe,व्रीहेः पुरोडाशे,no
4.3.149,4,3,149,asaMjYAyAM tilayavAByAm,asaṃjñāyāṃ tilayavābhyām,असंज्ञायां तिलयवाभ्याम्,no
4.3.150,4,3,150,dvyacaSCandasi,dvyacaśchandasi,द्व्यचश्छन्दसि,no
4.3.151,4,3,151,notvadvarDrabilvAt,notvadvardhrabilvāt,नोत्वद्वर्ध्रबिल्वात्,no
4.3.152,4,3,152,tAlAdiByo'R,tālādibhyo'ṇ,तालादिभ्योऽण्,no
4.3.153,4,3,153,jAtarUpeByaH parimARe,jātarūpebhyaḥ parimāṇe,जातरूपेभ्यः परिमाणे,no
4.3.154,4,3,154,prARirajatAdiByo'Y,prāṇirajatādibhyo'ñ,प्राणिरजतादिभ्योऽञ्,no
4.3.155,4,3,155,YitaSca tatpratyayAt,ñitaśca tatpratyayāt,ञितश्च तत्प्रत्ययात्,no
4.3.156,4,3,156,krItavat parimARAt,krītavat parimāṇāt,क्रीतवत् परिमाणात्,no
4.3.157,4,3,157,uzwrAdvuY,uṣṭrādvuñ,उष्ट्राद्वुञ्,no
4.3.158,4,3,158,umorRayorvA,umorṇayorvā,उमोर्णयोर्वा,no
4.3.159,4,3,159,eRyA QaY,eṇyā ḍhañ,एण्या ढञ्,no
4.3.160,4,3,160,gopayasoryat,gopayasoryat,गोपयसोर्यत्,no
4.3.161,4,3,161,droSca,drośca,द्रोश्च,no
4.3.162,4,3,162,mAne vayaH,māne vayaḥ,माने वयः,no
4.3.163,4,3,163,Pale luk,phale luk,फले लुक्,no
4.3.164,4,3,164,plakzAdiByo'R,plakṣādibhyo'ṇ,प्लक्षादिभ्योऽण्,no
4.3.165,4,3,165,jambvA vA,jambvā vā,जम्ब्वा वा,no
4.3.166,4,3,166,lup ca,lup ca,लुप् च,no
4.3.167,4,3,167,harItakyAdiByaSca,harītakyādibhyaśca,हरीतक्यादिभ्यश्च,no
4.3.168,4,3,168,kaMsIyaparaSavyayoryaYaYO luk ca,kaṃsīyaparaśavyayoryañañau luk ca,कंसीयपरशव्ययोर्यञञौ लुक् च,no
4.4.1,4,4,1,prAgvahatezWak,prāgvahateṣṭhak,प्राग्वहतेष्ठक्,no
4.4.2,4,4,2,tena dIvyati Kanati jayati jitam,tena dīvyati khanati jayati jitam,तेन दीव्यति खनति जयति जितम्,no
4.4.3,4,4,3,saMskftam,saṃskṛtam,संस्कृतम्,no
4.4.4,4,4,4,kulatTakopaDAdaR,kulatthakopadhādaṇ,कुलत्थकोपधादण्,no
4.4.5,4,4,5,tarati,tarati,तरति,no
4.4.6,4,4,6,gopucCAwWaY,gopucchāṭṭhañ,गोपुच्छाट्ठञ्,no
4.4.7,4,4,7,nOdvyacazWan,naudvyacaṣṭhan,नौद्व्यचष्ठन्,no
4.4.8,4,4,8,carati,carati,चरति,no
4.4.9,4,4,9,AkarzAt zWal,ākarṣāt ṣṭhal,आकर्षात् ष्ठल्,no
4.4.10,4,4,10,parpAdiByaH zWan,parpādibhyaḥ ṣṭhan,पर्पादिभ्यः ष्ठन्,no
4.4.11,4,4,11,SvagaRAwWaYca,śvagaṇāṭṭhañca,श्वगणाट्ठञ्च,no
4.4.12,4,4,12,vetanAdiByo jIvati,vetanādibhyo jīvati,वेतनादिभ्यो जीवति,no
4.4.13,4,4,13,vasnakrayavikrayAwWan,vasnakrayavikrayāṭṭhan,वस्नक्रयविक्रयाट्ठन्,yes
4.4.14,4,4,14,AyuDAcCa ca,āyudhāccha ca,आयुधाच्छ च,no
4.4.15,4,4,15,haratyutsaNgAdiByaH,haratyutsaṅgādibhyaḥ,हरत्युत्सङ्गादिभ्यः,no
4.4.16,4,4,16,BastrAdiByaH zWan,bhastrādibhyaḥ ṣṭhan,भस्त्रादिभ्यः ष्ठन्,no
4.4.17,4,4,17,viBAzA vivaDavIvaDAt,vibhāṣā vivadhavīvadhāt,विभाषा विवधवीवधात्,no
4.4.18,4,4,18,aR kuwilikAyAH,aṇ kuṭilikāyāḥ,अण् कुटिलिकायाः,no
4.4.19,4,4,19,nirvftte'kzadyUtAdiByaH,nirvṛtte'kṣadyūtādibhyaḥ,निर्वृत्तेऽक्षद्यूतादिभ्यः,no
4.4.20,4,4,20,ktrermam nityaM,ktrermam nityaṃ,क्त्रेर्मम् नित्यं,no
4.4.21,4,4,21,apamityayAcitAByAM kakkanO,apamityayācitābhyāṃ kakkanau,अपमित्ययाचिताभ्यां कक्कनौ,no
4.4.22,4,4,22,saMsfzwe,saṃsṛṣṭe,संसृष्टे,no
4.4.23,4,4,23,cUrRAdiniH,cūrṇādiniḥ,चूर्णादिनिः,no
4.4.24,4,4,24,lavaRAlluk,lavaṇālluk,लवणाल्लुक्,no
4.4.25,4,4,25,mudgAdaR,mudgādaṇ,मुद्गादण्,no
4.4.26,4,4,26,vyaYjanErupasikte,vyañjanairupasikte,व्यञ्जनैरुपसिक्ते,no
4.4.27,4,4,27,ojassaho'mBasA vartate,ojassaho'mbhasā vartate,ओजस्सहोऽम्भसा वर्तते,no
4.4.28,4,4,28,tat pratyanupUrvamIpalomakUlam,tat pratyanupūrvamīpalomakūlam,तत् प्रत्यनुपूर्वमीपलोमकूलम्,no
4.4.29,4,4,29,parimuKaM ca,parimukhaṃ ca,परिमुखं च,no
4.4.30,4,4,30,prayacCati garhyam,prayacchati garhyam,प्रयच्छति गर्ह्यम्,no
4.4.31,4,4,31,kusIdadaSEkAdaSAt zWanzWacO,kusīdadaśaikādaśāt ṣṭhanṣṭhacau,कुसीददशैकादशात् ष्ठन्ष्ठचौ,no
4.4.32,4,4,32,uYCati,uñchati,उञ्छति,no
4.4.33,4,4,33,rakzati,rakṣati,रक्षति,no
4.4.34,4,4,34,SabdadarduraM karoti,śabdadarduraṃ karoti,शब्ददर्दुरं करोति,no
4.4.35,4,4,35,pakzimatsyamfgAn hanti,pakṣimatsyamṛgān hanti,पक्षिमत्स्यमृगान् हन्ति,no
4.4.36,4,4,36,paripanTaM ca tizWati,paripanthaṃ ca tiṣṭhati,परिपन्थं च तिष्ठति,no
4.4.37,4,4,37,mATottarapadapadavyanupadaM DAvati,māthottarapadapadavyanupadaṃ dhāvati,माथोत्तरपदपदव्यनुपदं धावति,no
4.4.38,4,4,38,AkrandAwWaYca,ākrandāṭṭhañca,आक्रन्दाट्ठञ्च,no
4.4.39,4,4,39,padottarapadaM gfhRAti,padottarapadaṃ gṛhṇāti,पदोत्तरपदं गृह्णाति,no
4.4.40,4,4,40,pratikaRWArTalalAmaM ca,pratikaṇṭhārthalalāmaṃ ca,प्रतिकण्ठार्थललामं च,no
4.4.41,4,4,41,DarmaM carati,dharmaṃ carati,धर्मं चरति,no
4.4.42,4,4,42,pratipaTameti WaMSca,pratipathameti ṭhaṃśca,प्रतिपथमेति ठंश्च,no
4.4.43,4,4,43,samavAyAn samavEti,samavāyān samavaiti,समवायान् समवैति,no
4.4.44,4,4,44,parizado RyaH,pariṣado ṇyaḥ,परिषदो ण्यः,no
4.4.45,4,4,45,senAyA vA,senāyā vā,सेनाया वा,no
4.4.46,4,4,46,saMjYAyAM lalAwakukkuwyO paSyati,saṃjñāyāṃ lalāṭakukkuṭyau paśyati,संज्ञायां ललाटकुक्कुट्यौ पश्यति,no
4.4.47,4,4,47,tasya Darmyam,tasya dharmyam,तस्य धर्म्यम्,no
4.4.48,4,4,48,aR mahizyAdiByaH,aṇ mahiṣyādibhyaḥ,अण् महिष्यादिभ्यः,no
4.4.49,4,4,49,fto'Y,ṛto'ñ,ऋतोऽञ्,no
4.4.50,4,4,50,avakrayaH,avakrayaḥ,अवक्रयः,no
4.4.51,4,4,51,tadasya paRyam,tadasya paṇyam,तदस्य पण्यम्,no
4.4.52,4,4,52,lavaRAwWaY,lavaṇāṭṭhañ,लवणाट्ठञ्,no
4.4.53,4,4,53,kiSarAdiByaH zWan,kiśarādibhyaḥ ṣṭhan,किशरादिभ्यः ष्ठन्,no
4.4.54,4,4,54,SalAluno'nyatarasyAm,śalāluno'nyatarasyām,शलालुनोऽन्यतरस्याम्,no
4.4.55,4,4,55,Silpam,śilpam,शिल्पम्,no
4.4.56,4,4,56,maqqukaJarJarAdaRanyatarasyAm,maḍḍukajharjharādaṇanyatarasyām,मड्डुकझर्झरादणन्यतरस्याम्,no
4.4.57,4,4,57,praharaRam,praharaṇam,प्रहरणम्,no
4.4.58,4,4,58,paraSvaDAwWaYca,paraśvadhāṭṭhañca,परश्वधाट्ठञ्च,no
4.4.59,4,4,59,SaktiyazwyorIkak,śaktiyaṣṭyorīkak,शक्तियष्ट्योरीकक्,no
4.4.60,4,4,60,astinAstidizwaM matiH,astināstidiṣṭaṃ matiḥ,अस्तिनास्तिदिष्टं मतिः,no
4.4.61,4,4,61,SIlam,śīlam,शीलम्,no
4.4.62,4,4,62,CatrAdiByo RaH,chatrādibhyo ṇaḥ,छत्रादिभ्यो णः,no
4.4.63,4,4,63,karmADyayane vfttam,karmādhyayane vṛttam,कर्माध्ययने वृत्तम्,no
4.4.64,4,4,64,bahvacpUrvapadAwWac,bahvacpūrvapadāṭṭhac,बह्वच्पूर्वपदाट्ठच्,no
4.4.65,4,4,65,hitaM BakzAH,hitaṃ bhakṣāḥ,हितं भक्षाः,no
4.4.66,4,4,66,tadasmE dIyate niyuktam,tadasmai dīyate niyuktam,तदस्मै दीयते नियुक्तम्,no
4.4.67,4,4,67,SrARAmAMsOdanAwwiWan,śrāṇāmāṃsaudanāṭṭiṭhan,श्राणामांसौदनाट्टिठन्,no
4.4.68,4,4,68,BaktAdaRanyatarasyAm,bhaktādaṇanyatarasyām,भक्तादणन्यतरस्याम्,no
4.4.69,4,4,69,tatra niyuktaH,tatra niyuktaḥ,तत्र नियुक्तः,no
4.4.70,4,4,70,agArAntAwWan,agārāntāṭṭhan,अगारान्ताट्ठन्,no
4.4.71,4,4,71,aDyAyinyadeSakAlAt,adhyāyinyadeśakālāt,अध्यायिन्यदेशकालात्,no
4.4.72,4,4,72,kaWinAntaprastArasaMsTAnezu vyavaharati,kaṭhināntaprastārasaṃsthāneṣu vyavaharati,कठिनान्तप्रस्तारसंस्थानेषु व्यवहरति,no
4.4.73,4,4,73,nikawe vasati,nikaṭe vasati,निकटे वसति,no
4.4.74,4,4,74,AvasaTAt zWal,āvasathāt ṣṭhal,आवसथात् ष्ठल्,no
4.4.75,4,4,75,prAgGitAdyat,prāgghitādyat,प्राग्घिताद्यत्,no
4.4.76,4,4,76,tadvahati raTayugaprAsaNgam,tadvahati rathayugaprāsaṅgam,तद्वहति रथयुगप्रासङ्गम्,no
4.4.77,4,4,77,Duro yaqQakO,dhuro yaḍḍhakau,धुरो यड्ढकौ,no
4.4.78,4,4,78,KaH sarvaDurAt,khaḥ sarvadhurāt,खः सर्वधुरात्,no
4.4.79,4,4,79,ekaDurAlluk ca,ekadhurālluk ca,एकधुराल्लुक् च,no
4.4.80,4,4,80,SakawAdaR,śakaṭādaṇ,शकटादण्,no
4.4.81,4,4,81,halasIrAwWak,halasīrāṭṭhak,हलसीराट्ठक्,no
4.4.82,4,4,82,saMjYAyAM janyAH,saṃjñāyāṃ janyāḥ,संज्ञायां जन्याः,no
4.4.83,4,4,83,viDyatyaDanuzA,vidhyatyadhanuṣā,विध्यत्यधनुषा,no
4.4.84,4,4,84,DanagaRaM labDA,dhanagaṇaṃ labdhā,धनगणं लब्धा,no
4.4.85,4,4,85,annARRaH,annāṇṇaḥ,अन्नाण्णः,no
4.4.86,4,4,86,vaSaM gataH,vaśaṃ gataḥ,वशं गतः,no
4.4.87,4,4,87,padamasmin dfSyam,padamasmin dṛśyam,पदमस्मिन् दृश्यम्,no
4.4.88,4,4,88,mUlamasyAbarhi,mūlamasyābarhi,मूलमस्याबर्हि,no
4.4.89,4,4,89,saMjYAyAM DenuzyA,saṃjñāyāṃ dhenuṣyā,संज्ञायां धेनुष्या,no
4.4.90,4,4,90,gfhapatinA saMyukte YyaH,gṛhapatinā saṃyukte ñyaḥ,गृहपतिना संयुक्ते ञ्यः,no
4.4.91,4,4,91,nOvayoDarmavizamUlamUlasItAtulAByastAryatulyaprApyavaDyAnAmyasamasamitasammitezu,nauvayodharmaviṣamūlamūlasītātulābhyastāryatulyaprāpyavadhyānāmyasamasamitasammiteṣu,नौवयोधर्मविषमूलमूलसीतातुलाभ्यस्तार्यतुल्यप्राप्यवध्यानाम्यसमसमितसम्मितेषु,no
4.4.92,4,4,92,DarmapaTyarTanyAyAdanapete,dharmapathyarthanyāyādanapete,धर्मपथ्यर्थन्यायादनपेते,no
4.4.93,4,4,93,Candaso nirmite,chandaso nirmite,छन्दसो निर्मिते,no
4.4.94,4,4,94,uraso'R ca,uraso'ṇ ca,उरसोऽण् च,no
4.4.95,4,4,95,hfdayasya priyaH,hṛdayasya priyaḥ,हृदयस्य प्रियः,no
4.4.96,4,4,96,banDane carzO,bandhane carṣau,बन्धने चर्षौ,no
4.4.97,4,4,97,matajanahalAt karaRajalpakarzezu,matajanahalāt karaṇajalpakarṣeṣu,मतजनहलात् करणजल्पकर्षेषु,no
4.4.98,4,4,98,tatra sADuH,tatra sādhuḥ,तत्र साधुः,no
4.4.99,4,4,99,pratijanAdiByaH KaY,pratijanādibhyaḥ khañ,प्रतिजनादिभ्यः खञ्,no
4.4.100,4,4,100,BaktARRaH,bhaktāṇṇaḥ,भक्ताण्णः,no
4.4.101,4,4,101,parizado RyaH,pariṣado ṇyaḥ,परिषदो ण्यः,yes
4.4.102,4,4,102,kaTAdiByazWak,kathādibhyaṣṭhak,कथादिभ्यष्ठक्,no
4.4.103,4,4,103,guqAdiByazWaY,guḍādibhyaṣṭhañ,गुडादिभ्यष्ठञ्,no
4.4.104,4,4,104,paTyatiTivasatisvapaterQaY,pathyatithivasatisvapaterḍhañ,पथ्यतिथिवसतिस्वपतेर्ढञ्,no
4.4.105,4,4,105,saBAyA yaH,sabhāyā yaḥ,सभाया यः,no
4.4.106,4,4,106,QaSCandasi,ḍhaśchandasi,ढश्छन्दसि,no
4.4.107,4,4,107,samAnatIrTe vAsI,samānatīrthe vāsī,समानतीर्थे वासी,no
4.4.108,4,4,108,samAnodare Sayita o codAttaH,samānodare śayita o codāttaḥ,समानोदरे शयित ओ चोदात्तः,no
4.4.109,4,4,109,sodarAdyaH,sodarādyaḥ,सोदराद्यः,no
4.4.110,4,4,110,Bave Candasi,bhave chandasi,भवे छन्दसि,no
4.4.111,4,4,111,pATonadIByAM qyaR,pāthonadībhyāṃ ḍyaṇ,पाथोनदीभ्यां ड्यण्,no
4.4.112,4,4,112,veSantahimavadByAmaR,veśantahimavadbhyāmaṇ,वेशन्तहिमवद्भ्यामण्,no
4.4.113,4,4,113,srotaso viBAzA qyaqqyO,srotaso vibhāṣā ḍyaḍḍyau,स्रोतसो विभाषा ड्यड्ड्यौ,no
4.4.114,4,4,114,sagarBasayUTasanutAdyan,sagarbhasayūthasanutādyan,सगर्भसयूथसनुताद्यन्,no
4.4.115,4,4,115,tugrAdGan,tugrādghan,तुग्राद्घन्,no
4.4.116,4,4,116,agrAdyat,agrādyat,अग्राद्यत्,no
4.4.117,4,4,117,GacCO ca,ghacchau ca,घच्छौ च,no
4.4.118,4,4,118,samudrABrAdGaH,samudrābhrādghaḥ,समुद्राभ्राद्घः,no
4.4.119,4,4,119,barhizi dattam,barhiṣi dattam,बर्हिषि दत्तम्,no
4.4.120,4,4,120,dUtasya BAgakarmaRI,dūtasya bhāgakarmaṇī,दूतस्य भागकर्मणी,no
4.4.121,4,4,121,rakzoyAtUnAM hananI,rakṣoyātūnāṃ hananī,रक्षोयातूनां हननी,no
4.4.122,4,4,122,revatIjagatIhavizyAByaH praSasye,revatījagatīhaviṣyābhyaḥ praśasye,रेवतीजगतीहविष्याभ्यः प्रशस्ये,no
4.4.123,4,4,123,asurasya svam,asurasya svam,असुरस्य स्वम्,no
4.4.124,4,4,124,mAyAyAmaR,māyāyāmaṇ,मायायामण्,no
4.4.125,4,4,125,tadvAnAsAmupaDAno mantra itIzwakAsu luk ca matoH,tadvānāsāmupadhāno mantra itīṣṭakāsu luk ca matoḥ,तद्वानासामुपधानो मन्त्र इतीष्टकासु लुक् च मतोः,no
4.4.126,4,4,126,aSvimAnaR,aśvimānaṇ,अश्विमानण्,no
4.4.127,4,4,127,vayasyAsu mUrDno matup,vayasyāsu mūrdhno matup,वयस्यासु मूर्ध्नो मतुप्,no
4.4.128,4,4,128,matvarTe mAsatanvoH,matvarthe māsatanvoḥ,मत्वर्थे मासतन्वोः,no
4.4.129,4,4,129,maDorYa ca,madhorña ca,मधोर्ञ च,no
4.4.130,4,4,130,ojaso'hani yatKO,ojaso'hani yatkhau,ओजसोऽहनि यत्खौ,no
4.4.131,4,4,131,veSoyaSaAderBagAdyal,veśoyaśaāderbhagādyal,वेशोयशआदेर्भगाद्यल्,no
4.4.132,4,4,132,Ka ca,kha ca,ख च,no
4.4.133,4,4,133,pUrvEH kftaminayO ca,pūrvaiḥ kṛtaminayau ca,पूर्वैः कृतमिनयौ च,no
4.4.134,4,4,134,adBiH saMskftam,adbhiḥ saṃskṛtam,अद्भिः संस्कृतम्,no
4.4.135,4,4,135,sahasreRa saMmitO GaH,sahasreṇa saṃmitau ghaḥ,सहस्रेण संमितौ घः,no
4.4.136,4,4,136,matO ca,matau ca,मतौ च,no
4.4.137,4,4,137,somamarhati yaH,somamarhati yaḥ,सोममर्हति यः,no
4.4.138,4,4,138,maye ca,maye ca,मये च,no
4.4.139,4,4,139,maDoH,madhoḥ,मधोः,no
4.4.140,4,4,140,vasoH samUhe ca,vasoḥ samūhe ca,वसोः समूहे च,no
4.4.141,4,4,141,nakzatrAdGaH,nakṣatrādghaḥ,नक्षत्राद्घः,no
4.4.142,4,4,142,sarvadevAt tAtil,sarvadevāt tātil,सर्वदेवात् तातिल्,no
4.4.143,4,4,143,SivaSamarizwasya kare,śivaśamariṣṭasya kare,शिवशमरिष्टस्य करे,no
4.4.144,4,4,144,BAve ca,bhāve ca,भावे च,no
5.1.1,5,1,1,prAk krItAcCaH,prāk krītācchaḥ,प्राक् क्रीताच्छः,no
5.1.2,5,1,2,ugavAdiByo yat,ugavādibhyo yat,उगवादिभ्यो यत्,no
5.1.3,5,1,3,kambalAcca saMjYAyAm,kambalācca saṃjñāyām,कम्बलाच्च संज्ञायाम्,no
5.1.4,5,1,4,viBAzA havirapUpAdiByaH,vibhāṣā havirapūpādibhyaḥ,विभाषा हविरपूपादिभ्यः,no
5.1.5,5,1,5,tasmE hitam,tasmai hitam,तस्मै हितम्,no
5.1.6,5,1,6,SarIrAvayavAdyat,śarīrāvayavādyat,शरीरावयवाद्यत्,no
5.1.7,5,1,7,KalayavamAzatilavfzabrahmaRaSca,khalayavamāṣatilavṛṣabrahmaṇaśca,खलयवमाषतिलवृषब्रह्मणश्च,no
5.1.8,5,1,8,ajAviByAM Tyan,ajāvibhyāṃ thyan,अजाविभ्यां थ्यन्,no
5.1.9,5,1,9,AtmanviSvajanaBogottarapadAt KaH,ātmanviśvajanabhogottarapadāt khaḥ,आत्मन्विश्वजनभोगोत्तरपदात् खः,no
5.1.10,5,1,10,sarvapuruzAByAM RaQaYO,sarvapuruṣābhyāṃ ṇaḍhañau,सर्वपुरुषाभ्यां णढञौ,no
5.1.11,5,1,11,mARavacarakAByAM KaY,māṇavacarakābhyāṃ khañ,माणवचरकाभ्यां खञ्,no
5.1.12,5,1,12,tadarTaM vikfteH prakftO,tadarthaṃ vikṛteḥ prakṛtau,तदर्थं विकृतेः प्रकृतौ,no
5.1.13,5,1,13,CadirupaDibalerQaY,chadirupadhibalerḍhañ,छदिरुपधिबलेर्ढञ्,no
5.1.14,5,1,14,fzaBopAnahorYyaH,ṛṣabhopānahorñyaḥ,ऋषभोपानहोर्ञ्यः,no
5.1.15,5,1,15,carmaRo'Y,carmaṇo'ñ,चर्मणोऽञ्,no
5.1.16,5,1,16,tadasya tadasmin syAditi,tadasya tadasmin syāditi,तदस्य तदस्मिन् स्यादिति,no
5.1.17,5,1,17,pariKAyA QaY,parikhāyā ḍhañ,परिखाया ढञ्,no
5.1.18,5,1,18,prAgvatezWaY,prāgvateṣṭhañ,प्राग्वतेष्ठञ्,no
5.1.19,5,1,19,ArhAdagopucCasaMKyAparimARAwWak,ārhādagopucchasaṃkhyāparimāṇāṭṭhak,आर्हादगोपुच्छसंख्यापरिमाणाट्ठक्,no
5.1.20,5,1,20,asamAse nizkAdiByaH,asamāse niṣkādibhyaḥ,असमासे निष्कादिभ्यः,no
5.1.21,5,1,21,SatAcca WanyatAvaSate,śatācca ṭhanyatāvaśate,शताच्च ठन्यतावशते,no
5.1.22,5,1,22,saMKyAyA atiSadantAyAH kan,saṃkhyāyā atiśadantāyāḥ kan,संख्याया अतिशदन्तायाः कन्,no
5.1.23,5,1,23,vatoriqvA,vatoriḍvā,वतोरिड्वा,no
5.1.24,5,1,24,viMSatitriMSadByAM qvunnasaMjYAyAm,viṃśatitriṃśadbhyāṃ ḍvunnasaṃjñāyām,विंशतित्रिंशद्भ्यां ड्वुन्नसंज्ञायाम्,no
5.1.25,5,1,25,kaMsAwwiWan,kaṃsāṭṭiṭhan,कंसाट्टिठन्,no
5.1.26,5,1,26,SUrpAdaYanyatarasyAm,śūrpādañanyatarasyām,शूर्पादञन्यतरस्याम्,no
5.1.27,5,1,27,SatamAnaviMSatikasahasravasanAdaR,śatamānaviṃśatikasahasravasanādaṇ,शतमानविंशतिकसहस्रवसनादण्,no
5.1.28,5,1,28,aDyarDapUrvadvigorlugasaMjYAyAm,adhyardhapūrvadvigorlugasaṃjñāyām,अध्यर्धपूर्वद्विगोर्लुगसंज्ञायाम्,no
5.1.29,5,1,29,viBAzA kArzApaRasahasrAByAm,vibhāṣā kārṣāpaṇasahasrābhyām,विभाषा कार्षापणसहस्राभ्याम्,no
5.1.30,5,1,30,dvitripUrvAnnizkAt,dvitripūrvānniṣkāt,द्वित्रिपूर्वान्निष्कात्,no
5.1.31,5,1,31,bistAcca,bistācca,बिस्ताच्च,no
5.1.32,5,1,32,viMSatikAt KaH,viṃśatikāt khaḥ,विंशतिकात् खः,no
5.1.33,5,1,33,KAryA Ikan,khāryā īkan,खार्या ईकन्,no
5.1.34,5,1,34,paRapAdamAzaSatAdyat,paṇapādamāṣaśatādyat,पणपादमाषशताद्यत्,no
5.1.35,5,1,35,SARAdvA,śāṇādvā,शाणाद्वा,no
5.1.36,5,1,36,dvitripUrvAdaR ca,dvitripūrvādaṇ ca,द्वित्रिपूर्वादण् च,no
5.1.37,5,1,37,tena krItam,tena krītam,तेन क्रीतम्,no
5.1.38,5,1,38,tasya nimittaM saMyogotpAtO,tasya nimittaṃ saṃyogotpātau,तस्य निमित्तं संयोगोत्पातौ,no
5.1.39,5,1,39,godvyaco'saMKyAparimARASvAderyat,godvyaco'saṃkhyāparimāṇāśvāderyat,गोद्व्यचोऽसंख्यापरिमाणाश्वादेर्यत्,no
5.1.40,5,1,40,putrAcCa ca,putrāccha ca,पुत्राच्छ च,no
5.1.41,5,1,41,sarvaBUmipfTivIByAmaRaYO,sarvabhūmipṛthivībhyāmaṇañau,सर्वभूमिपृथिवीभ्यामणञौ,no
5.1.42,5,1,42,tasyeSvaraH,tasyeśvaraḥ,तस्येश्वरः,no
5.1.43,5,1,43,tatra vidita iti ca,tatra vidita iti ca,तत्र विदित इति च,no
5.1.44,5,1,44,lokasarvalokAwWaY,lokasarvalokāṭṭhañ,लोकसर्वलोकाट्ठञ्,no
5.1.45,5,1,45,tasya vApaH,tasya vāpaḥ,तस्य वापः,no
5.1.46,5,1,46,pAtrAt zWan,pātrāt ṣṭhan,पात्रात् ष्ठन्,no
5.1.47,5,1,47,tadasmin vfdDyAyalABaSulkopadA dIyate,tadasmin vṛddhyāyalābhaśulkopadā dīyate,तदस्मिन् वृद्ध्यायलाभशुल्कोपदा दीयते,no
5.1.48,5,1,48,pUraRArDAwWan,pūraṇārdhāṭṭhan,पूरणार्धाट्ठन्,no
5.1.49,5,1,49,BAgAdyacca,bhāgādyacca,भागाद्यच्च,no
5.1.50,5,1,50,tadDarati vahatyAvahati BArAdvaMSAdiByaH,taddharati vahatyāvahati bhārādvaṃśādibhyaḥ,तद्धरति वहत्यावहति भाराद्वंशादिभ्यः,no
5.1.51,5,1,51,vasnadravyAByAM WankanO,vasnadravyābhyāṃ ṭhankanau,वस्नद्रव्याभ्यां ठन्कनौ,no
5.1.52,5,1,52,samBavatyavaharati pacati,sambhavatyavaharati pacati,सम्भवत्यवहरति पचति,no
5.1.53,5,1,53,AQakAcitapAtrAt Ko'nyatarasyAm,āḍhakācitapātrāt kho'nyatarasyām,आढकाचितपात्रात् खोऽन्यतरस्याम्,no
5.1.54,5,1,54,dvigoH zWaMSca,dvigoḥ ṣṭhaṃśca,द्विगोः ष्ठंश्च,no
5.1.55,5,1,55,kulijAllukKO ca,kulijāllukkhau ca,कुलिजाल्लुक्खौ च,no
5.1.56,5,1,56,so'syAMSavasnaBftayaH,so'syāṃśavasnabhṛtayaḥ,सोऽस्यांशवस्नभृतयः,no
5.1.57,5,1,57,tadasya parimARam,tadasya parimāṇam,तदस्य परिमाणम्,no
5.1.58,5,1,58,saMKyAyAH saMjYAsaMGasUtrADyayanezu,saṃkhyāyāḥ saṃjñāsaṃghasūtrādhyayaneṣu,संख्यायाः संज्ञासंघसूत्राध्ययनेषु,no
5.1.59,5,1,59,paNktiviMSatitriMSatcatvAriMSatpaYcASatzazwisaptatyaSItinavatiSatam,paṅktiviṃśatitriṃśatcatvāriṃśatpañcāśatṣaṣṭisaptatyaśītinavatiśatam,पङ्क्तिविंशतित्रिंशत्चत्वारिंशत्पञ्चाशत्षष्टिसप्तत्यशीतिनवतिशतम्,no
5.1.60,5,1,60,paYcaddaSatO varge vA,pañcaddaśatau varge vā,पञ्चद्दशतौ वर्गे वा,no
5.1.61,5,1,61,saptano'Y Candasi,saptano'ñ chandasi,सप्तनोऽञ् छन्दसि,no
5.1.62,5,1,62,triMSaccatvAriMSatorbrAhmaRe saMjYAyAM qaR,triṃśaccatvāriṃśatorbrāhmaṇe saṃjñāyāṃ ḍaṇ,त्रिंशच्चत्वारिंशतोर्ब्राह्मणे संज्ञायां डण्,no
5.1.63,5,1,63,tad arhati,tad arhati,तद् अर्हति,no
5.1.64,5,1,64,CedAdiByo nityam,chedādibhyo nityam,छेदादिभ्यो नित्यम्,no
5.1.65,5,1,65,SIrzacCedAdyacca,śīrṣacchedādyacca,शीर्षच्छेदाद्यच्च,no
5.1.66,5,1,66,daRqAdiByaH,daṇḍādibhyaḥ,दण्डादिभ्यः,no
5.1.67,5,1,67,Candasi ca,chandasi ca,छन्दसि च,no
5.1.68,5,1,68,pAtrAdGaMSca,pātrādghaṃśca,पात्राद्घंश्च,no
5.1.69,5,1,69,kaqaNkaradakziRAcCa ca,kaḍaṅkaradakṣiṇāccha ca,कडङ्करदक्षिणाच्छ च,no
5.1.70,5,1,70,sTAlIbilAt,sthālībilāt,स्थालीबिलात्,no
5.1.71,5,1,71,yajYartvigByAM GaKaYO,yajñartvigbhyāṃ ghakhañau,यज्ञर्त्विग्भ्यां घखञौ,no
5.1.72,5,1,72,pArAyaRaturAyaRacAndrAyaRaM vartayati,pārāyaṇaturāyaṇacāndrāyaṇaṃ vartayati,पारायणतुरायणचान्द्रायणं वर्तयति,no
5.1.73,5,1,73,saMSayamApannaH,saṃśayamāpannaḥ,संशयमापन्नः,no
5.1.74,5,1,74,yojanaM gacCati,yojanaṃ gacchati,योजनं गच्छति,no
5.1.75,5,1,75,paTaH zkan,pathaḥ ṣkan,पथः ष्कन्,no
5.1.76,5,1,76,panTo Ra nityam,pantho ṇa nityam,पन्थो ण नित्यम्,no
5.1.77,5,1,77,uttarapaTenAhftaM ca,uttarapathenāhṛtaṃ ca,उत्तरपथेनाहृतं च,no
5.1.78,5,1,78,kAlAt,kālāt,कालात्,no
5.1.79,5,1,79,tena nirvfttam,tena nirvṛttam,तेन निर्वृत्तम्,no
5.1.80,5,1,80,tamaDIzwo Bfto BUto BAvI,tamadhīṣṭo bhṛto bhūto bhāvī,तमधीष्टो भृतो भूतो भावी,no
5.1.81,5,1,81,mAsAdvayasi yatKaYO,māsādvayasi yatkhañau,मासाद्वयसि यत्खञौ,no
5.1.82,5,1,82,dvigoryap,dvigoryap,द्विगोर्यप्,no
5.1.83,5,1,83,zaRmAsARRyacca,ṣaṇmāsāṇṇyacca,षण्मासाण्ण्यच्च,no
5.1.84,5,1,84,avayasi WaMSca,avayasi ṭhaṃśca,अवयसि ठंश्च,no
5.1.85,5,1,85,samAyAH KaH,samāyāḥ khaḥ,समायाः खः,no
5.1.86,5,1,86,dvigorvA,dvigorvā,द्विगोर्वा,no
5.1.87,5,1,87,rAtryahassaMvatsarAcca,rātryahassaṃvatsarācca,रात्र्यहस्संवत्सराच्च,no
5.1.88,5,1,88,varzAlluk ca,varṣālluk ca,वर्षाल्लुक् च,no
5.1.89,5,1,89,cittavati nityam,cittavati nityam,चित्तवति नित्यम्,no
5.1.90,5,1,90,zazwikAH zazwirAtreRa pacyante,ṣaṣṭikāḥ ṣaṣṭirātreṇa pacyante,षष्टिकाः षष्टिरात्रेण पच्यन्ते,no
5.1.91,5,1,91,vatsarAntAcCaSCandasi,vatsarāntācchaśchandasi,वत्सरान्ताच्छश्छन्दसि,no
5.1.92,5,1,92,samparipUrvAt Ka ca,samparipūrvāt kha ca,सम्परिपूर्वात् ख च,no
5.1.93,5,1,93,tena parijayyalaByakAryasukaram,tena parijayyalabhyakāryasukaram,तेन परिजय्यलभ्यकार्यसुकरम्,no
5.1.94,5,1,94,tadasya brahmacaryam,tadasya brahmacaryam,तदस्य ब्रह्मचर्यम्,no
5.1.95,5,1,95,tasya ca dakziRA yajYAKyeByaH,tasya ca dakṣiṇā yajñākhyebhyaḥ,तस्य च दक्षिणा यज्ञाख्येभ्यः,no
5.1.96,5,1,96,tatra ca dIyate kAryaM Bavavat,tatra ca dīyate kāryaṃ bhavavat,तत्र च दीयते कार्यं भववत्,no
5.1.97,5,1,97,vyuzwAdiByo'R,vyuṣṭādibhyo'ṇ,व्युष्टादिभ्योऽण्,no
5.1.98,5,1,98,tena yaTAkaTAcahastAByAM RayatO,tena yathākathācahastābhyāṃ ṇayatau,तेन यथाकथाचहस्ताभ्यां णयतौ,no
5.1.99,5,1,99,sampAdini,sampādini,सम्पादिनि,no
5.1.100,5,1,100,karmavezAdyat,karmaveṣādyat,कर्मवेषाद्यत्,no
5.1.101,5,1,101,tasmE praBavati saMtApAdiByaH,tasmai prabhavati saṃtāpādibhyaḥ,तस्मै प्रभवति संतापादिभ्यः,no
5.1.102,5,1,102,yogAdyacca,yogādyacca,योगाद्यच्च,no
5.1.103,5,1,103,karmaRa ukaY,karmaṇa ukañ,कर्मण उकञ्,no
5.1.104,5,1,104,samayastadasya prAptam,samayastadasya prāptam,समयस्तदस्य प्राप्तम्,no
5.1.105,5,1,105,ftoraR,ṛtoraṇ,ऋतोरण्,no
5.1.106,5,1,106,Candasi Gas,chandasi ghas,छन्दसि घस्,no
5.1.107,5,1,107,kAlAdyat,kālādyat,कालाद्यत्,no
5.1.108,5,1,108,prakfzwe WaY,prakṛṣṭe ṭhañ,प्रकृष्टे ठञ्,no
5.1.109,5,1,109,prayojanam,prayojanam,प्रयोजनम्,no
5.1.110,5,1,110,viSAKAzAQAdaR manTadaRqayoH,viśākhāṣāḍhādaṇ manthadaṇḍayoḥ,विशाखाषाढादण् मन्थदण्डयोः,no
5.1.111,5,1,111,anupravacanAdiByaSCaH,anupravacanādibhyaśchaḥ,अनुप्रवचनादिभ्यश्छः,no
5.1.112,5,1,112,samApanAt sapUrvapadAt,samāpanāt sapūrvapadāt,समापनात् सपूर्वपदात्,no
5.1.113,5,1,113,EkAgArikaw cOre,aikāgārikaṭ caure,ऐकागारिकट् चौरे,no
5.1.114,5,1,114,AkAlikaqAdyantavacane,ākālikaḍādyantavacane,आकालिकडाद्यन्तवचने,no
5.1.115,5,1,115,tena tulyaM kriyA cedvatiH,tena tulyaṃ kriyā cedvatiḥ,तेन तुल्यं क्रिया चेद्वतिः,no
5.1.116,5,1,116,tatra tasyeva,tatra tasyeva,तत्र तस्येव,no
5.1.117,5,1,117,tadarham,tadarham,तदर्हम्,no
5.1.118,5,1,118,upasargAcCandasi DAtvarTe,upasargācchandasi dhātvarthe,उपसर्गाच्छन्दसि धात्वर्थे,no
5.1.119,5,1,119,tasya BAvastvatalO,tasya bhāvastvatalau,तस्य भावस्त्वतलौ,no
5.1.120,5,1,120,A ca tvAt,ā ca tvāt,आ च त्वात्,no
5.1.121,5,1,121,na naYpUrvAttatpuruzAdacaturasaMgatalavaRavawayuDakatarasalaseByaH,na nañpūrvāttatpuruṣādacaturasaṃgatalavaṇavaṭayudhakatarasalasebhyaḥ,न नञ्पूर्वात्तत्पुरुषादचतुरसंगतलवणवटयुधकतरसलसेभ्यः,no
5.1.122,5,1,122,pfTvAdiBya imanijvA,pṛthvādibhya imanijvā,पृथ्वादिभ्य इमनिज्वा,no
5.1.123,5,1,123,varRadfQAdiByaH zyaY ca,varṇadṛḍhādibhyaḥ ṣyañ ca,वर्णदृढादिभ्यः ष्यञ् च,no
5.1.124,5,1,124,guRavacanabrAhmaRAdiByaH karmaRi ca,guṇavacanabrāhmaṇādibhyaḥ karmaṇi ca,गुणवचनब्राह्मणादिभ्यः कर्मणि च,no
5.1.125,5,1,125,stenAdyannalopaSca,stenādyannalopaśca,स्तेनाद्यन्नलोपश्च,no
5.1.126,5,1,126,saKyuryaH,sakhyuryaḥ,सख्युर्यः,no
5.1.127,5,1,127,kapijYAtyorQak,kapijñātyorḍhak,कपिज्ञात्योर्ढक्,no
5.1.128,5,1,128,patyantapurohitAdiByo yak,patyantapurohitādibhyo yak,पत्यन्तपुरोहितादिभ्यो यक्,no
5.1.129,5,1,129,prARaBfjjAtivayovacanodgAtrAdiByo'Y,prāṇabhṛjjātivayovacanodgātrādibhyo'ñ,प्राणभृज्जातिवयोवचनोद्गात्रादिभ्योऽञ्,no
5.1.130,5,1,130,hAyanAntayuvAdiByo'R,hāyanāntayuvādibhyo'ṇ,हायनान्तयुवादिभ्योऽण्,no
5.1.131,5,1,131,igantAcca laGupUrvAt,igantācca laghupūrvāt,इगन्ताच्च लघुपूर्वात्,no
5.1.132,5,1,132,yopaDAdgurUpottamAdvuY,yopadhādgurūpottamādvuñ,योपधाद्गुरूपोत्तमाद्वुञ्,no
5.1.133,5,1,133,dvandvamanojYAdiByaSca,dvandvamanojñādibhyaśca,द्वन्द्वमनोज्ञादिभ्यश्च,no
5.1.134,5,1,134,gotracaraRAcSlAGAtyAkAratadavetezu,gotracaraṇācślāghātyākāratadaveteṣu,गोत्रचरणाच्श्लाघात्याकारतदवेतेषु,no
5.1.135,5,1,135,hotrAByaSCaH,hotrābhyaśchaḥ,होत्राभ्यश्छः,no
5.1.136,5,1,136,brahmaRastvaH,brahmaṇastvaḥ,ब्रह्मणस्त्वः,no
5.2.1,5,2,1,DAnyAnAM Bavane kzetre KaY,dhānyānāṃ bhavane kṣetre khañ,धान्यानां भवने क्षेत्रे खञ्,no
5.2.2,5,2,2,vrIhiSAlyorQak,vrīhiśālyorḍhak,व्रीहिशाल्योर्ढक्,no
5.2.3,5,2,3,yavayavakazazwikAdyat,yavayavakaṣaṣṭikādyat,यवयवकषष्टिकाद्यत्,no
5.2.4,5,2,4,viBAzA tilamAzomABaNgA'RuByaH,vibhāṣā tilamāṣomābhaṅgā'ṇubhyaḥ,विभाषा तिलमाषोमाभङ्गाऽणुभ्यः,no
5.2.5,5,2,5,sarvacarmaRaH kftaH KaKaYO,sarvacarmaṇaḥ kṛtaḥ khakhañau,सर्वचर्मणः कृतः खखञौ,no
5.2.6,5,2,6,yaTAmuKasaMmuKasya darSanaH KaH,yathāmukhasaṃmukhasya darśanaḥ khaḥ,यथामुखसंमुखस्य दर्शनः खः,no
5.2.7,5,2,7,tatsarvAdeH paTyaNgakarmapatrapAtraM vyApnoti,tatsarvādeḥ pathyaṅgakarmapatrapātraṃ vyāpnoti,तत्सर्वादेः पथ्यङ्गकर्मपत्रपात्रं व्याप्नोति,no
5.2.8,5,2,8,AprapadaM prApnoti,āprapadaṃ prāpnoti,आप्रपदं प्राप्नोति,no
5.2.9,5,2,9,anupadasarvAnnAyAnayaM badDABakzayatineyezu,anupadasarvānnāyānayaṃ baddhābhakṣayatineyeṣu,अनुपदसर्वान्नायानयं बद्धाभक्षयतिनेयेषु,no
5.2.10,5,2,10,parovaraparamparaputrapOtramanuBavati,parovaraparamparaputrapautramanubhavati,परोवरपरम्परपुत्रपौत्रमनुभवति,no
5.2.11,5,2,11,avArapArAtyantAnukAmaM gAmI,avārapārātyantānukāmaṃ gāmī,अवारपारात्यन्तानुकामं गामी,no
5.2.12,5,2,12,samAMsamAM vijAyate,samāṃsamāṃ vijāyate,समांसमां विजायते,no
5.2.13,5,2,13,adyaSvInA'vazwabDe,adyaśvīnā'vaṣṭabdhe,अद्यश्वीनाऽवष्टब्धे,no
5.2.14,5,2,14,AgavInaH,āgavīnaḥ,आगवीनः,no
5.2.15,5,2,15,anugvalaMgAmI,anugvalaṃgāmī,अनुग्वलंगामी,no
5.2.16,5,2,16,aDvano yatKO,adhvano yatkhau,अध्वनो यत्खौ,no
5.2.17,5,2,17,aByamitrAcCa ca,abhyamitrāccha ca,अभ्यमित्राच्छ च,no
5.2.18,5,2,18,gozWAt KaY BUtapUrve,goṣṭhāt khañ bhūtapūrve,गोष्ठात् खञ् भूतपूर्वे,no
5.2.19,5,2,19,aSvasyEkAhagamaH,aśvasyaikāhagamaḥ,अश्वस्यैकाहगमः,no
5.2.20,5,2,20,SAlInakOpIne aDfzwAkAryayoH,śālīnakaupīne adhṛṣṭākāryayoḥ,शालीनकौपीने अधृष्टाकार्ययोः,no
5.2.21,5,2,21,vrAtena jIvati,vrātena jīvati,व्रातेन जीवति,no
5.2.22,5,2,22,sAptapadInaM saKyam,sāptapadīnaṃ sakhyam,साप्तपदीनं सख्यम्,no
5.2.23,5,2,23,hEyaMgavInaM saMjYAyAm,haiyaṃgavīnaṃ saṃjñāyām,हैयंगवीनं संज्ञायाम्,no
5.2.24,5,2,24,tasya pAkamUle pIlvAdikarRAdiByaH kuRabjAhacO,tasya pākamūle pīlvādikarṇādibhyaḥ kuṇabjāhacau,तस्य पाकमूले पील्वादिकर्णादिभ्यः कुणब्जाहचौ,no
5.2.25,5,2,25,pakzAttiH,pakṣāttiḥ,पक्षात्तिः,no
5.2.26,5,2,26,tena vittaScuYcupcaRapO,tena vittaścuñcupcaṇapau,तेन वित्तश्चुञ्चुप्चणपौ,no
5.2.27,5,2,27,vinaYByAM nAnAYO nasaha,vinañbhyāṃ nānāñau nasaha,विनञ्भ्यां नानाञौ नसह,no
5.2.28,5,2,28,veH SAlacCaNkawacO,veḥ śālacchaṅkaṭacau,वेः शालच्छङ्कटचौ,no
5.2.29,5,2,29,samprodaSca kawac,samprodaśca kaṭac,सम्प्रोदश्च कटच्,no
5.2.30,5,2,30,avAt kuwAracca,avāt kuṭāracca,अवात् कुटारच्च,no
5.2.31,5,2,31,nate nAsikAyAH saMjYAyAM wIwaYnAwajBrawacaH,nate nāsikāyāḥ saṃjñāyāṃ ṭīṭañnāṭajbhraṭacaḥ,नते नासिकायाः संज्ञायां टीटञ्नाटज्भ्रटचः,no
5.2.32,5,2,32,nerbiqajbirIsacO,nerbiḍajbirīsacau,नेर्बिडज्बिरीसचौ,no
5.2.33,5,2,33,inacpiwaccikaci ca,inacpiṭaccikaci ca,इनच्पिटच्चिकचि च,no
5.2.34,5,2,34,upADiByAM tyakannAsannArUQayoH,upādhibhyāṃ tyakannāsannārūḍhayoḥ,उपाधिभ्यां त्यकन्नासन्नारूढयोः,no
5.2.35,5,2,35,karmaRi Gawo'Wac,karmaṇi ghaṭo'ṭhac,कर्मणि घटोऽठच्,no
5.2.36,5,2,36,tadasya saMjAtaM tArakAdiBya itac,tadasya saṃjātaṃ tārakādibhya itac,तदस्य संजातं तारकादिभ्य इतच्,no
5.2.37,5,2,37,pramARe dvayasajdaGnaYmAtracaH,pramāṇe dvayasajdaghnañmātracaḥ,प्रमाणे द्वयसज्दघ्नञ्मात्रचः,no
5.2.38,5,2,38,puruzahastiByAmaR ca,puruṣahastibhyāmaṇ ca,पुरुषहस्तिभ्यामण् च,no
5.2.39,5,2,39,yadtadeteByaH parimARe vatup,yadtadetebhyaḥ parimāṇe vatup,यद्तदेतेभ्यः परिमाणे वतुप्,no
5.2.40,5,2,40,kimidaMByAM vo GaH,kimidaṃbhyāṃ vo ghaḥ,किमिदंभ्यां वो घः,no
5.2.41,5,2,41,kimaH saMKyAparimARe qati ca,kimaḥ saṃkhyāparimāṇe ḍati ca,किमः संख्यापरिमाणे डति च,no
5.2.42,5,2,42,saMKyAyA avayave tayap,saṃkhyāyā avayave tayap,संख्याया अवयवे तयप्,no
5.2.43,5,2,43,dvitriByAM tayasyAyajvA,dvitribhyāṃ tayasyāyajvā,द्वित्रिभ्यां तयस्यायज्वा,no
5.2.44,5,2,44,uBAdudAtto nityam,ubhādudātto nityam,उभादुदात्तो नित्यम्,no
5.2.45,5,2,45,tadasminnaDikamiti daSAntAqqaH,tadasminnadhikamiti daśāntāḍḍaḥ,तदस्मिन्नधिकमिति दशान्ताड्डः,no
5.2.46,5,2,46,SadantaviMSateSca,śadantaviṃśateśca,शदन्तविंशतेश्च,no
5.2.47,5,2,47,saMKyAyA guRasya nimAne mayaw,saṃkhyāyā guṇasya nimāne mayaṭ,संख्याया गुणस्य निमाने मयट्,no
5.2.48,5,2,48,tasya pUraRe qaw,tasya pūraṇe ḍaṭ,तस्य पूरणे डट्,no
5.2.49,5,2,49,nAntAdasaMKyAdermaw,nāntādasaṃkhyādermaṭ,नान्तादसंख्यादेर्मट्,no
5.2.50,5,2,50,Taw cacCandasi,thaṭ cacchandasi,थट् चच्छन्दसि,no
5.2.51,5,2,51,zawkatikatipayacaturAM Tuk,ṣaṭkatikatipayacaturāṃ thuk,षट्कतिकतिपयचतुरां थुक्,no
5.2.52,5,2,52,bahupUgagaRasaMGasya tiTuk,bahupūgagaṇasaṃghasya tithuk,बहुपूगगणसंघस्य तिथुक्,no
5.2.53,5,2,53,vatoriTuk,vatorithuk,वतोरिथुक्,no
5.2.54,5,2,54,dvestIyaH,dvestīyaḥ,द्वेस्तीयः,no
5.2.55,5,2,55,treH samprasAraRam ca,treḥ samprasāraṇam ca,त्रेः सम्प्रसारणम् च,no
5.2.56,5,2,56,viMSatyAdiByastamaqanyatarasyAm,viṃśatyādibhyastamaḍanyatarasyām,विंशत्यादिभ्यस्तमडन्यतरस्याम्,no
5.2.57,5,2,57,nityaM SatAdimAsArDamAsasaMvatsarAcca,nityaṃ śatādimāsārdhamāsasaṃvatsarācca,नित्यं शतादिमासार्धमाससंवत्सराच्च,no
5.2.58,5,2,58,zazwyAdeScAsaMKyAdeH,ṣaṣṭyādeścāsaṃkhyādeḥ,षष्ट्यादेश्चासंख्यादेः,no
5.2.59,5,2,59,matO CaH sUktasAmnoH,matau chaḥ sūktasāmnoḥ,मतौ छः सूक्तसाम्नोः,no
5.2.60,5,2,60,aDyAyAnuvAkayorluk,adhyāyānuvākayorluk,अध्यायानुवाकयोर्लुक्,no
5.2.61,5,2,61,vimuktAdiByo'R,vimuktādibhyo'ṇ,विमुक्तादिभ्योऽण्,no
5.2.62,5,2,62,gozadAdiByo vun,goṣadādibhyo vun,गोषदादिभ्यो वुन्,no
5.2.63,5,2,63,tatra kuSalaH paTaH,tatra kuśalaḥ pathaḥ,तत्र कुशलः पथः,no
5.2.64,5,2,64,AkarzAdiByaH kan,ākarṣādibhyaḥ kan,आकर्षादिभ्यः कन्,no
5.2.65,5,2,65,DanahiraRyAt kAme,dhanahiraṇyāt kāme,धनहिरण्यात् कामे,no
5.2.66,5,2,66,svANgeByaH prasite,svāṅgebhyaḥ prasite,स्वाङ्गेभ्यः प्रसिते,no
5.2.67,5,2,67,udarAwWagAdyUne,udarāṭṭhagādyūne,उदराट्ठगाद्यूने,no
5.2.68,5,2,68,sasyena parijAtaH,sasyena parijātaḥ,सस्येन परिजातः,no
5.2.69,5,2,69,aMSaM hArI,aṃśaṃ hārī,अंशं हारी,no
5.2.70,5,2,70,tantrAdacirApahfte,tantrādacirāpahṛte,तन्त्रादचिरापहृते,no
5.2.71,5,2,71,brAhmaRakozRike saMjYAyAm,brāhmaṇakoṣṇike saṃjñāyām,ब्राह्मणकोष्णिके संज्ञायाम्,no
5.2.72,5,2,72,SItozRAByAM kAriRi,śītoṣṇābhyāṃ kāriṇi,शीतोष्णाभ्यां कारिणि,no
5.2.73,5,2,73,aDikam,adhikam,अधिकम्,no
5.2.74,5,2,74,anukABikABIkaH kamitA,anukābhikābhīkaḥ kamitā,अनुकाभिकाभीकः कमिता,no
5.2.75,5,2,75,pArSvenAnvicCati,pārśvenānvicchati,पार्श्वेनान्विच्छति,no
5.2.76,5,2,76,ayaHSUladaRqAjinAByAM WakWaYO,ayaḥśūladaṇḍājinābhyāṃ ṭhakṭhañau,अयःशूलदण्डाजिनाभ्यां ठक्ठञौ,no
5.2.77,5,2,77,tAvatiTaM grahaRamiti lugvA,tāvatithaṃ grahaṇamiti lugvā,तावतिथं ग्रहणमिति लुग्वा,no
5.2.78,5,2,78,sa ezAM grAmaRIH,sa eṣāṃ grāmaṇīḥ,स एषां ग्रामणीः,no
5.2.79,5,2,79,SfNKalamasya banDanaM karaBe,śṛṅkhalamasya bandhanaṃ karabhe,शृङ्खलमस्य बन्धनं करभे,no
5.2.80,5,2,80,utka unmanAH,utka unmanāḥ,उत्क उन्मनाः,no
5.2.81,5,2,81,kAlaprayojanAdroge,kālaprayojanādroge,कालप्रयोजनाद्रोगे,no
5.2.82,5,2,82,tadasminnannaM prAye saMjYAyAm,tadasminnannaṃ prāye saṃjñāyām,तदस्मिन्नन्नं प्राये संज्ञायाम्,no
5.2.83,5,2,83,kulmAzAdaY,kulmāṣādañ,कुल्माषादञ्,no
5.2.84,5,2,84,SrotriyaMSCando'DIte,śrotriyaṃśchando'dhīte,श्रोत्रियंश्छन्दोऽधीते,no
5.2.85,5,2,85,SrAdDamanena BuktaminiWanO,śrāddhamanena bhuktaminiṭhanau,श्राद्धमनेन भुक्तमिनिठनौ,no
5.2.86,5,2,86,pUrvAdiniH,pūrvādiniḥ,पूर्वादिनिः,no
5.2.87,5,2,87,sapUrvAcca,sapūrvācca,सपूर्वाच्च,no
5.2.88,5,2,88,izwAdiByaSca,iṣṭādibhyaśca,इष्टादिभ्यश्च,no
5.2.89,5,2,89,Candasi paripanTiparipariRO paryavasTAtari,chandasi paripanthiparipariṇau paryavasthātari,छन्दसि परिपन्थिपरिपरिणौ पर्यवस्थातरि,no
5.2.90,5,2,90,anupadyanvezwA,anupadyanveṣṭā,अनुपद्यन्वेष्टा,no
5.2.91,5,2,91,sAkzAddrazwari saMjYAyAm,sākṣāddraṣṭari saṃjñāyām,साक्षाद्द्रष्टरि संज्ञायाम्,no
5.2.92,5,2,92,kzetriyac parakzetre cikitsyaH,kṣetriyac parakṣetre cikitsyaḥ,क्षेत्रियच् परक्षेत्रे चिकित्स्यः,no
5.2.93,5,2,93,indriyamindraliMgamindradfzwamindrasfzwamindrajuzwamindradattamiti vA,indriyamindraliṃgamindradṛṣṭamindrasṛṣṭamindrajuṣṭamindradattamiti vā,इन्द्रियमिन्द्रलिंगमिन्द्रदृष्टमिन्द्रसृष्टमिन्द्रजुष्टमिन्द्रदत्तमिति वा,no
5.2.94,5,2,94,tadasyAstyasminniti matup,tadasyāstyasminniti matup,तदस्यास्त्यस्मिन्निति मतुप्,no
5.2.95,5,2,95,rasAdiByaSca,rasādibhyaśca,रसादिभ्यश्च,no
5.2.96,5,2,96,prARisTAdAto lajanyatarasyAm,prāṇisthādāto lajanyatarasyām,प्राणिस्थादातो लजन्यतरस्याम्,no
5.2.97,5,2,97,siDmAdiByaSca,sidhmādibhyaśca,सिध्मादिभ्यश्च,no
5.2.98,5,2,98,vatsAMsAByAM kAmabale,vatsāṃsābhyāṃ kāmabale,वत्सांसाभ्यां कामबले,no
5.2.99,5,2,99,PenAdilac ca,phenādilac ca,फेनादिलच् च,no
5.2.100,5,2,100,lomAdipAmAdipicCAdiByaH SanelacaH,lomādipāmādipicchādibhyaḥ śanelacaḥ,लोमादिपामादिपिच्छादिभ्यः शनेलचः,no
5.2.101,5,2,101,prajYASradDArcAByo RaH,prajñāśraddhārcābhyo ṇaḥ,प्रज्ञाश्रद्धार्चाभ्यो णः,no
5.2.102,5,2,102,tapaHsahasrAByAM vinInI,tapaḥsahasrābhyāṃ vinīnī,तपःसहस्राभ्यां विनीनी,no
5.2.103,5,2,103,aR ca,aṇ ca,अण् च,no
5.2.104,5,2,104,sikatASarkarAByAM ca,sikatāśarkarābhyāṃ ca,सिकताशर्कराभ्यां च,no
5.2.105,5,2,105,deSe lubilacO ca,deśe lubilacau ca,देशे लुबिलचौ च,no
5.2.106,5,2,106,danta unnata urac,danta unnata urac,दन्त उन्नत उरच्,no
5.2.107,5,2,107,UzasuzimuzkamaDo raH,ūṣasuṣimuṣkamadho raḥ,ऊषसुषिमुष्कमधो रः,no
5.2.108,5,2,108,dyudruByAM maH,dyudrubhyāṃ maḥ,द्युद्रुभ्यां मः,no
5.2.109,5,2,109,keSAdvo'nyatarasyAm,keśādvo'nyatarasyām,केशाद्वोऽन्यतरस्याम्,no
5.2.110,5,2,110,gARqyajagAt saMjYAyAm,gāṇḍyajagāt saṃjñāyām,गाण्ड्यजगात् संज्ञायाम्,no
5.2.111,5,2,111,kARqARqAdIrannIracO,kāṇḍāṇḍādīrannīracau,काण्डाण्डादीरन्नीरचौ,no
5.2.112,5,2,112,rajaHkfzyAsutiparizado valac,rajaḥkṛṣyāsutipariṣado valac,रजःकृष्यासुतिपरिषदो वलच्,no
5.2.113,5,2,113,dantaSiKAt saMjYAyAm,dantaśikhāt saṃjñāyām,दन्तशिखात् संज्ञायाम्,no
5.2.114,5,2,114,jyotsnAtamisrASfNgiRorjasvinnUrjasvalagominmalinamalImasAH,jyotsnātamisrāśṛṅgiṇorjasvinnūrjasvalagominmalinamalīmasāḥ,ज्योत्स्नातमिस्राशृङ्गिणोर्जस्विन्नूर्जस्वलगोमिन्मलिनमलीमसाः,no
5.2.115,5,2,115,ata iniWanO,ata iniṭhanau,अत इनिठनौ,no
5.2.116,5,2,116,vrIhyAdiByaSca,vrīhyādibhyaśca,व्रीह्यादिभ्यश्च,no
5.2.117,5,2,117,tundAdiBya ilac ca,tundādibhya ilac ca,तुन्दादिभ्य इलच् च,no
5.2.118,5,2,118,ekagopUrvAwWaY nityam,ekagopūrvāṭṭhañ nityam,एकगोपूर्वाट्ठञ् नित्यम्,no
5.2.119,5,2,119,SatasahasrAntAcca nizkAt,śatasahasrāntācca niṣkāt,शतसहस्रान्ताच्च निष्कात्,no
5.2.120,5,2,120,rUpAdAhatapraSaMsayoryap,rūpādāhatapraśaṃsayoryap,रूपादाहतप्रशंसयोर्यप्,no
5.2.121,5,2,121,asmAyAmeDAsrajo viniH,asmāyāmedhāsrajo viniḥ,अस्मायामेधास्रजो विनिः,no
5.2.122,5,2,122,bahulaM Candasi,bahulaṃ chandasi,बहुलं छन्दसि,no
5.2.123,5,2,123,UrRAyA yus,ūrṇāyā yus,ऊर्णाया युस्,no
5.2.124,5,2,124,vAco gminiH,vāco gminiḥ,वाचो ग्मिनिः,no
5.2.125,5,2,125,AlajAwacO bahuBAziRi,ālajāṭacau bahubhāṣiṇi,आलजाटचौ बहुभाषिणि,no
5.2.126,5,2,126,svAminnESvarye,svāminnaiśvarye,स्वामिन्नैश्वर्ये,no
5.2.127,5,2,127,arSaAdiByo'c,arśaādibhyo'c,अर्शआदिभ्योऽच्,no
5.2.128,5,2,128,dvandvopatApagarhyAt prARisTAdiniH,dvandvopatāpagarhyāt prāṇisthādiniḥ,द्वन्द्वोपतापगर्ह्यात् प्राणिस्थादिनिः,no
5.2.129,5,2,129,vAtAtisArAByAM kuk ca,vātātisārābhyāṃ kuk ca,वातातिसाराभ्यां कुक् च,no
5.2.130,5,2,130,vayasi pUraRAt,vayasi pūraṇāt,वयसि पूरणात्,no
5.2.131,5,2,131,suKAdiByaSca,sukhādibhyaśca,सुखादिभ्यश्च,no
5.2.132,5,2,132,DarmaSIlavarRAntAcca,dharmaśīlavarṇāntācca,धर्मशीलवर्णान्ताच्च,no
5.2.133,5,2,133,hastAjjAtO,hastājjātau,हस्ताज्जातौ,no
5.2.134,5,2,134,varRAdbrahmacAriRi,varṇādbrahmacāriṇi,वर्णाद्ब्रह्मचारिणि,no
5.2.135,5,2,135,puzkarAdiByo deSe,puṣkarādibhyo deśe,पुष्करादिभ्यो देशे,no
5.2.136,5,2,136,balAdiByo matubanyatarasyAm,balādibhyo matubanyatarasyām,बलादिभ्यो मतुबन्यतरस्याम्,no
5.2.137,5,2,137,saMjYAyAM manmAByAm,saṃjñāyāṃ manmābhyām,संज्ञायां मन्माभ्याम्,no
5.2.138,5,2,138,kaMSaMByAM baBayustitutayasaH,kaṃśaṃbhyāṃ babhayustitutayasaḥ,कंशंभ्यां बभयुस्तितुतयसः,no
5.2.139,5,2,139,tundivalivawerBaH,tundivalivaṭerbhaḥ,तुन्दिवलिवटेर्भः,no
5.2.140,5,2,140,ahaMSuBamoryus,ahaṃśubhamoryus,अहंशुभमोर्युस्,no
5.3.1,5,3,1,prAgdiSo viBaktiH,prāgdiśo vibhaktiḥ,प्राग्दिशो विभक्तिः,no
5.3.2,5,3,2,kiMsarvanAmabahuByo'dvyAdiByaH,kiṃsarvanāmabahubhyo'dvyādibhyaḥ,किंसर्वनामबहुभ्योऽद्व्यादिभ्यः,no
5.3.3,5,3,3,idama iS,idama iś,इदम इश्,no
5.3.4,5,3,4,etetO raToH,etetau rathoḥ,एतेतौ रथोः,no
5.3.5,5,3,5,etado'n,etado'n,एतदोऽन्,no
5.3.6,5,3,6,sarvasya so'nyatarasyAM di,sarvasya so'nyatarasyāṃ di,सर्वस्य सोऽन्यतरस्यां दि,no
5.3.7,5,3,7,paYcamyAstasil,pañcamyāstasil,पञ्चम्यास्तसिल्,no
5.3.8,5,3,8,taseSca,taseśca,तसेश्च,no
5.3.9,5,3,9,paryaBiByAM ca,paryabhibhyāṃ ca,पर्यभिभ्यां च,no
5.3.10,5,3,10,saptamyAstral,saptamyāstral,सप्तम्यास्त्रल्,no
5.3.11,5,3,11,idamo haH,idamo haḥ,इदमो हः,no
5.3.12,5,3,12,kimo't,kimo't,किमोऽत्,no
5.3.13,5,3,13,vA ha ca cCandasi,vā ha ca cchandasi,वा ह च च्छन्दसि,no
5.3.14,5,3,14,itarAByo'pi dfSyante,itarābhyo'pi dṛśyante,इतराभ्योऽपि दृश्यन्ते,no
5.3.15,5,3,15,sarvEkAnyakiMyattadaH kAle dA,sarvaikānyakiṃyattadaḥ kāle dā,सर्वैकान्यकिंयत्तदः काले दा,no
5.3.16,5,3,16,idamo rhil,idamo rhil,इदमो र्हिल्,no
5.3.17,5,3,17,aDunA,adhunā,अधुना,no
5.3.18,5,3,18,dAnIM ca,dānīṃ ca,दानीं च,no
5.3.19,5,3,19,tado dA ca,tado dā ca,तदो दा च,no
5.3.20,5,3,20,tayordArhilO ca cCandasi,tayordārhilau ca cchandasi,तयोर्दार्हिलौ च च्छन्दसि,no
5.3.21,5,3,21,anadyatane rhilanyatarasyAm,anadyatane rhilanyatarasyām,अनद्यतने र्हिलन्यतरस्याम्,no
5.3.22,5,3,22,sadyaHparutparAryEzamaHparedyavyadyapUrvedyuranyedyuranyataredyuritaredyuraparedyuraDaredyuruBayedyuruttaredyuH,sadyaḥparutparāryaiṣamaḥparedyavyadyapūrvedyuranyedyuranyataredyuritaredyuraparedyuradharedyurubhayedyuruttaredyuḥ,सद्यःपरुत्परार्यैषमःपरेद्यव्यद्यपूर्वेद्युरन्येद्युरन्यतरेद्युरितरेद्युरपरेद्युरधरेद्युरुभयेद्युरुत्तरेद्युः,no
5.3.23,5,3,23,prakAravacane TAl,prakāravacane thāl,प्रकारवचने थाल्,no
5.3.24,5,3,24,idamasTamuH,idamasthamuḥ,इदमस्थमुः,no
5.3.25,5,3,25,kimaSca,kimaśca,किमश्च,no
5.3.26,5,3,26,TA hetO ca cCandasi,thā hetau ca cchandasi,था हेतौ च च्छन्दसि,no
5.3.27,5,3,27,dikSabdeByaH saptamIpaYcamIpraTamAByo digdeSakAlezvastAtiH,dikśabdebhyaḥ saptamīpañcamīprathamābhyo digdeśakāleṣvastātiḥ,दिक्शब्देभ्यः सप्तमीपञ्चमीप्रथमाभ्यो दिग्देशकालेष्वस्तातिः,no
5.3.28,5,3,28,dakziRottarAByAmatasuc,dakṣiṇottarābhyāmatasuc,दक्षिणोत्तराभ्यामतसुच्,no
5.3.29,5,3,29,viBAzA parAvarAByAm,vibhāṣā parāvarābhyām,विभाषा परावराभ्याम्,no
5.3.30,5,3,30,aYcerluk,añcerluk,अञ्चेर्लुक्,no
5.3.31,5,3,31,uparyuparizwAt,uparyupariṣṭāt,उपर्युपरिष्टात्,no
5.3.32,5,3,32,paScAt,paścāt,पश्चात्,no
5.3.33,5,3,33,paSca paScA ca cCandasi,paśca paścā ca cchandasi,पश्च पश्चा च च्छन्दसि,no
5.3.34,5,3,34,uttarADaradakziRAdAtiH,uttarādharadakṣiṇādātiḥ,उत्तराधरदक्षिणादातिः,no
5.3.35,5,3,35,enabanyatarasyAmadUre'paYcamyAH,enabanyatarasyāmadūre'pañcamyāḥ,एनबन्यतरस्यामदूरेऽपञ्चम्याः,no
5.3.36,5,3,36,dakziRAdAc,dakṣiṇādāc,दक्षिणादाच्,no
5.3.37,5,3,37,Ahi ca dUre,āhi ca dūre,आहि च दूरे,no
5.3.38,5,3,38,uttarAcca,uttarācca,उत्तराच्च,no
5.3.39,5,3,39,pUrvADarAvarARAmasi puraDavaScEzAm,pūrvādharāvarāṇāmasi puradhavaścaiṣām,पूर्वाधरावराणामसि पुरधवश्चैषाम्,no
5.3.40,5,3,40,astAti ca,astāti ca,अस्ताति च,no
5.3.41,5,3,41,viBAzAvarasya,vibhāṣāvarasya,विभाषावरस्य,no
5.3.42,5,3,42,saMKyAyA viDArTe DA,saṃkhyāyā vidhārthe dhā,संख्याया विधार्थे धा,no
5.3.43,5,3,43,aDikaraRavicAle ca,adhikaraṇavicāle ca,अधिकरणविचाले च,no
5.3.44,5,3,44,ekAdDo DyamuYanyatarasyAm,ekāddho dhyamuñanyatarasyām,एकाद्धो ध्यमुञन्यतरस्याम्,no
5.3.45,5,3,45,dvitryoSca DamuY,dvitryośca dhamuñ,द्वित्र्योश्च धमुञ्,no
5.3.46,5,3,46,eDAcca,edhācca,एधाच्च,no
5.3.47,5,3,47,yApye pASap,yāpye pāśap,याप्ये पाशप्,no
5.3.48,5,3,48,pUraRAdBAge tIyAdan,pūraṇādbhāge tīyādan,पूरणाद्भागे तीयादन्,no
5.3.49,5,3,49,prAgekAdaSaByo'cCandasi,prāgekādaśabhyo'cchandasi,प्रागेकादशभ्योऽच्छन्दसि,no
5.3.50,5,3,50,zazWAzwamAByAM Ya ca,ṣaṣṭhāṣṭamābhyāṃ ña ca,षष्ठाष्टमाभ्यां ञ च,no
5.3.51,5,3,51,mAnapaSvaNgayoH kanlukO ca,mānapaśvaṅgayoḥ kanlukau ca,मानपश्वङ्गयोः कन्लुकौ च,no
5.3.52,5,3,52,ekAdAkiniccAsahAye,ekādākiniccāsahāye,एकादाकिनिच्चासहाये,no
5.3.53,5,3,53,BUtapUrve caraw,bhūtapūrve caraṭ,भूतपूर्वे चरट्,no
5.3.54,5,3,54,zazWyA rUpya ca,ṣaṣṭhyā rūpya ca,षष्ठ्या रूप्य च,no
5.3.55,5,3,55,atiSAyane tamabizWanO,atiśāyane tamabiṣṭhanau,अतिशायने तमबिष्ठनौ,no
5.3.56,5,3,56,tiNaSca,tiṅaśca,तिङश्च,no
5.3.57,5,3,57,dvivacanaviBajyopapade tarabIyasunO,dvivacanavibhajyopapade tarabīyasunau,द्विवचनविभज्योपपदे तरबीयसुनौ,no
5.3.58,5,3,58,ajAdI guRavacanAdeva,ajādī guṇavacanādeva,अजादी गुणवचनादेव,no
5.3.59,5,3,59,tuSCandasi,tuśchandasi,तुश्छन्दसि,no
5.3.60,5,3,60,praSasyasya SraH,praśasyasya śraḥ,प्रशस्यस्य श्रः,no
5.3.61,5,3,61,jya ca,jya ca,ज्य च,no
5.3.62,5,3,62,vfdDasya ca,vṛddhasya ca,वृद्धस्य च,no
5.3.63,5,3,63,antikabAQayornedasADO,antikabāḍhayornedasādhau,अन्तिकबाढयोर्नेदसाधौ,no
5.3.64,5,3,64,yuvAlpayoH kananyatarasyAm,yuvālpayoḥ kananyatarasyām,युवाल्पयोः कनन्यतरस्याम्,no
5.3.65,5,3,65,vinmatorluk,vinmatorluk,विन्मतोर्लुक्,no
5.3.66,5,3,66,praSaMsAyAM rUpap,praśaṃsāyāṃ rūpap,प्रशंसायां रूपप्,no
5.3.67,5,3,67,IzadasamAptO kalpabdeSyadeSIyaraH,īṣadasamāptau kalpabdeśyadeśīyaraḥ,ईषदसमाप्तौ कल्पब्देश्यदेशीयरः,no
5.3.68,5,3,68,viBAzA supo bahuc purastAttu,vibhāṣā supo bahuc purastāttu,विभाषा सुपो बहुच् पुरस्तात्तु,no
5.3.69,5,3,69,prakAravacane jAtIyar,prakāravacane jātīyar,प्रकारवचने जातीयर्,no
5.3.70,5,3,70,prAgivAtkaH,prāgivātkaḥ,प्रागिवात्कः,no
5.3.71,5,3,71,avyayasarvanAmnAmakac prAk weH,avyayasarvanāmnāmakac prāk ṭeḥ,अव्ययसर्वनाम्नामकच् प्राक् टेः,no
5.3.72,5,3,72,kasya ca daH,kasya ca daḥ,कस्य च दः,no
5.3.73,5,3,73,ajYAte,ajñāte,अज्ञाते,no
5.3.74,5,3,74,kutsite,kutsite,कुत्सिते,no
5.3.75,5,3,75,saMjYAyAM kan,saṃjñāyāṃ kan,संज्ञायां कन्,no
5.3.76,5,3,76,anukampAyAm,anukampāyām,अनुकम्पायाम्,no
5.3.77,5,3,77,nItO ca tadyuktAt,nītau ca tadyuktāt,नीतौ च तद्युक्तात्,no
5.3.78,5,3,78,bahvaco manuzyanAmnazWajvA,bahvaco manuṣyanāmnaṣṭhajvā,बह्वचो मनुष्यनाम्नष्ठज्वा,no
5.3.79,5,3,79,GanilacO ca,ghanilacau ca,घनिलचौ च,no
5.3.80,5,3,80,prAcAmupAderaqajvucO ca,prācāmupāderaḍajvucau ca,प्राचामुपादेरडज्वुचौ च,no
5.3.81,5,3,81,jAtinAmnaH kan,jātināmnaḥ kan,जातिनाम्नः कन्,no
5.3.82,5,3,82,ajinAntasyottarapadalopaSca,ajināntasyottarapadalopaśca,अजिनान्तस्योत्तरपदलोपश्च,no
5.3.83,5,3,83,WAjAdAvUrDvaM dvitIyAdacaH,ṭhājādāvūrdhvaṃ dvitīyādacaḥ,ठाजादावूर्ध्वं द्वितीयादचः,no
5.3.84,5,3,84,SevalasupariviSAlavaruRAryamAdInAM tftIyAt,śevalasupariviśālavaruṇāryamādīnāṃ tṛtīyāt,शेवलसुपरिविशालवरुणार्यमादीनां तृतीयात्,no
5.3.85,5,3,85,alpe,alpe,अल्पे,no
5.3.86,5,3,86,hrasve,hrasve,ह्रस्वे,no
5.3.87,5,3,87,saMjYAyAM kan,saṃjñāyāṃ kan,संज्ञायां कन्,no
5.3.88,5,3,88,kuwISamISuRqAByo raH,kuṭīśamīśuṇḍābhyo raḥ,कुटीशमीशुण्डाभ्यो रः,no
5.3.89,5,3,89,kutvA qupac,kutvā ḍupac,कुत्वा डुपच्,no
5.3.90,5,3,90,kAsUgoRIByAM zwarac,kāsūgoṇībhyāṃ ṣṭarac,कासूगोणीभ्यां ष्टरच्,no
5.3.91,5,3,91,vatsokzASvarzaBeByaSca tanutve,vatsokṣāśvarṣabhebhyaśca tanutve,वत्सोक्षाश्वर्षभेभ्यश्च तनुत्वे,no
5.3.92,5,3,92,kiMyattado nirdDAraRe dvayorekasya qatarac,kiṃyattado nirddhāraṇe dvayorekasya ḍatarac,किंयत्तदो निर्द्धारणे द्वयोरेकस्य डतरच्,no
5.3.93,5,3,93,vA bahUnAM jAtiparipraSne qatamac,vā bahūnāṃ jātiparipraśne ḍatamac,वा बहूनां जातिपरिप्रश्ने डतमच्,no
5.3.94,5,3,94,ekAcca prAcAm,ekācca prācām,एकाच्च प्राचाम्,no
5.3.95,5,3,95,avakzepaRe kan,avakṣepaṇe kan,अवक्षेपणे कन्,no
5.3.96,5,3,96,ive pratikftO,ive pratikṛtau,इवे प्रतिकृतौ,no
5.3.97,5,3,97,saMjYAyAM ca,saṃjñāyāṃ ca,संज्ञायां च,no
5.3.98,5,3,98,lummanuzye,lummanuṣye,लुम्मनुष्ये,no
5.3.99,5,3,99,jIvikArTe cApaRye,jīvikārthe cāpaṇye,जीविकार्थे चापण्ये,no
5.3.100,5,3,100,devapaTAdiByaSca,devapathādibhyaśca,देवपथादिभ्यश्च,no
5.3.101,5,3,101,vasterQaY,vasterḍhañ,वस्तेर्ढञ्,no
5.3.102,5,3,102,SilAyA QaH,śilāyā ḍhaḥ,शिलाया ढः,no
5.3.103,5,3,103,SAKAdiByo yat,śākhādibhyo yat,शाखादिभ्यो यत्,no
5.3.104,5,3,104,dravyaM ca Bavye,dravyaṃ ca bhavye,द्रव्यं च भव्ये,no
5.3.105,5,3,105,kuSAgrAcCaH,kuśāgrācchaḥ,कुशाग्राच्छः,no
5.3.106,5,3,106,samAsAcca tadvizayAt,samāsācca tadviṣayāt,समासाच्च तद्विषयात्,no
5.3.107,5,3,107,SarkarAdiByo'R,śarkarādibhyo'ṇ,शर्करादिभ्योऽण्,no
5.3.108,5,3,108,aNgulyAdiByazWak,aṅgulyādibhyaṣṭhak,अङ्गुल्यादिभ्यष्ठक्,no
5.3.109,5,3,109,ekaSAlAyAzWajanyatarasyAm,ekaśālāyāṣṭhajanyatarasyām,एकशालायाष्ठजन्यतरस्याम्,no
5.3.110,5,3,110,karkalohitAdIkak,karkalohitādīkak,कर्कलोहितादीकक्,no
5.3.111,5,3,111,pratnapUrvaviSvemAtTAl Candasi,pratnapūrvaviśvemātthāl chandasi,प्रत्नपूर्वविश्वेमात्थाल् छन्दसि,no
5.3.112,5,3,112,pUgAYYyo'grAmaRIpUrvAt,pūgāññyo'grāmaṇīpūrvāt,पूगाञ्ञ्योऽग्रामणीपूर्वात्,no
5.3.113,5,3,113,vrAtacPaYorastriyAm,vrātacphañorastriyām,व्रातच्फञोरस्त्रियाम्,no
5.3.114,5,3,114,AyuDajIvisaMGAYYyaqvAhIkezvabrAhmaRarAjanyAt,āyudhajīvisaṃghāññyaḍvāhīkeṣvabrāhmaṇarājanyāt,आयुधजीविसंघाञ्ञ्यड्वाहीकेष्वब्राह्मणराजन्यात्,no
5.3.115,5,3,115,vfkAwweRyaR,vṛkāṭṭeṇyaṇ,वृकाट्टेण्यण्,no
5.3.116,5,3,116,dAmanyAditrigartazazWAcCaH,dāmanyāditrigartaṣaṣṭhācchaḥ,दामन्यादित्रिगर्तषष्ठाच्छः,no
5.3.117,5,3,117,parSvAdiyODeyAdiByAmaRaYO,parśvādiyaudheyādibhyāmaṇañau,पर्श्वादियौधेयादिभ्यामणञौ,no
5.3.118,5,3,118,aBijidvidaBfcCAlAvacCiKAvacCamIvadUrRAvacCrumadaRo yaY,abhijidvidabhṛcchālāvacchikhāvacchamīvadūrṇāvacchrumadaṇo yañ,अभिजिद्विदभृच्छालावच्छिखावच्छमीवदूर्णावच्छ्रुमदणो यञ्,no
5.3.119,5,3,119,YyAdayastadrAjAH,ñyādayastadrājāḥ,ञ्यादयस्तद्राजाः,no
5.4.1,5,4,1,pAdaSatasya saMKyAdervIpsAyAM vun lopaSca,pādaśatasya saṃkhyādervīpsāyāṃ vun lopaśca,पादशतस्य संख्यादेर्वीप्सायां वुन् लोपश्च,no
5.4.2,5,4,2,daRqavyavasargayoSca,daṇḍavyavasargayośca,दण्डव्यवसर्गयोश्च,no
5.4.3,5,4,3,sTUlAdiByaH prakAravacane kan,sthūlādibhyaḥ prakāravacane kan,स्थूलादिभ्यः प्रकारवचने कन्,no
5.4.4,5,4,4,anatyantagatO ktAt,anatyantagatau ktāt,अनत्यन्तगतौ क्तात्,no
5.4.5,5,4,5,na sAmivacane,na sāmivacane,न सामिवचने,no
5.4.6,5,4,6,bfhatyA AcCAdane,bṛhatyā ācchādane,बृहत्या आच्छादने,no
5.4.7,5,4,7,azaqakzASitaNgvalaMkarmAlampuruzADyuttarapadAt KaH,aṣaḍakṣāśitaṅgvalaṃkarmālampuruṣādhyuttarapadāt khaḥ,अषडक्षाशितङ्ग्वलंकर्मालम्पुरुषाध्युत्तरपदात् खः,no
5.4.8,5,4,8,viBAzA aYceradikstriyAm,vibhāṣā añceradikstriyām,विभाषा अञ्चेरदिक्स्त्रियाम्,no
5.4.9,5,4,9,jAtyantAcCa banDuni,jātyantāccha bandhuni,जात्यन्ताच्छ बन्धुनि,no
5.4.10,5,4,10,sTAnAntAdviBAzA sasTAneneti cet,sthānāntādvibhāṣā sasthāneneti cet,स्थानान्ताद्विभाषा सस्थानेनेति चेत्,no
5.4.11,5,4,11,kimettiNavyayaGAdAmvadravyaprakarze,kimettiṅavyayaghādāmvadravyaprakarṣe,किमेत्तिङव्ययघादाम्वद्रव्यप्रकर्षे,no
5.4.12,5,4,12,amu ca cCandasi,amu ca cchandasi,अमु च च्छन्दसि,no
5.4.13,5,4,13,anugAdinazWak,anugādinaṣṭhak,अनुगादिनष्ठक्,no
5.4.14,5,4,14,RacaH striyAmaY,ṇacaḥ striyāmañ,णचः स्त्रियामञ्,no
5.4.15,5,4,15,aRinuRaH,aṇinuṇaḥ,अणिनुणः,no
5.4.16,5,4,16,visAriRo matsye,visāriṇo matsye,विसारिणो मत्स्ये,no
5.4.17,5,4,17,saMKyAyAH kriyAByAvfttigaRane kftvasuc,saṃkhyāyāḥ kriyābhyāvṛttigaṇane kṛtvasuc,संख्यायाः क्रियाभ्यावृत्तिगणने कृत्वसुच्,no
5.4.18,5,4,18,dvitricaturByaH suc,dvitricaturbhyaḥ suc,द्वित्रिचतुर्भ्यः सुच्,no
5.4.19,5,4,19,ekasya sakfcca,ekasya sakṛcca,एकस्य सकृच्च,no
5.4.20,5,4,20,viBAzA bahorDAviprakfzwakAle,vibhāṣā bahordhāviprakṛṣṭakāle,विभाषा बहोर्धाविप्रकृष्टकाले,no
5.4.21,5,4,21,tatprakftavacane mayaw,tatprakṛtavacane mayaṭ,तत्प्रकृतवचने मयट्,no
5.4.22,5,4,22,samUhavacca bahuzu,samūhavacca bahuṣu,समूहवच्च बहुषु,no
5.4.23,5,4,23,anantAvasaTetihaBezajAYYyaH,anantāvasathetihabheṣajāññyaḥ,अनन्तावसथेतिहभेषजाञ्ञ्यः,no
5.4.24,5,4,24,devatAntAttAdarTye yat,devatāntāttādarthye yat,देवतान्तात्तादर्थ्ये यत्,no
5.4.25,5,4,25,pAdArGAByAM ca,pādārghābhyāṃ ca,पादार्घाभ्यां च,no
5.4.26,5,4,26,atiTerYyaH,atitherñyaḥ,अतिथेर्ञ्यः,no
5.4.27,5,4,27,devAttal,devāttal,देवात्तल्,no
5.4.28,5,4,28,aveH kaH,aveḥ kaḥ,अवेः कः,no
5.4.29,5,4,29,yAvAdiByaH kan,yāvādibhyaḥ kan,यावादिभ्यः कन्,no
5.4.30,5,4,30,lohitAnmaRO,lohitānmaṇau,लोहितान्मणौ,no
5.4.31,5,4,31,varRe cAnitye,varṇe cānitye,वर्णे चानित्ये,no
5.4.32,5,4,32,rakte,rakte,रक्ते,no
5.4.33,5,4,33,kAlAcca,kālācca,कालाच्च,no
5.4.34,5,4,34,vinayAdiByazWak,vinayādibhyaṣṭhak,विनयादिभ्यष्ठक्,no
5.4.35,5,4,35,vAco vyAhftArTAyAm,vāco vyāhṛtārthāyām,वाचो व्याहृतार्थायाम्,no
5.4.36,5,4,36,tadyuktAt karmaRo'R,tadyuktāt karmaṇo'ṇ,तद्युक्तात् कर्मणोऽण्,no
5.4.37,5,4,37,ozaDerajAtO,oṣadherajātau,ओषधेरजातौ,no
5.4.38,5,4,38,prajYAdiByaSca,prajñādibhyaśca,प्रज्ञादिभ्यश्च,no
5.4.39,5,4,39,mfdastikan,mṛdastikan,मृदस्तिकन्,no
5.4.40,5,4,40,sasnO praSaMsAyAm,sasnau praśaṃsāyām,सस्नौ प्रशंसायाम्,no
5.4.41,5,4,41,vfkajyezWAByAM tiltAtilO ca cCandasi,vṛkajyeṣṭhābhyāṃ tiltātilau ca cchandasi,वृकज्येष्ठाभ्यां तिल्तातिलौ च च्छन्दसि,no
5.4.42,5,4,42,bahvalpArTAcCas kArakAdanyatarasyAm,bahvalpārthācchas kārakādanyatarasyām,बह्वल्पार्थाच्छस् कारकादन्यतरस्याम्,no
5.4.43,5,4,43,saMKyEkavacanAcca vIpsAyAm,saṃkhyaikavacanācca vīpsāyām,संख्यैकवचनाच्च वीप्सायाम्,no
5.4.44,5,4,44,pratiyoge paYcamyAstasiH,pratiyoge pañcamyāstasiḥ,प्रतियोगे पञ्चम्यास्तसिः,no
5.4.45,5,4,45,apAdAne cAhIyaruhoH,apādāne cāhīyaruhoḥ,अपादाने चाहीयरुहोः,no
5.4.46,5,4,46,atigrahAvyaTanakzepezvakartari tftIyAyAH,atigrahāvyathanakṣepeṣvakartari tṛtīyāyāḥ,अतिग्रहाव्यथनक्षेपेष्वकर्तरि तृतीयायाः,no
5.4.47,5,4,47,hIyamAnapApayogAcca,hīyamānapāpayogācca,हीयमानपापयोगाच्च,no
5.4.48,5,4,48,zazWyA vyASraye,ṣaṣṭhyā vyāśraye,षष्ठ्या व्याश्रये,no
5.4.49,5,4,49,rogAccApanayane,rogāccāpanayane,रोगाच्चापनयने,no
5.4.50,5,4,50,aBUtatadBAve kfBvastiyoge sampadyakartari cviH,abhūtatadbhāve kṛbhvastiyoge sampadyakartari cviḥ,अभूततद्भावे कृभ्वस्तियोगे सम्पद्यकर्तरि च्विः,no
5.4.51,5,4,51,arurmanaScakzuScetorahorajasAM lopaSca,arurmanaścakṣuścetorahorajasāṃ lopaśca,अरुर्मनश्चक्षुश्चेतोरहोरजसां लोपश्च,no
5.4.52,5,4,52,viBAzA sAti kArtsnye,vibhāṣā sāti kārtsnye,विभाषा साति कार्त्स्न्ये,no
5.4.53,5,4,53,aBiviDO sampadA ca,abhividhau sampadā ca,अभिविधौ सम्पदा च,no
5.4.54,5,4,54,tadaDInavacane,tadadhīnavacane,तदधीनवचने,no
5.4.55,5,4,55,deye trA ca,deye trā ca,देये त्रा च,no
5.4.56,5,4,56,devamanuzyapuruzapurumartyeByo dvitIyAsaptamyorbahulam,devamanuṣyapuruṣapurumartyebhyo dvitīyāsaptamyorbahulam,देवमनुष्यपुरुषपुरुमर्त्येभ्यो द्वितीयासप्तम्योर्बहुलम्,no
5.4.57,5,4,57,avyaktAnukaraRAddvyajavarArDAdanitO qAc,avyaktānukaraṇāddvyajavarārdhādanitau ḍāc,अव्यक्तानुकरणाद्द्व्यजवरार्धादनितौ डाच्,no
5.4.58,5,4,58,kfYo dvitIyatftIyaSambabIjAt kfzO,kṛño dvitīyatṛtīyaśambabījāt kṛṣau,कृञो द्वितीयतृतीयशम्बबीजात् कृषौ,no
5.4.59,5,4,59,saMKyAyASca guRAntAyAH,saṃkhyāyāśca guṇāntāyāḥ,संख्यायाश्च गुणान्तायाः,no
5.4.60,5,4,60,samayAcca yApanAyAm,samayācca yāpanāyām,समयाच्च यापनायाम्,no
5.4.61,5,4,61,sapattranizpatrAdativyaTane,sapattraniṣpatrādativyathane,सपत्त्रनिष्पत्रादतिव्यथने,no
5.4.62,5,4,62,nizkulAnnizkozaRe,niṣkulānniṣkoṣaṇe,निष्कुलान्निष्कोषणे,no
5.4.63,5,4,63,suKapriyAdAnulomye,sukhapriyādānulomye,सुखप्रियादानुलोम्ये,no
5.4.64,5,4,64,duHKAt prAtilomye,duḥkhāt prātilomye,दुःखात् प्रातिलोम्ये,no
5.4.65,5,4,65,SUlAt pAke,śūlāt pāke,शूलात् पाके,no
5.4.66,5,4,66,satyAdaSapaTe,satyādaśapathe,सत्यादशपथे,no
5.4.67,5,4,67,madrAt parivApaRe,madrāt parivāpaṇe,मद्रात् परिवापणे,no
5.4.68,5,4,68,samAsAntAH,samāsāntāḥ,समासान्ताः,no
5.4.69,5,4,69,na pUjanAt,na pūjanāt,न पूजनात्,no
5.4.70,5,4,70,kimaH kzepe,kimaḥ kṣepe,किमः क्षेपे,no
5.4.71,5,4,71,naYastatpuruzAt,nañastatpuruṣāt,नञस्तत्पुरुषात्,no
5.4.72,5,4,72,paTo viBAzA,patho vibhāṣā,पथो विभाषा,no
5.4.73,5,4,73,bahuvrIhO saMKyeye qajabahugaRAt,bahuvrīhau saṃkhyeye ḍajabahugaṇāt,बहुव्रीहौ संख्येये डजबहुगणात्,no
5.4.74,5,4,74,fkpUrabDUHpaTAmAnakze,ṛkpūrabdhūḥpathāmānakṣe,ऋक्पूरब्धूःपथामानक्षे,no
5.4.75,5,4,75,ac pratyanvavapUrvAt sAmalomnaH,ac pratyanvavapūrvāt sāmalomnaḥ,अच् प्रत्यन्ववपूर्वात् सामलोम्नः,no
5.4.76,5,4,76,akzRo'darSanAt,akṣṇo'darśanāt,अक्ष्णोऽदर्शनात्,no
5.4.77,5,4,77,acaturavicaturasucaturastrIpuMsaDenvanaquharksAmavANmanasAkziBruvadAragavorvazWIvapadazWIvanaktaMdivarAtriMdivAhardivasarajasaniHSreyasapuruzAyuzadvyAyuzatryAyuzargyajuzajAtokzamahokzavfdDokzopaSunagozWaSvAH,acaturavicaturasucaturastrīpuṃsadhenvanaḍuharksāmavāṅmanasākṣibhruvadāragavorvaṣṭhīvapadaṣṭhīvanaktaṃdivarātriṃdivāhardivasarajasaniḥśreyasapuruṣāyuṣadvyāyuṣatryāyuṣargyajuṣajātokṣamahokṣavṛddhokṣopaśunagoṣṭhaśvāḥ,अचतुरविचतुरसुचतुरस्त्रीपुंसधेन्वनडुहर्क्सामवाङ्मनसाक्षिभ्रुवदारगवोर्वष्ठीवपदष्ठीवनक्तंदिवरात्रिंदिवाहर्दिवसरजसनिःश्रेयसपुरुषायुषद्व्यायुषत्र्यायुषर्ग्यजुषजातोक्षमहोक्षवृद्धोक्षोपशुनगोष्ठश्वाः,no
5.4.78,5,4,78,brahmahastiByAm varccasaH,brahmahastibhyām varccasaḥ,ब्रह्महस्तिभ्याम् वर्च्चसः,no
5.4.79,5,4,79,avasamanDeByastamasaH,avasamandhebhyastamasaḥ,अवसमन्धेभ्यस्तमसः,no
5.4.80,5,4,80,Svaso vasIyaHSreyasaH,śvaso vasīyaḥśreyasaḥ,श्वसो वसीयःश्रेयसः,no
5.4.81,5,4,81,anvavataptAdrahasaH,anvavataptādrahasaḥ,अन्ववतप्ताद्रहसः,no
5.4.82,5,4,82,praterurasaH saptamIsTAt,praterurasaḥ saptamīsthāt,प्रतेरुरसः सप्तमीस्थात्,no
5.4.83,5,4,83,anugavamAyAme,anugavamāyāme,अनुगवमायामे,no
5.4.84,5,4,84,dvistAvA tristAvA vediH,dvistāvā tristāvā vediḥ,द्विस्तावा त्रिस्तावा वेदिः,no
5.4.85,5,4,85,upasargAdaDvanaH,upasargādadhvanaḥ,उपसर्गादध्वनः,no
5.4.86,5,4,86,tatpuruzasyANguleH saMKyAvyayAdeH,tatpuruṣasyāṅguleḥ saṃkhyāvyayādeḥ,तत्पुरुषस्याङ्गुलेः संख्याव्ययादेः,no
5.4.87,5,4,87,ahassarvEkadeSasaMKyAtapuRyAcca rAtreH,ahassarvaikadeśasaṃkhyātapuṇyācca rātreḥ,अहस्सर्वैकदेशसंख्यातपुण्याच्च रात्रेः,no
5.4.88,5,4,88,ahno'hna eteByaH,ahno'hna etebhyaḥ,अह्नोऽह्न एतेभ्यः,no
5.4.89,5,4,89,na saMKyAdeH samAhAre,na saṃkhyādeḥ samāhāre,न संख्यादेः समाहारे,no
5.4.90,5,4,90,uttamEkAByAM ca,uttamaikābhyāṃ ca,उत्तमैकाभ्यां च,no
5.4.91,5,4,91,rAjAhassaKiByazwac,rājāhassakhibhyaṣṭac,राजाहस्सखिभ्यष्टच्,no
5.4.92,5,4,92,goratadDitaluki,gorataddhitaluki,गोरतद्धितलुकि,no
5.4.93,5,4,93,agrAKyAyAmurasaH,agrākhyāyāmurasaḥ,अग्राख्यायामुरसः,no
5.4.94,5,4,94,ano'SmAyassarasAm jAtisaMjYayoH,ano'śmāyassarasām jātisaṃjñayoḥ,अनोऽश्मायस्सरसाम् जातिसंज्ञयोः,no
5.4.95,5,4,95,grAmakOwAByAM ca takzRaH,grāmakauṭābhyāṃ ca takṣṇaḥ,ग्रामकौटाभ्यां च तक्ष्णः,no
5.4.96,5,4,96,ateH SunaH,ateḥ śunaḥ,अतेः शुनः,no
5.4.97,5,4,97,upamAnAdaprARizu,upamānādaprāṇiṣu,उपमानादप्राणिषु,no
5.4.98,5,4,98,uttaramfgapUrvAcca sakTnaH,uttaramṛgapūrvācca sakthnaḥ,उत्तरमृगपूर्वाच्च सक्थ्नः,no
5.4.99,5,4,99,nAvo dvigoH,nāvo dvigoḥ,नावो द्विगोः,no
5.4.100,5,4,100,arDAcca,ardhācca,अर्धाच्च,no
5.4.101,5,4,101,KAryAH prAcAm,khāryāḥ prācām,खार्याः प्राचाम्,no
5.4.102,5,4,102,dvitriByAmaYjaleH,dvitribhyāmañjaleḥ,द्वित्रिभ्यामञ्जलेः,no
5.4.103,5,4,103,anasantAnnapuMsakAcCandasi,anasantānnapuṃsakācchandasi,अनसन्तान्नपुंसकाच्छन्दसि,no
5.4.104,5,4,104,brahmaRo jAnapadAKyAyAm,brahmaṇo jānapadākhyāyām,ब्रह्मणो जानपदाख्यायाम्,no
5.4.105,5,4,105,kumahadByAmanyatarasyAm,kumahadbhyāmanyatarasyām,कुमहद्भ्यामन्यतरस्याम्,no
5.4.106,5,4,106,dvandvAccudazahAntAt samAhAre,dvandvāccudaṣahāntāt samāhāre,द्वन्द्वाच्चुदषहान्तात् समाहारे,no
5.4.107,5,4,107,avyayIBAve SaratpraBftiByaH,avyayībhāve śaratprabhṛtibhyaḥ,अव्ययीभावे शरत्प्रभृतिभ्यः,no
5.4.108,5,4,108,anaSca,anaśca,अनश्च,no
5.4.109,5,4,109,napuMsakAdanyatarasyAm,napuṃsakādanyatarasyām,नपुंसकादन्यतरस्याम्,no
5.4.110,5,4,110,nadIpOrRamAsyAgrahAyaRIByaH,nadīpaurṇamāsyāgrahāyaṇībhyaḥ,नदीपौर्णमास्याग्रहायणीभ्यः,no
5.4.111,5,4,111,JayaH,jhayaḥ,झयः,no
5.4.112,5,4,112,gireSca senakasya,gireśca senakasya,गिरेश्च सेनकस्य,no
5.4.113,5,4,113,bahuvrIhO sakTyakzRoH svANgAt zac,bahuvrīhau sakthyakṣṇoḥ svāṅgāt ṣac,बहुव्रीहौ सक्थ्यक्ष्णोः स्वाङ्गात् षच्,no
5.4.114,5,4,114,aNgulerdAruRi,aṅgulerdāruṇi,अङ्गुलेर्दारुणि,no
5.4.115,5,4,115,dvitriByAM za mUrDnaH,dvitribhyāṃ ṣa mūrdhnaḥ,द्वित्रिभ्यां ष मूर्ध्नः,no
5.4.116,5,4,116,ap pUraRIpramARyoH,ap pūraṇīpramāṇyoḥ,अप् पूरणीप्रमाण्योः,no
5.4.117,5,4,117,antarbahirByAM ca lomnaH,antarbahirbhyāṃ ca lomnaḥ,अन्तर्बहिर्भ्यां च लोम्नः,no
5.4.118,5,4,118,aYnAsikAyAH saMjYAyAM nasaM cAsTUlAt,añnāsikāyāḥ saṃjñāyāṃ nasaṃ cāsthūlāt,अञ्नासिकायाः संज्ञायां नसं चास्थूलात्,no
5.4.119,5,4,119,upasargAcca,upasargācca,उपसर्गाच्च,no
5.4.120,5,4,120,suprAtasuSvasudivaSArikukzacaturaSrERIpadAjapadaprozWapadAH,suprātasuśvasudivaśārikukṣacaturaśraiṇīpadājapadaproṣṭhapadāḥ,सुप्रातसुश्वसुदिवशारिकुक्षचतुरश्रैणीपदाजपदप्रोष्ठपदाः,no
5.4.121,5,4,121,naYduHsuByo halisakTyoranyatarasyAm,nañduḥsubhyo halisakthyoranyatarasyām,नञ्दुःसुभ्यो हलिसक्थ्योरन्यतरस्याम्,no
5.4.122,5,4,122,nityamasic prajAmeDayoH,nityamasic prajāmedhayoḥ,नित्यमसिच् प्रजामेधयोः,no
5.4.123,5,4,123,bahuprajASCandasi,bahuprajāśchandasi,बहुप्रजाश्छन्दसि,no
5.4.124,5,4,124,DarmAdanic kevalAt,dharmādanic kevalāt,धर्मादनिच् केवलात्,no
5.4.125,5,4,125,jamBA suharitatfRasomeByaH,jambhā suharitatṛṇasomebhyaḥ,जम्भा सुहरिततृणसोमेभ्यः,no
5.4.126,5,4,126,dakziRermA lubDayoge,dakṣiṇermā lubdhayoge,दक्षिणेर्मा लुब्धयोगे,no
5.4.127,5,4,127,ic karmavyatihAre,ic karmavyatihāre,इच् कर्मव्यतिहारे,no
5.4.128,5,4,128,dvidaRqyAdiByaSca,dvidaṇḍyādibhyaśca,द्विदण्ड्यादिभ्यश्च,no
5.4.129,5,4,129,prasamByAM jAnunorjYuH,prasambhyāṃ jānunorjñuḥ,प्रसम्भ्यां जानुनोर्ज्ञुः,no
5.4.130,5,4,130,UrDvAdviBAzA,ūrdhvādvibhāṣā,ऊर्ध्वाद्विभाषा,no
5.4.131,5,4,131,UDaso'naN,ūdhaso'naṅ,ऊधसोऽनङ्,no
5.4.132,5,4,132,DanuzaSca,dhanuṣaśca,धनुषश्च,no
5.4.133,5,4,133,vA saMjYAyAm,vā saṃjñāyām,वा संज्ञायाम्,no
5.4.134,5,4,134,jAyAyA niN,jāyāyā niṅ,जायाया निङ्,no
5.4.135,5,4,135,ganDasyedutpUtisusuraBiByaH,gandhasyedutpūtisusurabhibhyaḥ,गन्धस्येदुत्पूतिसुसुरभिभ्यः,no
5.4.136,5,4,136,alpAKyAyAm,alpākhyāyām,अल्पाख्यायाम्,no
5.4.137,5,4,137,upamAnAcca,upamānācca,उपमानाच्च,no
5.4.138,5,4,138,pAdasya lopo'hastyAdiByaH,pādasya lopo'hastyādibhyaḥ,पादस्य लोपोऽहस्त्यादिभ्यः,no
5.4.139,5,4,139,kumBapadIzu ca,kumbhapadīṣu ca,कुम्भपदीषु च,no
5.4.140,5,4,140,saMKyAsupUrvasya,saṃkhyāsupūrvasya,संख्यासुपूर्वस्य,no
5.4.141,5,4,141,vayasi dantasya datf,vayasi dantasya datṛ,वयसि दन्तस्य दतृ,no
5.4.142,5,4,142,Candasi ca,chandasi ca,छन्दसि च,no
5.4.143,5,4,143,striyAM saMjYAyAm,striyāṃ saṃjñāyām,स्त्रियां संज्ञायाम्,no
5.4.144,5,4,144,viBAzA SyAvArokAByAm,vibhāṣā śyāvārokābhyām,विभाषा श्यावारोकाभ्याम्,no
5.4.145,5,4,145,agrAntaSudDaSuBravfzavarAheByaSca,agrāntaśuddhaśubhravṛṣavarāhebhyaśca,अग्रान्तशुद्धशुभ्रवृषवराहेभ्यश्च,no
5.4.146,5,4,146,kakudasyAvasTAyAM lopaH,kakudasyāvasthāyāṃ lopaḥ,ककुदस्यावस्थायां लोपः,no
5.4.147,5,4,147,trikakut parvate,trikakut parvate,त्रिककुत् पर्वते,no
5.4.148,5,4,148,udviByAM kAkudasya,udvibhyāṃ kākudasya,उद्विभ्यां काकुदस्य,no
5.4.149,5,4,149,pUrRAdviBAzA,pūrṇādvibhāṣā,पूर्णाद्विभाषा,no
5.4.150,5,4,150,suhfddurhfdO mitrAmitrayoH,suhṛddurhṛdau mitrāmitrayoḥ,सुहृद्दुर्हृदौ मित्रामित्रयोः,no
5.4.151,5,4,151,uraHpraBftiByaH kap,uraḥprabhṛtibhyaḥ kap,उरःप्रभृतिभ्यः कप्,no
5.4.152,5,4,152,inaH striyAm,inaḥ striyām,इनः स्त्रियाम्,no
5.4.153,5,4,153,nadyftaSca,nadyṛtaśca,नद्यृतश्च,no
5.4.154,5,4,154,SezAdviBAzA,śeṣādvibhāṣā,शेषाद्विभाषा,no
5.4.155,5,4,155,na saMjYAyAm,na saṃjñāyām,न संज्ञायाम्,no
5.4.156,5,4,156,IyasaSca,īyasaśca,ईयसश्च,no
5.4.157,5,4,157,vandite BrAtuH,vandite bhrātuḥ,वन्दिते भ्रातुः,no
5.4.158,5,4,158,ftaSCandasi,ṛtaśchandasi,ऋतश्छन्दसि,no
5.4.159,5,4,159,nAqItantryoH svANge,nāḍītantryoḥ svāṅge,नाडीतन्त्र्योः स्वाङ्गे,no
5.4.160,5,4,160,nizpravARiSca,niṣpravāṇiśca,निष्प्रवाणिश्च,no
6.1.1,6,1,1,ekAco dve praTamasya,ekāco dve prathamasya,एकाचो द्वे प्रथमस्य,no
6.1.2,6,1,2,ajAderdvitIyasya,ajāderdvitīyasya,अजादेर्द्वितीयस्य,no
6.1.3,6,1,3,na ndrAH saMyogAdayaH,na ndrāḥ saṃyogādayaḥ,न न्द्राः संयोगादयः,yes
6.1.4,6,1,4,pUrvo'ByAsaH,pūrvo'bhyāsaḥ,पूर्वोऽभ्यासः,no
6.1.5,6,1,5,uBe aByastam,ubhe abhyastam,उभे अभ्यस्तम्,no
6.1.6,6,1,6,jakzityAdayaH zaw,jakṣityādayaḥ ṣaṭ,जक्षित्यादयः षट्,no
6.1.7,6,1,7,tujAdInAM dIrGo'ByAsasya,tujādīnāṃ dīrgho'bhyāsasya,तुजादीनां दीर्घोऽभ्यासस्य,no
6.1.8,6,1,8,liwi DAtoranaByAsasya,liṭi dhātoranabhyāsasya,लिटि धातोरनभ्यासस्य,no
6.1.9,6,1,9,sanyaNoH,sanyaṅoḥ,सन्यङोः,no
6.1.10,6,1,10,SlO,ślau,श्लौ,no
6.1.11,6,1,11,caNi,caṅi,चङि,no
6.1.12,6,1,12,dASvAn sAhvAn mIQvAMSca,dāśvān sāhvān mīḍhvāṃśca,दाश्वान् साह्वान् मीढ्वांश्च,no
6.1.13,6,1,13,zyaNaH samprasAraRaM putrapatyostatpuruze,ṣyaṅaḥ samprasāraṇaṃ putrapatyostatpuruṣe,ष्यङः सम्प्रसारणं पुत्रपत्योस्तत्पुरुषे,no
6.1.14,6,1,14,banDuni bahuvrIhO,bandhuni bahuvrīhau,बन्धुनि बहुव्रीहौ,no
6.1.15,6,1,15,vacisvapiyajAdInAM kiti,vacisvapiyajādīnāṃ kiti,वचिस्वपियजादीनां किति,no
6.1.16,6,1,16,grahijyAvayivyaDivazwivicativfScatipfcCatiBfjjatInAM Niti ca,grahijyāvayivyadhivaṣṭivicativṛścatipṛcchatibhṛjjatīnāṃ ṅiti ca,ग्रहिज्यावयिव्यधिवष्टिविचतिवृश्चतिपृच्छतिभृज्जतीनां ङिति च,no
6.1.17,6,1,17,liwyaByAsasyoBayezAm,liṭyabhyāsasyobhayeṣām,लिट्यभ्यासस्योभयेषाम्,no
6.1.18,6,1,18,svApeScaNi,svāpeścaṅi,स्वापेश्चङि,no
6.1.19,6,1,19,svapisyamivyeYAM yaNi,svapisyamivyeñāṃ yaṅi,स्वपिस्यमिव्येञां यङि,no
6.1.20,6,1,20,na vaSaH,na vaśaḥ,न वशः,no
6.1.21,6,1,21,cAyaH kI,cāyaḥ kī,चायः की,no
6.1.22,6,1,22,sPAyaH sPI nizWAyAm,sphāyaḥ sphī niṣṭhāyām,स्फायः स्फी निष्ठायाम्,no
6.1.23,6,1,23,styaH prapUrvasya,styaḥ prapūrvasya,स्त्यः प्रपूर्वस्य,no
6.1.24,6,1,24,dravamUrtisparSayoH SyaH,dravamūrtisparśayoḥ śyaḥ,द्रवमूर्तिस्पर्शयोः श्यः,no
6.1.25,6,1,25,prateSca,prateśca,प्रतेश्च,no
6.1.26,6,1,26,viBAzA'ByavapUrvasya,vibhāṣā'bhyavapūrvasya,विभाषाऽभ्यवपूर्वस्य,no
6.1.27,6,1,27,SftaM pAke,śṛtaṃ pāke,शृतं पाके,no
6.1.28,6,1,28,pyAyaH pI,pyāyaḥ pī,प्यायः पी,no
6.1.29,6,1,29,liqyaNoSca,liḍyaṅośca,लिड्यङोश्च,no
6.1.30,6,1,30,viBAzA SveH,vibhāṣā śveḥ,विभाषा श्वेः,no
6.1.31,6,1,31,RO ca saMScaNoH,ṇau ca saṃścaṅoḥ,णौ च संश्चङोः,no
6.1.32,6,1,32,hvaH samprasAraRam,hvaḥ samprasāraṇam,ह्वः सम्प्रसारणम्,no
6.1.33,6,1,33,aByastasya ca,abhyastasya ca,अभ्यस्तस्य च,no
6.1.34,6,1,34,bahulaM Candasi,bahulaṃ chandasi,बहुलं छन्दसि,no
6.1.35,6,1,35,cAyaH kI,cāyaḥ kī,चायः की,no
6.1.36,6,1,36,apaspfDeTAmAnfcurAnfhuScicyuzetityAjaSrAtAHSritamASIrASIrttAH,apaspṛdhethāmānṛcurānṛhuścicyuṣetityājaśrātāḥśritamāśīrāśīrttāḥ,अपस्पृधेथामानृचुरानृहुश्चिच्युषेतित्याजश्राताःश्रितमाशीराशीर्त्ताः,no
6.1.37,6,1,37,na samprasAraRe samprasAraRam,na samprasāraṇe samprasāraṇam,न सम्प्रसारणे सम्प्रसारणम्,no
6.1.38,6,1,38,liwi vayo yaH,liṭi vayo yaḥ,लिटि वयो यः,no
6.1.39,6,1,39,vaScAsyAnyatarasyAm kiti,vaścāsyānyatarasyām kiti,वश्चास्यान्यतरस्याम् किति,no
6.1.40,6,1,40,veYaH,veñaḥ,वेञः,no
6.1.41,6,1,41,lyapi ca,lyapi ca,ल्यपि च,no
6.1.42,6,1,42,jyaSca,jyaśca,ज्यश्च,no
6.1.43,6,1,43,vyaSca,vyaśca,व्यश्च,no
6.1.44,6,1,44,viBAzA pareH,vibhāṣā pareḥ,विभाषा परेः,no
6.1.45,6,1,45,Adeca upadeSe'Siti,ādeca upadeśe'śiti,आदेच उपदेशेऽशिति,no
6.1.46,6,1,46,na vyo liwi,na vyo liṭi,न व्यो लिटि,no
6.1.47,6,1,47,sPuratisPulatyorGaYi,sphuratisphulatyorghañi,स्फुरतिस्फुलत्योर्घञि,no
6.1.48,6,1,48,krINjInAM RO,krīṅjīnāṃ ṇau,क्रीङ्जीनां णौ,no
6.1.49,6,1,49,siDyaterapAralOkike,sidhyaterapāralaukike,सिध्यतेरपारलौकिके,no
6.1.50,6,1,50,mInAtiminotidINAM lyapi ca,mīnātiminotidīṅāṃ lyapi ca,मीनातिमिनोतिदीङां ल्यपि च,no
6.1.51,6,1,51,viBAzA lIyateH,vibhāṣā līyateḥ,विभाषा लीयतेः,no
6.1.52,6,1,52,KideSCandasi,khideśchandasi,खिदेश्छन्दसि,no
6.1.53,6,1,53,apaguro Ramuli,apaguro ṇamuli,अपगुरो णमुलि,no
6.1.54,6,1,54,cisPurorRO,cisphurorṇau,चिस्फुरोर्णौ,no
6.1.55,6,1,55,prajane vIyateH,prajane vīyateḥ,प्रजने वीयतेः,no
6.1.56,6,1,56,biBeterhetuBaye,bibheterhetubhaye,बिभेतेर्हेतुभये,no
6.1.57,6,1,57,nityaM smayateH,nityaṃ smayateḥ,नित्यं स्मयतेः,no
6.1.58,6,1,58,sfjidfSorJalyamakiti,sṛjidṛśorjhalyamakiti,सृजिदृशोर्झल्यमकिति,no
6.1.59,6,1,59,anudAttasya cardupaDasyAnyatarasyAm,anudāttasya cardupadhasyānyatarasyām,अनुदात्तस्य चर्दुपधस्यान्यतरस्याम्,no
6.1.60,6,1,60,SIrzaMSCandasi,śīrṣaṃśchandasi,शीर्षंश्छन्दसि,no
6.1.61,6,1,61,ye ca tadDite,ye ca taddhite,ये च तद्धिते,no
6.1.62,6,1,62,aci SIrzaH,aci śīrṣaḥ,अचि शीर्षः,no
6.1.63,6,1,63,paddannomAshfnniSasanyUzandozanyakaYCakannudannAsaYCaspraBftizu,paddannomāshṛnniśasanyūṣandoṣanyakañchakannudannāsañchasprabhṛtiṣu,पद्दन्नोमास्हृन्निशसन्यूषन्दोषन्यकञ्छकन्नुदन्नासञ्छस्प्रभृतिषु,no
6.1.64,6,1,64,DAtvAdeH zaH saH,dhātvādeḥ ṣaḥ saḥ,धात्वादेः षः सः,yes
6.1.65,6,1,65,Ro naH,ṇo naḥ,णो नः,no
6.1.66,6,1,66,lopo vyorvali,lopo vyorvali,लोपो व्योर्वलि,no
6.1.67,6,1,67,verapfktasya,verapṛktasya,वेरपृक्तस्य,no
6.1.68,6,1,68,halNyAbByo dIrGAt sutisyapfktaM hal,halṅyābbhyo dīrghāt sutisyapṛktaṃ hal,हल्ङ्याब्भ्यो दीर्घात् सुतिस्यपृक्तं हल्,no
6.1.69,6,1,69,eNhrasvAt sambudDeH,eṅhrasvāt sambuddheḥ,एङ्ह्रस्वात् सम्बुद्धेः,no
6.1.70,6,1,70,SeSCandasi bahulam,śeśchandasi bahulam,शेश्छन्दसि बहुलम्,no
6.1.71,6,1,71,hrasvasya piti kfti tuk,hrasvasya piti kṛti tuk,ह्रस्वस्य पिति कृति तुक्,no
6.1.72,6,1,72,saMhitAyAm,saṃhitāyām,संहितायाम्,no
6.1.73,6,1,73,Ce ca,che ca,छे च,no
6.1.74,6,1,74,ANmANoSca,āṅmāṅośca,आङ्माङोश्च,no
6.1.75,6,1,75,dIrGAt,dīrghāt,दीर्घात्,no
6.1.76,6,1,76,padAntAdvA,padāntādvā,पदान्ताद्वा,no
6.1.77,6,1,77,iko yaRaci,iko yaṇaci,इको यणचि,no
6.1.78,6,1,78,eco'yavAyAvaH,eco'yavāyāvaḥ,एचोऽयवायावः,no
6.1.79,6,1,79,vAnto yi pratyaye,vānto yi pratyaye,वान्तो यि प्रत्यये,no
6.1.80,6,1,80,DAtostannimittasyEva,dhātostannimittasyaiva,धातोस्तन्निमित्तस्यैव,no
6.1.81,6,1,81,kzayyajayyO SakyArTe,kṣayyajayyau śakyārthe,क्षय्यजय्यौ शक्यार्थे,no
6.1.82,6,1,82,krayyastadarTe,krayyastadarthe,क्रय्यस्तदर्थे,no
6.1.83,6,1,83,Bayyapravayye ca cCandasi,bhayyapravayye ca cchandasi,भय्यप्रवय्ये च च्छन्दसि,no
6.1.84,6,1,84,ekaH pUrvaparayoH,ekaḥ pūrvaparayoḥ,एकः पूर्वपरयोः,no
6.1.85,6,1,85,antAdivacca,antādivacca,अन्तादिवच्च,no
6.1.86,6,1,86,zatvatukorasidDaH,ṣatvatukorasiddhaḥ,षत्वतुकोरसिद्धः,no
6.1.87,6,1,87,AdguRaH,ādguṇaḥ,आद्गुणः,no
6.1.88,6,1,88,vfdDireci,vṛddhireci,वृद्धिरेचि,no
6.1.89,6,1,89,etyeDatyUWsu,etyedhatyūṭhsu,एत्येधत्यूठ्सु,no
6.1.90,6,1,90,AwaSca,āṭaśca,आटश्च,no
6.1.91,6,1,91,upasargAdfti DAtO,upasargādṛti dhātau,उपसर्गादृति धातौ,no
6.1.92,6,1,92,vA supyApiSaleH,vā supyāpiśaleḥ,वा सुप्यापिशलेः,no
6.1.93,6,1,93,Oto'mSasoH,auto'mśasoḥ,औतोऽम्शसोः,no
6.1.94,6,1,94,eNi pararUpam,eṅi pararūpam,एङि पररूपम्,no
6.1.95,6,1,95,omANoSca,omāṅośca,ओमाङोश्च,no
6.1.96,6,1,96,usyapadAntAt,usyapadāntāt,उस्यपदान्तात्,no
6.1.97,6,1,97,ato guRe,ato guṇe,अतो गुणे,no
6.1.98,6,1,98,avyaktAnukaraRasyAta itO,avyaktānukaraṇasyāta itau,अव्यक्तानुकरणस्यात इतौ,no
6.1.99,6,1,99,nAmreqitasyAntyasya tu vA,nāmreḍitasyāntyasya tu vā,नाम्रेडितस्यान्त्यस्य तु वा,no
6.1.100,6,1,100,nityamAmreqite qAci,nityamāmreḍite ḍāci,नित्यमाम्रेडिते डाचि,no
6.1.101,6,1,101,akaH savarRe dIrGaH,akaḥ savarṇe dīrghaḥ,अकः सवर्णे दीर्घः,no
6.1.102,6,1,102,praTamayoH pUrvasavarRaH,prathamayoḥ pūrvasavarṇaḥ,प्रथमयोः पूर्वसवर्णः,no
6.1.103,6,1,103,tasmAcCaso naH puMsi,tasmācchaso naḥ puṃsi,तस्माच्छसो नः पुंसि,no
6.1.104,6,1,104,nAdici,nādici,नादिचि,no
6.1.105,6,1,105,dIrGAjjasi ca,dīrghājjasi ca,दीर्घाज्जसि च,no
6.1.106,6,1,106,vA Candasi,vā chandasi,वा छन्दसि,no
6.1.107,6,1,107,ami pUrvaH,ami pūrvaḥ,अमि पूर्वः,no
6.1.108,6,1,108,samprasAraRAcca,samprasāraṇācca,सम्प्रसारणाच्च,no
6.1.109,6,1,109,eNaH padAntAdati,eṅaḥ padāntādati,एङः पदान्तादति,no
6.1.110,6,1,110,NasiNasoSca,ṅasiṅasośca,ङसिङसोश्च,no
6.1.111,6,1,111,fta ut,ṛta ut,ऋत उत्,no
6.1.112,6,1,112,KyatyAt parasya,khyatyāt parasya,ख्यत्यात् परस्य,no
6.1.113,6,1,113,ato roraplutAdaplute,ato roraplutādaplute,अतो रोरप्लुतादप्लुते,no
6.1.114,6,1,114,haSi ca,haśi ca,हशि च,no
6.1.115,6,1,115,prakftyA'ntaHpAdamavyapare,prakṛtyā'ntaḥpādamavyapare,प्रकृत्याऽन्तःपादमव्यपरे,no
6.1.116,6,1,116,avyAdavadyAdavakramuravratAyamavantvavasyuzu ca,avyādavadyādavakramuravratāyamavantvavasyuṣu ca,अव्यादवद्यादवक्रमुरव्रतायमवन्त्ववस्युषु च,no
6.1.117,6,1,117,yajuzyuraH,yajuṣyuraḥ,यजुष्युरः,no
6.1.118,6,1,118,ApojuzARovfzRovarzizWe'mbe'mbAle'mbikepUrve,āpojuṣāṇovṛṣṇovarṣiṣṭhe'mbe'mbāle'mbikepūrve,आपोजुषाणोवृष्णोवर्षिष्ठेऽम्बेऽम्बालेऽम्बिकेपूर्वे,no
6.1.119,6,1,119,aNga ityAdO ca,aṅga ityādau ca,अङ्ग इत्यादौ च,no
6.1.120,6,1,120,anudAtte ca kuDapare,anudātte ca kudhapare,अनुदात्ते च कुधपरे,no
6.1.121,6,1,121,avapaTAsi ca,avapathāsi ca,अवपथासि च,no
6.1.122,6,1,122,sarvatra viBAzA goH,sarvatra vibhāṣā goḥ,सर्वत्र विभाषा गोः,no
6.1.123,6,1,123,avaN sPowAyanasya,avaṅ sphoṭāyanasya,अवङ् स्फोटायनस्य,no
6.1.124,6,1,124,indre ca,indre ca,इन्द्रे च,no
6.1.125,6,1,125,plutapragfhyA aci nityam,plutapragṛhyā aci nityam,प्लुतप्रगृह्या अचि नित्यम्,no
6.1.126,6,1,126,ANo'nunAsikaSCandasi,āṅo'nunāsikaśchandasi,आङोऽनुनासिकश्छन्दसि,no
6.1.127,6,1,127,iko'savarRe SAkalyasya hrasvaSca,iko'savarṇe śākalyasya hrasvaśca,इकोऽसवर्णे शाकल्यस्य ह्रस्वश्च,no
6.1.128,6,1,128,ftyakaH,ṛtyakaḥ,ऋत्यकः,no
6.1.129,6,1,129,aplutavadupasTite,aplutavadupasthite,अप्लुतवदुपस्थिते,no
6.1.130,6,1,130,I3 cAkravarmaRasya,ī3 cākravarmaṇasya,ई3 चाक्रवर्मणस्य,no
6.1.131,6,1,131,diva ut,diva ut,दिव उत्,no
6.1.132,6,1,132,etattadoH sulopo'koranaYsamAse hali,etattadoḥ sulopo'koranañsamāse hali,एतत्तदोः सुलोपोऽकोरनञ्समासे हलि,no
6.1.133,6,1,133,syaSCandasi bahulam,syaśchandasi bahulam,स्यश्छन्दसि बहुलम्,no
6.1.134,6,1,134,so'ci lope cet pAdapUraRam,so'ci lope cet pādapūraṇam,सोऽचि लोपे चेत् पादपूरणम्,no
6.1.135,6,1,135,suw kAt pUrvaH,suṭ kāt pūrvaḥ,सुट् कात् पूर्वः,no
6.1.136,6,1,136,aqaByAsavyavAye'pi,aḍabhyāsavyavāye'pi,अडभ्यासव्यवायेऽपि,no
6.1.137,6,1,137,samparyupeByaH karotO BUzaRe,samparyupebhyaḥ karotau bhūṣaṇe,सम्पर्युपेभ्यः करोतौ भूषणे,no
6.1.138,6,1,138,samavAye ca,samavāye ca,समवाये च,no
6.1.139,6,1,139,upAt pratiyatnavEkftavAkyADyAhArezu,upāt pratiyatnavaikṛtavākyādhyāhāreṣu,उपात् प्रतियत्नवैकृतवाक्याध्याहारेषु,no
6.1.140,6,1,140,kiratO lavane,kiratau lavane,किरतौ लवने,no
6.1.141,6,1,141,hiMsAyAM prateSca,hiṃsāyāṃ prateśca,हिंसायां प्रतेश्च,no
6.1.142,6,1,142,apAccatuzpAcCakunizvAleKane,apāccatuṣpācchakuniṣvālekhane,अपाच्चतुष्पाच्छकुनिष्वालेखने,no
6.1.143,6,1,143,kustumburURi jAtiH,kustumburūṇi jātiḥ,कुस्तुम्बुरूणि जातिः,no
6.1.144,6,1,144,aparasparAH kriyAsAtatye,aparasparāḥ kriyāsātatye,अपरस्पराः क्रियासातत्ये,no
6.1.145,6,1,145,gozpadaM sevitAsevitapramARezu,goṣpadaṃ sevitāsevitapramāṇeṣu,गोष्पदं सेवितासेवितप्रमाणेषु,no
6.1.146,6,1,146,AspadaM pratizWAyAm,āspadaṃ pratiṣṭhāyām,आस्पदं प्रतिष्ठायाम्,no
6.1.147,6,1,147,AScaryamanitye,āścaryamanitye,आश्चर्यमनित्ये,no
6.1.148,6,1,148,varcaske'vaskaraH,varcaske'vaskaraḥ,वर्चस्केऽवस्करः,no
6.1.149,6,1,149,apaskaro raTANgam,apaskaro rathāṅgam,अपस्करो रथाङ्गम्,no
6.1.150,6,1,150,vizkiraH SakunO vA,viṣkiraḥ śakunau vā,विष्किरः शकुनौ वा,no
6.1.151,6,1,151,hrasvAccandrottarapade mantre,hrasvāccandrottarapade mantre,ह्रस्वाच्चन्द्रोत्तरपदे मन्त्रे,no
6.1.152,6,1,152,pratizkaSaSca kaSeH,pratiṣkaśaśca kaśeḥ,प्रतिष्कशश्च कशेः,no
6.1.153,6,1,153,praskaRvahariScandrAvfzI,praskaṇvahariścandrāvṛṣī,प्रस्कण्वहरिश्चन्द्रावृषी,no
6.1.154,6,1,154,maskaramaskariRO veRuparivrAjakayoH,maskaramaskariṇau veṇuparivrājakayoḥ,मस्करमस्करिणौ वेणुपरिव्राजकयोः,no
6.1.155,6,1,155,kAstIrAjastunde nagare,kāstīrājastunde nagare,कास्तीराजस्तुन्दे नगरे,no
6.1.156,6,1,156,kAraskaro vfkzaH,kāraskaro vṛkṣaḥ,कारस्करो वृक्षः,no
6.1.157,6,1,157,pAraskarapraBftIni ca saMjYAyAm,pāraskaraprabhṛtīni ca saṃjñāyām,पारस्करप्रभृतीनि च संज्ञायाम्,no
6.1.158,6,1,158,anudAttaM padamekavarjam,anudāttaṃ padamekavarjam,अनुदात्तं पदमेकवर्जम्,no
6.1.159,6,1,159,karzAtvato GaYo'nta udAttaH,karṣātvato ghaño'nta udāttaḥ,कर्षात्वतो घञोऽन्त उदात्तः,no
6.1.160,6,1,160,uYCAdInAM ca,uñchādīnāṃ ca,उञ्छादीनां च,no
6.1.161,6,1,161,anudAttasya ca yatrodAttalopaH,anudāttasya ca yatrodāttalopaḥ,अनुदात्तस्य च यत्रोदात्तलोपः,no
6.1.162,6,1,162,DAtoH,dhātoḥ,धातोः,no
6.1.163,6,1,163,citaH,citaḥ,चितः,no
6.1.164,6,1,164,tadDitasya,taddhitasya,तद्धितस्य,no
6.1.165,6,1,165,kitaH,kitaḥ,कितः,no
6.1.166,6,1,166,tisfByo jasaH,tisṛbhyo jasaḥ,तिसृभ्यो जसः,no
6.1.167,6,1,167,caturaH Sasi,caturaḥ śasi,चतुरः शसि,no
6.1.168,6,1,168,sAvekAcastftIyAdirviBaktiH,sāvekācastṛtīyādirvibhaktiḥ,सावेकाचस्तृतीयादिर्विभक्तिः,no
6.1.169,6,1,169,antodAttAduttarapadAdanyatarasyAmanityasamAse,antodāttāduttarapadādanyatarasyāmanityasamāse,अन्तोदात्तादुत्तरपदादन्यतरस्यामनित्यसमासे,no
6.1.170,6,1,170,aYceSCandasyasarvanAmasTAnam,añceśchandasyasarvanāmasthānam,अञ्चेश्छन्दस्यसर्वनामस्थानम्,no
6.1.171,6,1,171,UqidampadAdyappumrEdyuByaH,ūḍidampadādyappumraidyubhyaḥ,ऊडिदम्पदाद्यप्पुम्रैद्युभ्यः,no
6.1.172,6,1,172,azwano dIrGAt,aṣṭano dīrghāt,अष्टनो दीर्घात्,no
6.1.173,6,1,173,Saturanumo nadyajAdI,śaturanumo nadyajādī,शतुरनुमो नद्यजादी,no
6.1.174,6,1,174,udAttayaRo halpUrvAt,udāttayaṇo halpūrvāt,उदात्तयणो हल्पूर्वात्,no
6.1.175,6,1,175,noNDAtvoH,noṅdhātvoḥ,नोङ्धात्वोः,no
6.1.176,6,1,176,hrasvanuqByAM matup,hrasvanuḍbhyāṃ matup,ह्रस्वनुड्भ्यां मतुप्,no
6.1.177,6,1,177,nAmanyatarasyAm,nāmanyatarasyām,नामन्यतरस्याम्,no
6.1.178,6,1,178,NyASCandasi bahulam,ṅyāśchandasi bahulam,ङ्याश्छन्दसि बहुलम्,no
6.1.179,6,1,179,zawtricaturByo halAdiH,ṣaṭtricaturbhyo halādiḥ,षट्त्रिचतुर्भ्यो हलादिः,no
6.1.180,6,1,180,Jalyupottamam,jhalyupottamam,झल्युपोत्तमम्,no
6.1.181,6,1,181,viBAzA BAzAyAm,vibhāṣā bhāṣāyām,विभाषा भाषायाम्,no
6.1.182,6,1,182,na goSvantsAvavarRarAqaNkruNkfdByaH,na gośvantsāvavarṇarāḍaṅkruṅkṛdbhyaḥ,न गोश्वन्त्साववर्णराडङ्क्रुङ्कृद्भ्यः,no
6.1.183,6,1,183,divo Jal,divo jhal,दिवो झल्,no
6.1.184,6,1,184,nf cAnyatarasyAm,nṛ cānyatarasyām,नृ चान्यतरस्याम्,no
6.1.185,6,1,185,titsvaritam,titsvaritam,तित्स्वरितम्,no
6.1.186,6,1,186,tAsyanudAttenNidadupadeSAllasArvaDAtukamanudAttamahnviNoH,tāsyanudāttenṅidadupadeśāllasārvadhātukamanudāttamahnviṅoḥ,तास्यनुदात्तेन्ङिददुपदेशाल्लसार्वधातुकमनुदात्तमह्न्विङोः,no
6.1.187,6,1,187,AdiH sico'nyatarasyAm,ādiḥ sico'nyatarasyām,आदिः सिचोऽन्यतरस्याम्,no
6.1.188,6,1,188,svapAdihiMsAmacyaniwi,svapādihiṃsāmacyaniṭi,स्वपादिहिंसामच्यनिटि,no
6.1.189,6,1,189,aByastAnAmAdiH,abhyastānāmādiḥ,अभ्यस्तानामादिः,no
6.1.190,6,1,190,anudAtte ca,anudātte ca,अनुदात्ते च,no
6.1.191,6,1,191,sarvasya supi,sarvasya supi,सर्वस्य सुपि,no
6.1.192,6,1,192,BIhrIBfhumadajanaDanadaridrAjAgarAM pratyayAt pUrvam piti,bhīhrībhṛhumadajanadhanadaridrājāgarāṃ pratyayāt pūrvam piti,भीह्रीभृहुमदजनधनदरिद्राजागरां प्रत्ययात् पूर्वम् पिति,no
6.1.193,6,1,193,liti,liti,लिति,no
6.1.194,6,1,194,AdirRamulyanyatarasyAm,ādirṇamulyanyatarasyām,आदिर्णमुल्यन्यतरस्याम्,no
6.1.195,6,1,195,acaH kartfyaki,acaḥ kartṛyaki,अचः कर्तृयकि,no
6.1.196,6,1,196,Tali ca sewIqanto vA,thali ca seṭīḍanto vā,थलि च सेटीडन्तो वा,no
6.1.197,6,1,197,YnityAdirnityam,ñnityādirnityam,ञ्नित्यादिर्नित्यम्,no
6.1.198,6,1,198,Amantritasya ca,āmantritasya ca,आमन्त्रितस्य च,no
6.1.199,6,1,199,paTimaToH sarvanAmasTAne,pathimathoḥ sarvanāmasthāne,पथिमथोः सर्वनामस्थाने,no
6.1.200,6,1,200,antaSca tavE yugapat,antaśca tavai yugapat,अन्तश्च तवै युगपत्,no
6.1.201,6,1,201,kzayo nivAse,kṣayo nivāse,क्षयो निवासे,no
6.1.202,6,1,202,jayaH karaRam,jayaḥ karaṇam,जयः करणम्,no
6.1.203,6,1,203,vfzAdInAM ca,vṛṣādīnāṃ ca,वृषादीनां च,no
6.1.204,6,1,204,saMjYAyAmupamAnam,saṃjñāyāmupamānam,संज्ञायामुपमानम्,no
6.1.205,6,1,205,nizWA ca dvyajanAt,niṣṭhā ca dvyajanāt,निष्ठा च द्व्यजनात्,no
6.1.206,6,1,206,SuzkaDfzwO,śuṣkadhṛṣṭau,शुष्कधृष्टौ,no
6.1.207,6,1,207,ASitaH kartA,āśitaḥ kartā,आशितः कर्ता,no
6.1.208,6,1,208,rikte viBAzA,rikte vibhāṣā,रिक्ते विभाषा,no
6.1.209,6,1,209,juzwArpite ca Candasi,juṣṭārpite ca chandasi,जुष्टार्पिते च छन्दसि,no
6.1.210,6,1,210,nityaM mantre,nityaṃ mantre,नित्यं मन्त्रे,no
6.1.211,6,1,211,yuzmadasmadorNasi,yuṣmadasmadorṅasi,युष्मदस्मदोर्ङसि,no
6.1.212,6,1,212,Nayi ca,ṅayi ca,ङयि च,no
6.1.213,6,1,213,yato'nAvaH,yato'nāvaḥ,यतोऽनावः,no
6.1.214,6,1,214,IqavandavfSaMsaduhAM RyataH,īḍavandavṛśaṃsaduhāṃ ṇyataḥ,ईडवन्दवृशंसदुहां ण्यतः,no
6.1.215,6,1,215,viBAzA veRvinDAnayoH,vibhāṣā veṇvindhānayoḥ,विभाषा वेण्विन्धानयोः,no
6.1.216,6,1,216,tyAgarAgahAsakuhaSvaWakraTAnAm,tyāgarāgahāsakuhaśvaṭhakrathānām,त्यागरागहासकुहश्वठक्रथानाम्,no
6.1.217,6,1,217,upottamaM riti,upottamaṃ riti,उपोत्तमं रिति,no
6.1.218,6,1,218,caNyanyatarasyAm,caṅyanyatarasyām,चङ्यन्यतरस्याम्,no
6.1.219,6,1,219,matoH pUrvamAt saMjYAyAM striyAm,matoḥ pūrvamāt saṃjñāyāṃ striyām,मतोः पूर्वमात् संज्ञायां स्त्रियाम्,no
6.1.220,6,1,220,anto'vatyAH,anto'vatyāḥ,अन्तोऽवत्याः,no
6.1.221,6,1,221,IvatyAH,īvatyāḥ,ईवत्याः,no
6.1.222,6,1,222,cO,cau,चौ,no
6.1.223,6,1,223,samAsasya,samāsasya,समासस्य,no
6.2.1,6,2,1,bahuvrIhO prakftyA pUrvapadam,bahuvrīhau prakṛtyā pūrvapadam,बहुव्रीहौ प्रकृत्या पूर्वपदम्,no
6.2.2,6,2,2,tatpuruze tulyArTatftIyAsaptamyupamAnAvyayadvitIyAkftyAH,tatpuruṣe tulyārthatṛtīyāsaptamyupamānāvyayadvitīyākṛtyāḥ,तत्पुरुषे तुल्यार्थतृतीयासप्तम्युपमानाव्ययद्वितीयाकृत्याः,no
6.2.3,6,2,3,varRo varRezvanete,varṇo varṇeṣvanete,वर्णो वर्णेष्वनेते,no
6.2.4,6,2,4,gADalavaRayoH pramARe,gādhalavaṇayoḥ pramāṇe,गाधलवणयोः प्रमाणे,no
6.2.5,6,2,5,dAyAdyaM dAyAde,dāyādyaṃ dāyāde,दायाद्यं दायादे,no
6.2.6,6,2,6,pratibanDi cirakfcCrayoH,pratibandhi cirakṛcchrayoḥ,प्रतिबन्धि चिरकृच्छ्रयोः,no
6.2.7,6,2,7,pade'padeSe,pade'padeśe,पदेऽपदेशे,no
6.2.8,6,2,8,nivAte vAtatrARe,nivāte vātatrāṇe,निवाते वातत्राणे,no
6.2.9,6,2,9,SArade'nArtave,śārade'nārtave,शारदेऽनार्तवे,no
6.2.10,6,2,10,aDvaryukazAyayorjAtO,adhvaryukaṣāyayorjātau,अध्वर्युकषाययोर्जातौ,no
6.2.11,6,2,11,sadfSapratirUpayoH sAdfSye,sadṛśapratirūpayoḥ sādṛśye,सदृशप्रतिरूपयोः सादृश्ये,no
6.2.12,6,2,12,dvigO pramARe,dvigau pramāṇe,द्विगौ प्रमाणे,no
6.2.13,6,2,13,gantavyapaRyaM vARije,gantavyapaṇyaṃ vāṇije,गन्तव्यपण्यं वाणिजे,no
6.2.14,6,2,14,mAtropajYopakramacCAye napuMsake,mātropajñopakramacchāye napuṃsake,मात्रोपज्ञोपक्रमच्छाये नपुंसके,no
6.2.15,6,2,15,suKapriyayorhite,sukhapriyayorhite,सुखप्रिययोर्हिते,no
6.2.16,6,2,16,prItO ca,prītau ca,प्रीतौ च,no
6.2.17,6,2,17,svaM svAmini,svaṃ svāmini,स्वं स्वामिनि,no
6.2.18,6,2,18,patyAvESvarye,patyāvaiśvarye,पत्यावैश्वर्ये,no
6.2.19,6,2,19,na BUvAkciddiDizu,na bhūvākciddidhiṣu,न भूवाक्चिद्दिधिषु,no
6.2.20,6,2,20,vA Buvanam,vā bhuvanam,वा भुवनम्,no
6.2.21,6,2,21,ASaNkAbADanedIyassu saMBAvane,āśaṅkābādhanedīyassu saṃbhāvane,आशङ्काबाधनेदीयस्सु संभावने,no
6.2.22,6,2,22,pUrve BUtapUrve,pūrve bhūtapūrve,पूर्वे भूतपूर्वे,no
6.2.23,6,2,23,saviDasanIqasamaryAdasaveSasadeSezu sAmIpye,savidhasanīḍasamaryādasaveśasadeśeṣu sāmīpye,सविधसनीडसमर्यादसवेशसदेशेषु सामीप्ये,no
6.2.24,6,2,24,vispazwAdIni guRavacanezu,vispaṣṭādīni guṇavacaneṣu,विस्पष्टादीनि गुणवचनेषु,no
6.2.25,6,2,25,SrajyA'vamakanpApavatsu BAve karmaDAraye,śrajyā'vamakanpāpavatsu bhāve karmadhāraye,श्रज्याऽवमकन्पापवत्सु भावे कर्मधारये,no
6.2.26,6,2,26,kumAraSca,kumāraśca,कुमारश्च,no
6.2.27,6,2,27,AdiH pratyenasi,ādiḥ pratyenasi,आदिः प्रत्येनसि,no
6.2.28,6,2,28,pUgezvanyatarasyAm,pūgeṣvanyatarasyām,पूगेष्वन्यतरस्याम्,no
6.2.29,6,2,29,igantakAlakapAlaBagAlaSarAvezu dvigO,igantakālakapālabhagālaśarāveṣu dvigau,इगन्तकालकपालभगालशरावेषु द्विगौ,no
6.2.30,6,2,30,bahvanyatarasyAm,bahvanyatarasyām,बह्वन्यतरस्याम्,no
6.2.31,6,2,31,dizwivitastyoSca,diṣṭivitastyośca,दिष्टिवितस्त्योश्च,no
6.2.32,6,2,32,saptamI sidDaSuzkapakvabanDezvakAlAt,saptamī siddhaśuṣkapakvabandheṣvakālāt,सप्तमी सिद्धशुष्कपक्वबन्धेष्वकालात्,no
6.2.33,6,2,33,paripratyupApA varjyamAnAhorAtrAvayavezu,paripratyupāpā varjyamānāhorātrāvayaveṣu,परिप्रत्युपापा वर्ज्यमानाहोरात्रावयवेषु,no
6.2.34,6,2,34,rAjanyabahuvacanadvandve'nDakavfzRizu,rājanyabahuvacanadvandve'ndhakavṛṣṇiṣu,राजन्यबहुवचनद्वन्द्वेऽन्धकवृष्णिषु,no
6.2.35,6,2,35,saMKyA,saṃkhyā,संख्या,no
6.2.36,6,2,36,AcAryopasarjanaScAntevAsI,ācāryopasarjanaścāntevāsī,आचार्योपसर्जनश्चान्तेवासी,no
6.2.37,6,2,37,kArtakOjapAdayaSca,kārtakaujapādayaśca,कार्तकौजपादयश्च,no
6.2.38,6,2,38,mahAn vrIhyaparAhRagfzwIzvAsajAbAlaBAraBAratahElihilarOravapravfdDezu,mahān vrīhyaparāhṇagṛṣṭīṣvāsajābālabhārabhāratahailihilarauravapravṛddheṣu,महान् व्रीह्यपराह्णगृष्टीष्वासजाबालभारभारतहैलिहिलरौरवप्रवृद्धेषु,no
6.2.39,6,2,39,kzullakaSca vESvadeve,kṣullakaśca vaiśvadeve,क्षुल्लकश्च वैश्वदेवे,no
6.2.40,6,2,40,uzwraH sAdivAmyoH,uṣṭraḥ sādivāmyoḥ,उष्ट्रः सादिवाम्योः,no
6.2.41,6,2,41,gOH sAdasAdisAraTizu,gauḥ sādasādisārathiṣu,गौः सादसादिसारथिषु,no
6.2.42,6,2,42,kurugArhapatariktagurvasUtajaratyaSlIladfQarUpApArevaqavAtEtilakadrUHpaRyakambalo dAsIBArARAM ca,kurugārhapatariktagurvasūtajaratyaślīladṛḍharūpāpārevaḍavātaitilakadrūḥpaṇyakambalo dāsībhārāṇāṃ ca,कुरुगार्हपतरिक्तगुर्वसूतजरत्यश्लीलदृढरूपापारेवडवातैतिलकद्रूःपण्यकम्बलो दासीभाराणां च,no
6.2.43,6,2,43,caturTI tadarTe,caturthī tadarthe,चतुर्थी तदर्थे,no
6.2.44,6,2,44,arTe,arthe,अर्थे,no
6.2.45,6,2,45,kte ca,kte ca,क्ते च,no
6.2.46,6,2,46,karmaDAraye'nizWA,karmadhāraye'niṣṭhā,कर्मधारयेऽनिष्ठा,no
6.2.47,6,2,47,ahIne dvitIyA,ahīne dvitīyā,अहीने द्वितीया,no
6.2.48,6,2,48,tftIyA karmaRi,tṛtīyā karmaṇi,तृतीया कर्मणि,no
6.2.49,6,2,49,gatiranantaraH,gatiranantaraḥ,गतिरनन्तरः,no
6.2.50,6,2,50,tAdO ca niti kftyatO,tādau ca niti kṛtyatau,तादौ च निति कृत्यतौ,no
6.2.51,6,2,51,tavE cAntaSca yugapat,tavai cāntaśca yugapat,तवै चान्तश्च युगपत्,no
6.2.52,6,2,52,aniganto'YcatO vapratyaye,aniganto'ñcatau vapratyaye,अनिगन्तोऽञ्चतौ वप्रत्यये,no
6.2.53,6,2,53,nyaDI ca,nyadhī ca,न्यधी च,no
6.2.54,6,2,54,IzadanyatarasyAm,īṣadanyatarasyām,ईषदन्यतरस्याम्,no
6.2.55,6,2,55,hiraRyaparimARaM Dane,hiraṇyaparimāṇaṃ dhane,हिरण्यपरिमाणं धने,no
6.2.56,6,2,56,praTamo'ciropasampattO,prathamo'ciropasampattau,प्रथमोऽचिरोपसम्पत्तौ,no
6.2.57,6,2,57,katarakatamO karmaDAraye,katarakatamau karmadhāraye,कतरकतमौ कर्मधारये,no
6.2.58,6,2,58,Aryo brAhmaRakumArayoH,āryo brāhmaṇakumārayoḥ,आर्यो ब्राह्मणकुमारयोः,no
6.2.59,6,2,59,rAjA ca,rājā ca,राजा च,no
6.2.60,6,2,60,zazWI pratyenasi,ṣaṣṭhī pratyenasi,षष्ठी प्रत्येनसि,no
6.2.61,6,2,61,kte nityArTe,kte nityārthe,क्ते नित्यार्थे,no
6.2.62,6,2,62,grAmaH Silpini,grāmaḥ śilpini,ग्रामः शिल्पिनि,no
6.2.63,6,2,63,rAjA ca praSaMsAyAm,rājā ca praśaṃsāyām,राजा च प्रशंसायाम्,no
6.2.64,6,2,64,AdirudAttaH,ādirudāttaḥ,आदिरुदात्तः,no
6.2.65,6,2,65,saptamIhAriRO Darmye'haraRe,saptamīhāriṇau dharmye'haraṇe,सप्तमीहारिणौ धर्म्येऽहरणे,no
6.2.66,6,2,66,yukte ca,yukte ca,युक्ते च,no
6.2.67,6,2,67,viBAzA'Dyakze,vibhāṣā'dhyakṣe,विभाषाऽध्यक्षे,no
6.2.68,6,2,68,pApaM ca Silpini,pāpaṃ ca śilpini,पापं च शिल्पिनि,no
6.2.69,6,2,69,gotrAntevAsimARavabrAhmaRezu kzepe,gotrāntevāsimāṇavabrāhmaṇeṣu kṣepe,गोत्रान्तेवासिमाणवब्राह्मणेषु क्षेपे,no
6.2.70,6,2,70,aNgAni mEreye,aṅgāni maireye,अङ्गानि मैरेये,no
6.2.71,6,2,71,BaktAKyAstadarTezu,bhaktākhyāstadartheṣu,भक्ताख्यास्तदर्थेषु,no
6.2.72,6,2,72,gobiqAlasiMhasEnDavezUpamAne,gobiḍālasiṃhasaindhaveṣūpamāne,गोबिडालसिंहसैन्धवेषूपमाने,no
6.2.73,6,2,73,ake jIvikA'rTe,ake jīvikā'rthe,अके जीविकाऽर्थे,no
6.2.74,6,2,74,prAcAM krIqAyAm,prācāṃ krīḍāyām,प्राचां क्रीडायाम्,no
6.2.75,6,2,75,aRi niyukte,aṇi niyukte,अणि नियुक्ते,no
6.2.76,6,2,76,Silpini cAkfYaH,śilpini cākṛñaḥ,शिल्पिनि चाकृञः,no
6.2.77,6,2,77,saMjYAyAM ca,saṃjñāyāṃ ca,संज्ञायां च,no
6.2.78,6,2,78,gotantiyavaM pAle,gotantiyavaṃ pāle,गोतन्तियवं पाले,no
6.2.79,6,2,79,Rini,ṇini,णिनि,no
6.2.80,6,2,80,upamAnaM SabdArTaprakftAveva,upamānaṃ śabdārthaprakṛtāveva,उपमानं शब्दार्थप्रकृतावेव,no
6.2.81,6,2,81,yuktArohyAdayaSca,yuktārohyādayaśca,युक्तारोह्यादयश्च,no
6.2.82,6,2,82,dIrGakASatuzaBrAzwravawaM je,dīrghakāśatuṣabhrāṣṭravaṭaṃ je,दीर्घकाशतुषभ्राष्ट्रवटं जे,no
6.2.83,6,2,83,antyAt pUrvaM bahvacaH,antyāt pūrvaṃ bahvacaḥ,अन्त्यात् पूर्वं बह्वचः,no
6.2.84,6,2,84,grAme'nivasantaH,grāme'nivasantaḥ,ग्रामेऽनिवसन्तः,no
6.2.85,6,2,85,GozAdizu ca,ghoṣādiṣu ca,घोषादिषु च,no
6.2.86,6,2,86,CAtryAdayaH SAlAyAm,chātryādayaḥ śālāyām,छात्र्यादयः शालायाम्,no
6.2.87,6,2,87,prasTe'vfdDamakarkyAdInAm,prasthe'vṛddhamakarkyādīnām,प्रस्थेऽवृद्धमकर्क्यादीनाम्,no
6.2.88,6,2,88,mAlAdInAM ca,mālādīnāṃ ca,मालादीनां च,no
6.2.89,6,2,89,amahannavaM nagare'nudIcAm,amahannavaṃ nagare'nudīcām,अमहन्नवं नगरेऽनुदीचाम्,no
6.2.90,6,2,90,arme cAvarRaM dvyactryac,arme cāvarṇaṃ dvyactryac,अर्मे चावर्णं द्व्यच्त्र्यच्,no
6.2.91,6,2,91,na BUtADikasaMjIvamadrASmakajjalam,na bhūtādhikasaṃjīvamadrāśmakajjalam,न भूताधिकसंजीवमद्राश्मकज्जलम्,no
6.2.92,6,2,92,antaH,antaḥ,अन्तः,no
6.2.93,6,2,93,sarvaM guRakArtsnye,sarvaṃ guṇakārtsnye,सर्वं गुणकार्त्स्न्ये,no
6.2.94,6,2,94,saMjYAyAM girinikAyayoH,saṃjñāyāṃ girinikāyayoḥ,संज्ञायां गिरिनिकाययोः,no
6.2.95,6,2,95,kumAryAM vayasi,kumāryāṃ vayasi,कुमार्यां वयसि,no
6.2.96,6,2,96,udake'kevale,udake'kevale,उदकेऽकेवले,no
6.2.97,6,2,97,dvigO kratO,dvigau kratau,द्विगौ क्रतौ,no
6.2.98,6,2,98,saBAyAM napuMsake,sabhāyāṃ napuṃsake,सभायां नपुंसके,no
6.2.99,6,2,99,pure prAcAm,pure prācām,पुरे प्राचाम्,no
6.2.100,6,2,100,arizwagOqapUrve ca,ariṣṭagauḍapūrve ca,अरिष्टगौडपूर्वे च,no
6.2.101,6,2,101,na hAstinaPalakamArdeyAH,na hāstinaphalakamārdeyāḥ,न हास्तिनफलकमार्देयाः,no
6.2.102,6,2,102,kusUlakUpakumBaSAlaM bile,kusūlakūpakumbhaśālaṃ bile,कुसूलकूपकुम्भशालं बिले,no
6.2.103,6,2,103,dikSabdA grAmajanapadAKyAnacAnarAwezu,dikśabdā grāmajanapadākhyānacānarāṭeṣu,दिक्शब्दा ग्रामजनपदाख्यानचानराटेषु,no
6.2.104,6,2,104,AcAryopasarjanaScAntevAsini,ācāryopasarjanaścāntevāsini,आचार्योपसर्जनश्चान्तेवासिनि,no
6.2.105,6,2,105,uttarapadavfdDO sarvaM ca,uttarapadavṛddhau sarvaṃ ca,उत्तरपदवृद्धौ सर्वं च,no
6.2.106,6,2,106,bahuvrIhO viSvaM saMjYAyAm,bahuvrīhau viśvaṃ saṃjñāyām,बहुव्रीहौ विश्वं संज्ञायाम्,no
6.2.107,6,2,107,udarASvezuzu,udarāśveṣuṣu,उदराश्वेषुषु,no
6.2.108,6,2,108,kzepe,kṣepe,क्षेपे,no
6.2.109,6,2,109,nadI banDuni,nadī bandhuni,नदी बन्धुनि,no
6.2.110,6,2,110,nizWopasargapUrvamanyatarasyAm,niṣṭhopasargapūrvamanyatarasyām,निष्ठोपसर्गपूर्वमन्यतरस्याम्,no
6.2.111,6,2,111,uttarapadAdiH,uttarapadādiḥ,उत्तरपदादिः,no
6.2.112,6,2,112,karRo varRalakzaRAt,karṇo varṇalakṣaṇāt,कर्णो वर्णलक्षणात्,no
6.2.113,6,2,113,saMjYOpamyayoSca,saṃjñaupamyayośca,संज्ञौपम्ययोश्च,no
6.2.114,6,2,114,kaRWapfzWagrIvAjaMGaM ca,kaṇṭhapṛṣṭhagrīvājaṃghaṃ ca,कण्ठपृष्ठग्रीवाजंघं च,no
6.2.115,6,2,115,SfNgamavasTAyAM ca,śṛṅgamavasthāyāṃ ca,शृङ्गमवस्थायां च,no
6.2.116,6,2,116,naYo jaramaramitramftAH,naño jaramaramitramṛtāḥ,नञो जरमरमित्रमृताः,no
6.2.117,6,2,117,sormanasI alomozasI,sormanasī alomoṣasī,सोर्मनसी अलोमोषसी,no
6.2.118,6,2,118,kratvAdayaSca,kratvādayaśca,क्रत्वादयश्च,no
6.2.119,6,2,119,AdyudAttaM dvyac Candasi,ādyudāttaṃ dvyac chandasi,आद्युदात्तं द्व्यच् छन्दसि,no
6.2.120,6,2,120,vIravIryO ca,vīravīryau ca,वीरवीर्यौ च,no
6.2.121,6,2,121,kUlatIratUlamUlaSAlA'kzasamamavyayIBAve,kūlatīratūlamūlaśālā'kṣasamamavyayībhāve,कूलतीरतूलमूलशालाऽक्षसममव्ययीभावे,no
6.2.122,6,2,122,kaMsamanTaSUrpapAyyakARqaM dvigO,kaṃsamanthaśūrpapāyyakāṇḍaṃ dvigau,कंसमन्थशूर्पपाय्यकाण्डं द्विगौ,no
6.2.123,6,2,123,tatpuruze SAlAyAM napuMsake,tatpuruṣe śālāyāṃ napuṃsake,तत्पुरुषे शालायां नपुंसके,no
6.2.124,6,2,124,kanTA ca,kanthā ca,कन्था च,no
6.2.125,6,2,125,AdiScihaRAdInAm,ādiścihaṇādīnām,आदिश्चिहणादीनाम्,no
6.2.126,6,2,126,celaKewakawukakARqaM garhAyAm,celakheṭakaṭukakāṇḍaṃ garhāyām,चेलखेटकटुककाण्डं गर्हायाम्,no
6.2.127,6,2,127,cIramupamAnam,cīramupamānam,चीरमुपमानम्,no
6.2.128,6,2,128,palalasUpaSAkaM miSre,palalasūpaśākaṃ miśre,पललसूपशाकं मिश्रे,no
6.2.129,6,2,129,kUlasUdasTalakarzAH saMjYAyAm,kūlasūdasthalakarṣāḥ saṃjñāyām,कूलसूदस्थलकर्षाः संज्ञायाम्,no
6.2.130,6,2,130,akarmaDAraye rAjyam,akarmadhāraye rājyam,अकर्मधारये राज्यम्,no
6.2.131,6,2,131,vargyAdayaSca,vargyādayaśca,वर्ग्यादयश्च,no
6.2.132,6,2,132,putraH puMByaH,putraḥ puṃbhyaḥ,पुत्रः पुंभ्यः,no
6.2.133,6,2,133,nAcAryarAjartviksaMyuktajYAtyAKyeByaH,nācāryarājartviksaṃyuktajñātyākhyebhyaḥ,नाचार्यराजर्त्विक्संयुक्तज्ञात्याख्येभ्यः,no
6.2.134,6,2,134,cUrRAdInyaprARizazWyAH,cūrṇādīnyaprāṇiṣaṣṭhyāḥ,चूर्णादीन्यप्राणिषष्ठ्याः,no
6.2.135,6,2,135,zaw ca kARqAdIni,ṣaṭ ca kāṇḍādīni,षट् च काण्डादीनि,no
6.2.136,6,2,136,kuRqaM vanam,kuṇḍaṃ vanam,कुण्डं वनम्,no
6.2.137,6,2,137,prakftyA BagAlam,prakṛtyā bhagālam,प्रकृत्या भगालम्,no
6.2.138,6,2,138,SiternityAbahvajbahuvrIhAvaBasat,śiternityābahvajbahuvrīhāvabhasat,शितेर्नित्याबह्वज्बहुव्रीहावभसत्,no
6.2.139,6,2,139,gatikArakopapadAt kft,gatikārakopapadāt kṛt,गतिकारकोपपदात् कृत्,no
6.2.140,6,2,140,uBe vanaspatyAdizu yugapat,ubhe vanaspatyādiṣu yugapat,उभे वनस्पत्यादिषु युगपत्,no
6.2.141,6,2,141,devatAdvandve ca,devatādvandve ca,देवताद्वन्द्वे च,no
6.2.142,6,2,142,nottarapade'nudAttAdAvapfTivIrudrapUzamanTizu,nottarapade'nudāttādāvapṛthivīrudrapūṣamanthiṣu,नोत्तरपदेऽनुदात्तादावपृथिवीरुद्रपूषमन्थिषु,no
6.2.143,6,2,143,antaH,antaḥ,अन्तः,no
6.2.144,6,2,144,TATaGaYktAjabitrakARAm,thāthaghañktājabitrakāṇām,थाथघञ्क्ताजबित्रकाणाम्,no
6.2.145,6,2,145,sUpamAnAt ktaH,sūpamānāt ktaḥ,सूपमानात् क्तः,no
6.2.146,6,2,146,saMjYAyAmanAcitAdInAm,saṃjñāyāmanācitādīnām,संज्ञायामनाचितादीनाम्,no
6.2.147,6,2,147,pravfdDAdInAM ca,pravṛddhādīnāṃ ca,प्रवृद्धादीनां च,no
6.2.148,6,2,148,kArakAddattaSrutayorevASizi,kārakāddattaśrutayorevāśiṣi,कारकाद्दत्तश्रुतयोरेवाशिषि,no
6.2.149,6,2,149,itTamBUtena kftamiti ca,itthambhūtena kṛtamiti ca,इत्थम्भूतेन कृतमिति च,no
6.2.150,6,2,150,ano BAvakarmavacanaH,ano bhāvakarmavacanaḥ,अनो भावकर्मवचनः,no
6.2.151,6,2,151,manktinvyAKyAnaSayanAsanasTAnayAjakAdikrItAH,manktinvyākhyānaśayanāsanasthānayājakādikrītāḥ,मन्क्तिन्व्याख्यानशयनासनस्थानयाजकादिक्रीताः,no
6.2.152,6,2,152,saptamyAH puRyam,saptamyāḥ puṇyam,सप्तम्याः पुण्यम्,no
6.2.153,6,2,153,UnArTakalahaM tftIyAyAH,ūnārthakalahaṃ tṛtīyāyāḥ,ऊनार्थकलहं तृतीयायाः,no
6.2.154,6,2,154,miSraM cAnupasargamasaMDO,miśraṃ cānupasargamasaṃdhau,मिश्रं चानुपसर्गमसंधौ,no
6.2.155,6,2,155,naYo guRapratizeDe sampAdyarhahitAlamarTAstadDitAH,naño guṇapratiṣedhe sampādyarhahitālamarthāstaddhitāḥ,नञो गुणप्रतिषेधे सम्पाद्यर्हहितालमर्थास्तद्धिताः,no
6.2.156,6,2,156,yayatoScAtadarTe,yayatoścātadarthe,ययतोश्चातदर्थे,no
6.2.157,6,2,157,ackAvaSaktO,ackāvaśaktau,अच्कावशक्तौ,no
6.2.158,6,2,158,AkroSe ca,ākrośe ca,आक्रोशे च,no
6.2.159,6,2,159,saMjYAyAm,saṃjñāyām,संज्ञायाम्,no
6.2.160,6,2,160,kftyokezRuccArvAdayaSca,kṛtyokeṣṇuccārvādayaśca,कृत्योकेष्णुच्चार्वादयश्च,no
6.2.161,6,2,161,viBAzA tfnnannatIkzRaSucizu,vibhāṣā tṛnnannatīkṣṇaśuciṣu,विभाषा तृन्नन्नतीक्ष्णशुचिषु,no
6.2.162,6,2,162,bahuvrIhAvidametattadByaH praTamapUraRayoH kriyAgaRane,bahuvrīhāvidametattadbhyaḥ prathamapūraṇayoḥ kriyāgaṇane,बहुव्रीहाविदमेतत्तद्भ्यः प्रथमपूरणयोः क्रियागणने,no
6.2.163,6,2,163,saMKyAyAH stanaH,saṃkhyāyāḥ stanaḥ,संख्यायाः स्तनः,no
6.2.164,6,2,164,viBAzA Candasi,vibhāṣā chandasi,विभाषा छन्दसि,no
6.2.165,6,2,165,saMjYAyAM mitrAjinayoH,saṃjñāyāṃ mitrājinayoḥ,संज्ञायां मित्राजिनयोः,no
6.2.166,6,2,166,vyavAyino'ntaram,vyavāyino'ntaram,व्यवायिनोऽन्तरम्,no
6.2.167,6,2,167,muKaM svANgam,mukhaṃ svāṅgam,मुखं स्वाङ्गम्,no
6.2.168,6,2,168,nAvyayadikSabdagomahatsTUlamuzwipfTuvatseByaH,nāvyayadikśabdagomahatsthūlamuṣṭipṛthuvatsebhyaḥ,नाव्ययदिक्शब्दगोमहत्स्थूलमुष्टिपृथुवत्सेभ्यः,no
6.2.169,6,2,169,nizWopamAnAdanyatarasyAm,niṣṭhopamānādanyatarasyām,निष्ठोपमानादन्यतरस्याम्,no
6.2.170,6,2,170,jAtikAlasuKAdiByo'nAcCAdanAt kto'kftamitapratipannAH,jātikālasukhādibhyo'nācchādanāt kto'kṛtamitapratipannāḥ,जातिकालसुखादिभ्योऽनाच्छादनात् क्तोऽकृतमितप्रतिपन्नाः,no
6.2.171,6,2,171,vA jAte,vā jāte,वा जाते,no
6.2.172,6,2,172,naYsuByAm,nañsubhyām,नञ्सुभ्याम्,no
6.2.173,6,2,173,kapi pUrvam,kapi pūrvam,कपि पूर्वम्,no
6.2.174,6,2,174,hrasvAnte'ntyAt pUrvam,hrasvānte'ntyāt pūrvam,ह्रस्वान्तेऽन्त्यात् पूर्वम्,no
6.2.175,6,2,175,bahornaYvaduttarapadaBUmni,bahornañvaduttarapadabhūmni,बहोर्नञ्वदुत्तरपदभूम्नि,no
6.2.176,6,2,176,na guRAdayo'vayavAH,na guṇādayo'vayavāḥ,न गुणादयोऽवयवाः,no
6.2.177,6,2,177,upasargAt svANgaM DruvamaparSu,upasargāt svāṅgaṃ dhruvamaparśu,उपसर्गात् स्वाङ्गं ध्रुवमपर्शु,no
6.2.178,6,2,178,vanaM samAse,vanaṃ samāse,वनं समासे,no
6.2.179,6,2,179,antaH,antaḥ,अन्तः,no
6.2.180,6,2,180,antaSca,antaśca,अन्तश्च,no
6.2.181,6,2,181,na niviByAm,na nivibhyām,न निविभ्याम्,no
6.2.182,6,2,182,pareraBitoBAvimaRqalam,parerabhitobhāvimaṇḍalam,परेरभितोभाविमण्डलम्,no
6.2.183,6,2,183,prAdasvANgaM saMjYAyAm,prādasvāṅgaṃ saṃjñāyām,प्रादस्वाङ्गं संज्ञायाम्,no
6.2.184,6,2,184,nirudakAdIni ca,nirudakādīni ca,निरुदकादीनि च,no
6.2.185,6,2,185,aBermuKam,abhermukham,अभेर्मुखम्,no
6.2.186,6,2,186,apAcca,apācca,अपाच्च,no
6.2.187,6,2,187,sPigapUtavIRA'Yjo'DvakukzisIranAmanAma ca,sphigapūtavīṇā'ñjo'dhvakukṣisīranāmanāma ca,स्फिगपूतवीणाऽञ्जोऽध्वकुक्षिसीरनामनाम च,no
6.2.188,6,2,188,aDeruparisTam,adheruparistham,अधेरुपरिस्थम्,no
6.2.189,6,2,189,anorapraDAnakanIyasI,anorapradhānakanīyasī,अनोरप्रधानकनीयसी,no
6.2.190,6,2,190,puruzaScAnvAdizwaH,puruṣaścānvādiṣṭaḥ,पुरुषश्चान्वादिष्टः,no
6.2.191,6,2,191,aterakftpade,aterakṛtpade,अतेरकृत्पदे,no
6.2.192,6,2,192,neraniDAne,neranidhāne,नेरनिधाने,no
6.2.193,6,2,193,prateraMSvAdayastatpuruze,prateraṃśvādayastatpuruṣe,प्रतेरंश्वादयस्तत्पुरुषे,no
6.2.194,6,2,194,upAd dvyajajinamagOrAdayaH,upād dvyajajinamagaurādayaḥ,उपाद् द्व्यजजिनमगौरादयः,no
6.2.195,6,2,195,soravakzepaRe,soravakṣepaṇe,सोरवक्षेपणे,no
6.2.196,6,2,196,viBAzotpucCe,vibhāṣotpucche,विभाषोत्पुच्छे,no
6.2.197,6,2,197,dvitriByAM pAddanmUrDasu bahuvrIhO,dvitribhyāṃ pāddanmūrdhasu bahuvrīhau,द्वित्रिभ्यां पाद्दन्मूर्धसु बहुव्रीहौ,no
6.2.198,6,2,198,sakTaM cAkrAntAt,sakthaṃ cākrāntāt,सक्थं चाक्रान्तात्,no
6.2.199,6,2,199,parAdiSCandasi bahulam,parādiśchandasi bahulam,परादिश्छन्दसि बहुलम्,no
6.3.1,6,3,1,aluguttarapade,aluguttarapade,अलुगुत्तरपदे,no
6.3.2,6,3,2,paYcamyAH stokAdiByaH,pañcamyāḥ stokādibhyaḥ,पञ्चम्याः स्तोकादिभ्यः,no
6.3.3,6,3,3,ojaHsaho'mBastamasaH tftIyAyAH,ojaḥsaho'mbhastamasaḥ tṛtīyāyāḥ,ओजःसहोऽम्भस्तमसः तृतीयायाः,no
6.3.4,6,3,4,manasaH saMjYAyAm,manasaḥ saṃjñāyām,मनसः संज्ञायाम्,no
6.3.5,6,3,5,AjYAyini ca,ājñāyini ca,आज्ञायिनि च,no
6.3.6,6,3,6,AtmanaSca pUraRe,ātmanaśca pūraṇe,आत्मनश्च पूरणे,no
6.3.7,6,3,7,vEyAkaraRAKyAyAM caturTyAH,vaiyākaraṇākhyāyāṃ caturthyāḥ,वैयाकरणाख्यायां चतुर्थ्याः,no
6.3.8,6,3,8,parasya ca,parasya ca,परस्य च,no
6.3.9,6,3,9,haladantAt saptamyAH saMjYAyAm,haladantāt saptamyāḥ saṃjñāyām,हलदन्तात् सप्तम्याः संज्ञायाम्,no
6.3.10,6,3,10,kAranAmni ca prAcAM halAdO,kāranāmni ca prācāṃ halādau,कारनाम्नि च प्राचां हलादौ,no
6.3.11,6,3,11,maDyAdgurO,madhyādgurau,मध्याद्गुरौ,no
6.3.12,6,3,12,amUrDamastakAt svANgAdakAme,amūrdhamastakāt svāṅgādakāme,अमूर्धमस्तकात् स्वाङ्गादकामे,no
6.3.13,6,3,13,banDe ca viBAzA,bandhe ca vibhāṣā,बन्धे च विभाषा,no
6.3.14,6,3,14,tatpuruze kfti bahulam,tatpuruṣe kṛti bahulam,तत्पुरुषे कृति बहुलम्,no
6.3.15,6,3,15,prAvfwSaratkAladivAM je,prāvṛṭśaratkāladivāṃ je,प्रावृट्शरत्कालदिवां जे,no
6.3.16,6,3,16,viBAzA varzakzaraSaravarAt,vibhāṣā varṣakṣaraśaravarāt,विभाषा वर्षक्षरशरवरात्,no
6.3.17,6,3,17,GakAlatanezu kAlanAmnaH,ghakālataneṣu kālanāmnaḥ,घकालतनेषु कालनाम्नः,no
6.3.18,6,3,18,SayavAsavAsizvakAlAt,śayavāsavāsiṣvakālāt,शयवासवासिष्वकालात्,no
6.3.19,6,3,19,nensidDabaDnAtizu,nensiddhabadhnātiṣu,नेन्सिद्धबध्नातिषु,no
6.3.20,6,3,20,sTe ca BAzAyAm,sthe ca bhāṣāyām,स्थे च भाषायाम्,no
6.3.21,6,3,21,zazWyA AkroSe,ṣaṣṭhyā ākrośe,षष्ठ्या आक्रोशे,no
6.3.22,6,3,22,putre'nyatarasyAm,putre'nyatarasyām,पुत्रेऽन्यतरस्याम्,no
6.3.23,6,3,23,fto vidyAyonisambanDeByaH,ṛto vidyāyonisambandhebhyaḥ,ऋतो विद्यायोनिसम्बन्धेभ्यः,no
6.3.24,6,3,24,viBAzA svasfpatyoH,vibhāṣā svasṛpatyoḥ,विभाषा स्वसृपत्योः,no
6.3.25,6,3,25,AnaN fto dvandve,ānaṅ ṛto dvandve,आनङ् ऋतो द्वन्द्वे,no
6.3.26,6,3,26,devatAdvandve ca,devatādvandve ca,देवताद्वन्द्वे च,no
6.3.27,6,3,27,IdagneH somavaruRayoH,īdagneḥ somavaruṇayoḥ,ईदग्नेः सोमवरुणयोः,no
6.3.28,6,3,28,idvfdDO,idvṛddhau,इद्वृद्धौ,no
6.3.29,6,3,29,divo dyAvA,divo dyāvā,दिवो द्यावा,no
6.3.30,6,3,30,divasaSca pfTivyAm,divasaśca pṛthivyām,दिवसश्च पृथिव्याम्,no
6.3.31,6,3,31,uzAsozasaH,uṣāsoṣasaḥ,उषासोषसः,no
6.3.32,6,3,32,mAtarapitarAvudIcAm,mātarapitarāvudīcām,मातरपितरावुदीचाम्,no
6.3.33,6,3,33,pitarAmAtarA ca cCandasi,pitarāmātarā ca cchandasi,पितरामातरा च च्छन्दसि,no
6.3.34,6,3,34,striyAH puMvadBAzitapuMskAdanUN samAnADikaraRe striyAmapUraRIpriyA''dizu,striyāḥ puṃvadbhāṣitapuṃskādanūṅ samānādhikaraṇe striyāmapūraṇīpriyā''diṣu,स्त्रियाः पुंवद्भाषितपुंस्कादनूङ् समानाधिकरणे स्त्रियामपूरणीप्रियाऽऽदिषु,no
6.3.35,6,3,35,tasilAdizvAkftvasucaH,tasilādiṣvākṛtvasucaḥ,तसिलादिष्वाकृत्वसुचः,no
6.3.36,6,3,36,kyaNmAninoSca,kyaṅmāninośca,क्यङ्मानिनोश्च,no
6.3.37,6,3,37,na kopaDAyAH,na kopadhāyāḥ,न कोपधायाः,no
6.3.38,6,3,38,saMjYApUraRyoSca,saṃjñāpūraṇyośca,संज्ञापूरण्योश्च,no
6.3.39,6,3,39,vfdDinimittasya ca tadDitasyAraktavikAre,vṛddhinimittasya ca taddhitasyāraktavikāre,वृद्धिनिमित्तस्य च तद्धितस्यारक्तविकारे,no
6.3.40,6,3,40,svANgAcceto'mAnini,svāṅgācceto'mānini,स्वाङ्गाच्चेतोऽमानिनि,no
6.3.41,6,3,41,jAteSca,jāteśca,जातेश्च,no
6.3.42,6,3,42,puMvat karmaDArayajAtIyadeSIyezu,puṃvat karmadhārayajātīyadeśīyeṣu,पुंवत् कर्मधारयजातीयदेशीयेषु,no
6.3.43,6,3,43,GarUpakalpacelaqbruvagotramatahatezu Nyo'nekAco hrasvaH,gharūpakalpacelaḍbruvagotramatahateṣu ṅyo'nekāco hrasvaḥ,घरूपकल्पचेलड्ब्रुवगोत्रमतहतेषु ङ्योऽनेकाचो ह्रस्वः,no
6.3.44,6,3,44,nadyAH SezasyAnyatarasyAm,nadyāḥ śeṣasyānyatarasyām,नद्याः शेषस्यान्यतरस्याम्,no
6.3.45,6,3,45,ugitaSca,ugitaśca,उगितश्च,no
6.3.46,6,3,46,AnmahataH samAnADikaraRajAtIyayoH,ānmahataḥ samānādhikaraṇajātīyayoḥ,आन्महतः समानाधिकरणजातीययोः,no
6.3.47,6,3,47,dvyazwanaH saMKyAyAmabahuvrIhyaSItyoH,dvyaṣṭanaḥ saṃkhyāyāmabahuvrīhyaśītyoḥ,द्व्यष्टनः संख्यायामबहुव्रीह्यशीत्योः,no
6.3.48,6,3,48,trestrayaH,trestrayaḥ,त्रेस्त्रयः,no
6.3.49,6,3,49,viBAzA catvAriMSatpraBftO sarvezAm,vibhāṣā catvāriṃśatprabhṛtau sarveṣām,विभाषा चत्वारिंशत्प्रभृतौ सर्वेषाम्,no
6.3.50,6,3,50,hfdayasya hflleKayadaRlAsezu,hṛdayasya hṛllekhayadaṇlāseṣu,हृदयस्य हृल्लेखयदण्लासेषु,no
6.3.51,6,3,51,vA SokazyaYrogezu,vā śokaṣyañrogeṣu,वा शोकष्यञ्रोगेषु,no
6.3.52,6,3,52,pAdasya padAjyAtigopahatezu,pādasya padājyātigopahateṣu,पादस्य पदाज्यातिगोपहतेषु,no
6.3.53,6,3,53,pad yatyatadarTe,pad yatyatadarthe,पद् यत्यतदर्थे,no
6.3.54,6,3,54,himakAzihatizu ca,himakāṣihatiṣu ca,हिमकाषिहतिषु च,no
6.3.55,6,3,55,fcaH Se,ṛcaḥ śe,ऋचः शे,no
6.3.56,6,3,56,vA GozamiSraSabdezu,vā ghoṣamiśraśabdeṣu,वा घोषमिश्रशब्देषु,no
6.3.57,6,3,57,udakasyodaH saMjYAyAm,udakasyodaḥ saṃjñāyām,उदकस्योदः संज्ञायाम्,no
6.3.58,6,3,58,pezaMvAsavAhanaDizu ca,peṣaṃvāsavāhanadhiṣu ca,पेषंवासवाहनधिषु च,no
6.3.59,6,3,59,ekahalAdO pUrayitavye'nyatarasyAm,ekahalādau pūrayitavye'nyatarasyām,एकहलादौ पूरयितव्येऽन्यतरस्याम्,no
6.3.60,6,3,60,manTOdanasaktubinduvajraBArahAravIvaDagAhezu ca,manthaudanasaktubinduvajrabhārahāravīvadhagāheṣu ca,मन्थौदनसक्तुबिन्दुवज्रभारहारवीवधगाहेषु च,no
6.3.61,6,3,61,iko hrasvo'Nyo gAlavasya,iko hrasvo'ṅyo gālavasya,इको ह्रस्वोऽङ्यो गालवस्य,no
6.3.62,6,3,62,eka tadDite ca,eka taddhite ca,एक तद्धिते च,no
6.3.63,6,3,63,NyApoH saMjYACandasorbahulam,ṅyāpoḥ saṃjñāchandasorbahulam,ङ्यापोः संज्ञाछन्दसोर्बहुलम्,no
6.3.64,6,3,64,tve ca,tve ca,त्वे च,no
6.3.65,6,3,65,izwakezIkAmAlAnAM citatUlaBArizu,iṣṭakeṣīkāmālānāṃ citatūlabhāriṣu,इष्टकेषीकामालानां चिततूलभारिषु,no
6.3.66,6,3,66,Kityanavyayasya,khityanavyayasya,खित्यनव्ययस्य,no
6.3.67,6,3,67,arurdvizadajantasya mum,arurdviṣadajantasya mum,अरुर्द्विषदजन्तस्य मुम्,no
6.3.68,6,3,68,ica ekAco'mpratyayavacca,ica ekāco'mpratyayavacca,इच एकाचोऽम्प्रत्ययवच्च,no
6.3.69,6,3,69,vAcaMyamapuraMdarO ca,vācaṃyamapuraṃdarau ca,वाचंयमपुरंदरौ च,no
6.3.70,6,3,70,kAre satyAgadasya,kāre satyāgadasya,कारे सत्यागदस्य,no
6.3.71,6,3,71,Syenatilasya pAte Ye,śyenatilasya pāte ñe,श्येनतिलस्य पाते ञे,no
6.3.72,6,3,72,rAtreH kfti viBAzA,rātreḥ kṛti vibhāṣā,रात्रेः कृति विभाषा,no
6.3.73,6,3,73,nalopo naYaH,nalopo nañaḥ,नलोपो नञः,no
6.3.74,6,3,74,tasmAnnuqaci,tasmānnuḍaci,तस्मान्नुडचि,no
6.3.75,6,3,75,naBrARnapAnnavedAnAsatyAnamucinakulanaKanapuMsakanakzatranakranAkezu prakftyA,nabhrāṇnapānnavedānāsatyānamucinakulanakhanapuṃsakanakṣatranakranākeṣu prakṛtyā,नभ्राण्नपान्नवेदानासत्यानमुचिनकुलनखनपुंसकनक्षत्रनक्रनाकेषु प्रकृत्या,no
6.3.76,6,3,76,ekAdiScEkasya cAduk,ekādiścaikasya cāduk,एकादिश्चैकस्य चादुक्,no
6.3.77,6,3,77,nago'prARizvanyatarasyAm,nago'prāṇiṣvanyatarasyām,नगोऽप्राणिष्वन्यतरस्याम्,no
6.3.78,6,3,78,sahasya saH saMjYAyAm,sahasya saḥ saṃjñāyām,सहस्य सः संज्ञायाम्,no
6.3.79,6,3,79,granTAntADike ca,granthāntādhike ca,ग्रन्थान्ताधिके च,no
6.3.80,6,3,80,dvitIye cAnupAKye,dvitīye cānupākhye,द्वितीये चानुपाख्ये,no
6.3.81,6,3,81,avyayIBAve cAkAle,avyayībhāve cākāle,अव्ययीभावे चाकाले,no
6.3.82,6,3,82,vopasarjanasya,vopasarjanasya,वोपसर्जनस्य,no
6.3.83,6,3,83,prakftyA''Sizyagovatsahalezu,prakṛtyā''śiṣyagovatsahaleṣu,प्रकृत्याऽऽशिष्यगोवत्सहलेषु,no
6.3.84,6,3,84,samAnasya CandasyamUrDapraBftyudarkezu,samānasya chandasyamūrdhaprabhṛtyudarkeṣu,समानस्य छन्दस्यमूर्धप्रभृत्युदर्केषु,no
6.3.85,6,3,85,jyotirjanapadarAtrinABinAmagotrarUpasTAnavarRavayovacanabanDuzu,jyotirjanapadarātrinābhināmagotrarūpasthānavarṇavayovacanabandhuṣu,ज्योतिर्जनपदरात्रिनाभिनामगोत्ररूपस्थानवर्णवयोवचनबन्धुषु,no
6.3.86,6,3,86,caraRe brahmacAriRi,caraṇe brahmacāriṇi,चरणे ब्रह्मचारिणि,no
6.3.87,6,3,87,tIrTe ye,tīrthe ye,तीर्थे ये,no
6.3.88,6,3,88,viBAzodare,vibhāṣodare,विभाषोदरे,no
6.3.89,6,3,89,dfgdfSavatuzu,dṛgdṛśavatuṣu,दृग्दृशवतुषु,no
6.3.90,6,3,90,idaNkimorISkI,idaṅkimorīśkī,इदङ्किमोरीश्की,no
6.3.91,6,3,91,A sarvanAmnaH,ā sarvanāmnaḥ,आ सर्वनाम्नः,no
6.3.92,6,3,92,vizvagdevayoSca weradryaYcatAvapratyaye,viṣvagdevayośca ṭeradryañcatāvapratyaye,विष्वग्देवयोश्च टेरद्र्यञ्चतावप्रत्यये,no
6.3.93,6,3,93,samaH sami,samaḥ sami,समः समि,no
6.3.94,6,3,94,tirasastiryalope,tirasastiryalope,तिरसस्तिर्यलोपे,no
6.3.95,6,3,95,sahasya saDriH,sahasya sadhriḥ,सहस्य सध्रिः,no
6.3.96,6,3,96,saDa mAdasTayoSCandasi,sadha mādasthayośchandasi,सध मादस्थयोश्छन्दसि,no
6.3.97,6,3,97,dvyantarupasargeByo'pa It,dvyantarupasargebhyo'pa īt,द्व्यन्तरुपसर्गेभ्योऽप ईत्,no
6.3.98,6,3,98,UdanordeSe,ūdanordeśe,ऊदनोर्देशे,no
6.3.99,6,3,99,azazWyatftIyAsTasyAnyasya dugASIrASA''sTA''sTitotsukotikArakarAgacCezu,aṣaṣṭhyatṛtīyāsthasyānyasya dugāśīrāśā''sthā''sthitotsukotikārakarāgaccheṣu,अषष्ठ्यतृतीयास्थस्यान्यस्य दुगाशीराशाऽऽस्थाऽऽस्थितोत्सुकोतिकारकरागच्छेषु,no
6.3.100,6,3,100,arTe viBAzA,arthe vibhāṣā,अर्थे विभाषा,no
6.3.101,6,3,101,koH kat tatpuruze'ci,koḥ kat tatpuruṣe'ci,कोः कत् तत्पुरुषेऽचि,no
6.3.102,6,3,102,raTavadayoSca,rathavadayośca,रथवदयोश्च,no
6.3.103,6,3,103,tfRe ca jAtO,tṛṇe ca jātau,तृणे च जातौ,no
6.3.104,6,3,104,kA paTyakzayoH,kā pathyakṣayoḥ,का पथ्यक्षयोः,no
6.3.105,6,3,105,IzadarTe,īṣadarthe,ईषदर्थे,no
6.3.106,6,3,106,viBAzA puruze,vibhāṣā puruṣe,विभाषा पुरुषे,no
6.3.107,6,3,107,kavaM cozRe,kavaṃ coṣṇe,कवं चोष्णे,no
6.3.108,6,3,108,paTi ca cCandasi,pathi ca cchandasi,पथि च च्छन्दसि,no
6.3.109,6,3,109,pfzodarAdIni yaTopadizwam,pṛṣodarādīni yathopadiṣṭam,पृषोदरादीनि यथोपदिष्टम्,no
6.3.110,6,3,110,saMKyAvisAyapUrvasyAhnasyAhannanyatarasyAM NO,saṃkhyāvisāyapūrvasyāhnasyāhannanyatarasyāṃ ṅau,संख्याविसायपूर्वस्याह्नस्याहन्नन्यतरस्यां ङौ,no
6.3.111,6,3,111,Qralope pUrvasya dIrGo'RaH,ḍhralope pūrvasya dīrgho'ṇaḥ,ढ्रलोपे पूर्वस्य दीर्घोऽणः,no
6.3.112,6,3,112,sahivahorodavarRasya,sahivahorodavarṇasya,सहिवहोरोदवर्णस्य,no
6.3.113,6,3,113,sAQyE sAQvA sAQeti nigame,sāḍhyai sāḍhvā sāḍheti nigame,साढ्यै साढ्वा साढेति निगमे,no
6.3.114,6,3,114,saMhitAyAm,saṃhitāyām,संहितायाम्,no
6.3.115,6,3,115,karRe lakzaRasyAvizwAzwapaYcamaRiBinnaCinnaCidrasruvasvastikasya,karṇe lakṣaṇasyāviṣṭāṣṭapañcamaṇibhinnachinnachidrasruvasvastikasya,कर्णे लक्षणस्याविष्टाष्टपञ्चमणिभिन्नछिन्नछिद्रस्रुवस्वस्तिकस्य,no
6.3.116,6,3,116,nahivftivfzivyaDirucisahitanizu kvO,nahivṛtivṛṣivyadhirucisahitaniṣu kvau,नहिवृतिवृषिव्यधिरुचिसहितनिषु क्वौ,no
6.3.117,6,3,117,vanagiryoH saMjYAyAM kowarakiMSulakAdInAm,vanagiryoḥ saṃjñāyāṃ koṭarakiṃśulakādīnām,वनगिर्योः संज्ञायां कोटरकिंशुलकादीनाम्,no
6.3.118,6,3,118,vale,vale,वले,no
6.3.119,6,3,119,matO bahvaco'najirAdInAm,matau bahvaco'najirādīnām,मतौ बह्वचोऽनजिरादीनाम्,no
6.3.120,6,3,120,SarAdInAM ca,śarādīnāṃ ca,शरादीनां च,no
6.3.121,6,3,121,ikaH vahe'pIloH,ikaḥ vahe'pīloḥ,इकः वहेऽपीलोः,no
6.3.122,6,3,122,upasargasya GaYyamanuzye bahulam,upasargasya ghañyamanuṣye bahulam,उपसर्गस्य घञ्यमनुष्ये बहुलम्,no
6.3.123,6,3,123,ikaH kASe,ikaḥ kāśe,इकः काशे,no
6.3.124,6,3,124,dasti,dasti,दस्ति,no
6.3.125,6,3,125,azwanaH saMjYAyAm,aṣṭanaḥ saṃjñāyām,अष्टनः संज्ञायाम्,no
6.3.126,6,3,126,Candasi ca,chandasi ca,छन्दसि च,no
6.3.127,6,3,127,citeH kapi,citeḥ kapi,चितेः कपि,no
6.3.128,6,3,128,viSvasya vasurAwoH,viśvasya vasurāṭoḥ,विश्वस्य वसुराटोः,no
6.3.129,6,3,129,nare saMjYAyAm,nare saṃjñāyām,नरे संज्ञायाम्,no
6.3.130,6,3,130,mitre carzO,mitre carṣau,मित्रे चर्षौ,no
6.3.131,6,3,131,mantre somASvendriyaviSvadevyasya matO,mantre somāśvendriyaviśvadevyasya matau,मन्त्रे सोमाश्वेन्द्रियविश्वदेव्यस्य मतौ,no
6.3.132,6,3,132,ozaDeSca viBaktAvapraTamAyAm,oṣadheśca vibhaktāvaprathamāyām,ओषधेश्च विभक्तावप्रथमायाम्,no
6.3.133,6,3,133,fci tunuGamakzutaNkutroruzyARAm,ṛci tunughamakṣutaṅkutroruṣyāṇām,ऋचि तुनुघमक्षुतङ्कुत्रोरुष्याणाम्,no
6.3.134,6,3,134,ikaH suYi,ikaḥ suñi,इकः सुञि,no
6.3.135,6,3,135,dvyaco'tastiNaH,dvyaco'tastiṅaḥ,द्व्यचोऽतस्तिङः,no
6.3.136,6,3,136,nipAtasya ca,nipātasya ca,निपातस्य च,no
6.3.137,6,3,137,anyezAmapi dfSyate,anyeṣāmapi dṛśyate,अन्येषामपि दृश्यते,no
6.3.138,6,3,138,cO,cau,चौ,no
6.3.139,6,3,139,samprasAraRasya,samprasāraṇasya,सम्प्रसारणस्य,no
6.4.1,6,4,1,aNgasya,aṅgasya,अङ्गस्य,no
6.4.2,6,4,2,halaH,halaḥ,हलः,no
6.4.3,6,4,3,nAmi,nāmi,नामि,no
6.4.4,6,4,4,na tisfcatasf,na tisṛcatasṛ,न तिसृचतसृ,no
6.4.5,6,4,5,CandasyuBayaTA,chandasyubhayathā,छन्दस्युभयथा,no
6.4.6,6,4,6,nf ca,nṛ ca,नृ च,no
6.4.7,6,4,7,nopaDAyAH,nopadhāyāḥ,नोपधायाः,no
6.4.8,6,4,8,sarvanAmasTAne cAsambudDO,sarvanāmasthāne cāsambuddhau,सर्वनामस्थाने चासम्बुद्धौ,no
6.4.9,6,4,9,vA zapUrvasya nigame,vā ṣapūrvasya nigame,वा षपूर्वस्य निगमे,no
6.4.10,6,4,10,sAntamahataH saMyogasya,sāntamahataḥ saṃyogasya,सान्तमहतः संयोगस्य,no
6.4.11,6,4,11,aptfntfcsvasfnaptfnezwftvazwfkzattfhotfpotfpraSAstFRAm,aptṛntṛcsvasṛnaptṛneṣṭṛtvaṣṭṛkṣattṛhotṛpotṛpraśāstṝṇām,अप्तृन्तृच्स्वसृनप्तृनेष्टृत्वष्टृक्षत्तृहोतृपोतृप्रशास्तॄणाम्,no
6.4.12,6,4,12,inhanpUzAryamRAM SO,inhanpūṣāryamṇāṃ śau,इन्हन्पूषार्यम्णां शौ,no
6.4.13,6,4,13,sO ca,sau ca,सौ च,no
6.4.14,6,4,14,atvasantasya cADAtoH,atvasantasya cādhātoḥ,अत्वसन्तस्य चाधातोः,no
6.4.15,6,4,15,anunAsikasya kviJaloH kNiti,anunāsikasya kvijhaloḥ kṅiti,अनुनासिकस्य क्विझलोः क्ङिति,no
6.4.16,6,4,16,ajJanagamAM sani,ajjhanagamāṃ sani,अज्झनगमां सनि,no
6.4.17,6,4,17,tanoterviBAzA,tanotervibhāṣā,तनोतेर्विभाषा,no
6.4.18,6,4,18,kramaSca ktvi,kramaśca ktvi,क्रमश्च क्त्वि,no
6.4.19,6,4,19,cCvoH SUqanunAsike ca,cchvoḥ śūḍanunāsike ca,च्छ्वोः शूडनुनासिके च,no
6.4.20,6,4,20,jvaratvarasrivyavimavAmupaDAyASca,jvaratvarasrivyavimavāmupadhāyāśca,ज्वरत्वरस्रिव्यविमवामुपधायाश्च,no
6.4.21,6,4,21,rAllopaH,rāllopaḥ,राल्लोपः,no
6.4.22,6,4,22,asidDavadatrABAt,asiddhavadatrābhāt,असिद्धवदत्राभात्,no
6.4.23,6,4,23,SnAnnalopaH,śnānnalopaḥ,श्नान्नलोपः,no
6.4.24,6,4,24,aniditAM hala upaDAyAH kNiti,aniditāṃ hala upadhāyāḥ kṅiti,अनिदितां हल उपधायाः क्ङिति,no
6.4.25,6,4,25,daMSasaYjasvaYjAM Sapi,daṃśasañjasvañjāṃ śapi,दंशसञ्जस्वञ्जां शपि,no
6.4.26,6,4,26,raYjeSca,rañjeśca,रञ्जेश्च,no
6.4.27,6,4,27,GaYi ca BAvakaraRayoH,ghañi ca bhāvakaraṇayoḥ,घञि च भावकरणयोः,no
6.4.28,6,4,28,syado jave,syado jave,स्यदो जवे,no
6.4.29,6,4,29,avodEDOdmapraSraTahimaSraTAH,avodaidhaudmapraśrathahimaśrathāḥ,अवोदैधौद्मप्रश्रथहिमश्रथाः,no
6.4.30,6,4,30,nAYceH pUjAyAm,nāñceḥ pūjāyām,नाञ्चेः पूजायाम्,no
6.4.31,6,4,31,ktvi skandisyandoH,ktvi skandisyandoḥ,क्त्वि स्कन्दिस्यन्दोः,no
6.4.32,6,4,32,jAntanaSAM viBAzA,jāntanaśāṃ vibhāṣā,जान्तनशां विभाषा,no
6.4.33,6,4,33,BaYjeSca ciRi,bhañjeśca ciṇi,भञ्जेश्च चिणि,no
6.4.34,6,4,34,SAsa idaNhaloH,śāsa idaṅhaloḥ,शास इदङ्हलोः,no
6.4.35,6,4,35,SA hO,śā hau,शा हौ,no
6.4.36,6,4,36,hanterjaH,hanterjaḥ,हन्तेर्जः,no
6.4.37,6,4,37,anudAttopadeSavanatitanotyAdInAmanunAsika lopo Jali kNiti,anudāttopadeśavanatitanotyādīnāmanunāsika lopo jhali kṅiti,अनुदात्तोपदेशवनतितनोत्यादीनामनुनासिक लोपो झलि क्ङिति,no
6.4.38,6,4,38,vA lyapi,vā lyapi,वा ल्यपि,no
6.4.39,6,4,39,na ktici dIrGaSca,na ktici dīrghaśca,न क्तिचि दीर्घश्च,no
6.4.40,6,4,40,gamaH kvO,gamaḥ kvau,गमः क्वौ,no
6.4.41,6,4,41,viqvanoranunAsikasyAt,viḍvanoranunāsikasyāt,विड्वनोरनुनासिकस्यात्,no
6.4.42,6,4,42,janasanaKanAM saYJaloH,janasanakhanāṃ sañjhaloḥ,जनसनखनां सञ्झलोः,no
6.4.43,6,4,43,ye viBAzA,ye vibhāṣā,ये विभाषा,no
6.4.44,6,4,44,tanoteryaki,tanoteryaki,तनोतेर्यकि,no
6.4.45,6,4,45,sanaH ktici lopaScAsyAnyatarasyAm,sanaḥ ktici lopaścāsyānyatarasyām,सनः क्तिचि लोपश्चास्यान्यतरस्याम्,no
6.4.46,6,4,46,ArDaDAtuke,ārdhadhātuke,आर्धधातुके,no
6.4.47,6,4,47,Brasjo ropaDayoH ramanyatarasyAm,bhrasjo ropadhayoḥ ramanyatarasyām,भ्रस्जो रोपधयोः रमन्यतरस्याम्,no
6.4.48,6,4,48,ato lopaH,ato lopaḥ,अतो लोपः,no
6.4.49,6,4,49,yasya halaH,yasya halaḥ,यस्य हलः,no
6.4.50,6,4,50,kyasya viBAzA,kyasya vibhāṣā,क्यस्य विभाषा,no
6.4.51,6,4,51,Reraniwi,ṇeraniṭi,णेरनिटि,no
6.4.52,6,4,52,nizWAyAM sewi,niṣṭhāyāṃ seṭi,निष्ठायां सेटि,no
6.4.53,6,4,53,janitA mantre,janitā mantre,जनिता मन्त्रे,no
6.4.54,6,4,54,SamitA yajYe,śamitā yajñe,शमिता यज्ञे,no
6.4.55,6,4,55,ayAmantAlvAyyetnvizRuzu,ayāmantālvāyyetnviṣṇuṣu,अयामन्ताल्वाय्येत्न्विष्णुषु,no
6.4.56,6,4,56,lyapi laGupUrvAt,lyapi laghupūrvāt,ल्यपि लघुपूर्वात्,no
6.4.57,6,4,57,viBAzApaH,vibhāṣāpaḥ,विभाषापः,no
6.4.58,6,4,58,yupluvordIrGaSCandasi,yupluvordīrghaśchandasi,युप्लुवोर्दीर्घश्छन्दसि,no
6.4.59,6,4,59,kziyaH,kṣiyaḥ,क्षियः,no
6.4.60,6,4,60,nizWAyAmaRyadarTe,niṣṭhāyāmaṇyadarthe,निष्ठायामण्यदर्थे,no
6.4.61,6,4,61,vAkroSadEnyayoH,vākrośadainyayoḥ,वाक्रोशदैन्ययोः,no
6.4.62,6,4,62,syasicsIyuwtAsizu BAvakarmaRorupadeSe'jJanagrahadfSAM vA ciRvadiw ca,syasicsīyuṭtāsiṣu bhāvakarmaṇorupadeśe'jjhanagrahadṛśāṃ vā ciṇvadiṭ ca,स्यसिच्सीयुट्तासिषु भावकर्मणोरुपदेशेऽज्झनग्रहदृशां वा चिण्वदिट् च,no
6.4.63,6,4,63,dINo yuqaci kNiti,dīṅo yuḍaci kṅiti,दीङो युडचि क्ङिति,no
6.4.64,6,4,64,Ato lopa iwi ca,āto lopa iṭi ca,आतो लोप इटि च,no
6.4.65,6,4,65,Idyati,īdyati,ईद्यति,no
6.4.66,6,4,66,GumAsTAgApAjahAtisAM hali,ghumāsthāgāpājahātisāṃ hali,घुमास्थागापाजहातिसां हलि,no
6.4.67,6,4,67,erliNi,erliṅi,एर्लिङि,no
6.4.68,6,4,68,vA'nyasya saMyogAdeH,vā'nyasya saṃyogādeḥ,वाऽन्यस्य संयोगादेः,no
6.4.69,6,4,69,na lyapi,na lyapi,न ल्यपि,no
6.4.70,6,4,70,mayateridanyatarasyAm,mayateridanyatarasyām,मयतेरिदन्यतरस्याम्,no
6.4.71,6,4,71,luNlaNlfNkzvaqudAttaH,luṅlaṅlṛṅkṣvaḍudāttaḥ,लुङ्लङ्लृङ्क्ष्वडुदात्तः,no
6.4.72,6,4,72,AqajAdInAm,āḍajādīnām,आडजादीनाम्,no
6.4.73,6,4,73,Candasyapi dfSyate,chandasyapi dṛśyate,छन्दस्यपि दृश्यते,no
6.4.74,6,4,74,na mANyoge,na māṅyoge,न माङ्योगे,no
6.4.75,6,4,75,bahulaM CandasyamANyoge'pi,bahulaṃ chandasyamāṅyoge'pi,बहुलं छन्दस्यमाङ्योगेऽपि,no
6.4.76,6,4,76,irayo re,irayo re,इरयो रे,no
6.4.77,6,4,77,aci SnuDAtuBruvAM yvoriyaNuvaNO,aci śnudhātubhruvāṃ yvoriyaṅuvaṅau,अचि श्नुधातुभ्रुवां य्वोरियङुवङौ,no
6.4.78,6,4,78,aByAsasyAsavarRe,abhyāsasyāsavarṇe,अभ्यासस्यासवर्णे,no
6.4.79,6,4,79,striyAH,striyāḥ,स्त्रियाः,no
6.4.80,6,4,80,vA'mSasoH,vā'mśasoḥ,वाऽम्शसोः,no
6.4.81,6,4,81,iRo yaR,iṇo yaṇ,इणो यण्,no
6.4.82,6,4,82,eranekAco'saMyogapUrvasya,eranekāco'saṃyogapūrvasya,एरनेकाचोऽसंयोगपूर्वस्य,no
6.4.83,6,4,83,oH supi,oḥ supi,ओः सुपि,no
6.4.84,6,4,84,varzABvaSca,varṣābhvaśca,वर्षाभ्वश्च,no
6.4.85,6,4,85,na BUsuDiyoH,na bhūsudhiyoḥ,न भूसुधियोः,no
6.4.86,6,4,86,CandasyuBayaTA,chandasyubhayathā,छन्दस्युभयथा,no
6.4.87,6,4,87,huSnuvoH sArvaDAtuke,huśnuvoḥ sārvadhātuke,हुश्नुवोः सार्वधातुके,no
6.4.88,6,4,88,Buvo vugluNliwoH,bhuvo vugluṅliṭoḥ,भुवो वुग्लुङ्लिटोः,no
6.4.89,6,4,89,UdupaDAyA gohaH,ūdupadhāyā gohaḥ,ऊदुपधाया गोहः,no
6.4.90,6,4,90,dozo RO,doṣo ṇau,दोषो णौ,no
6.4.91,6,4,91,vA cittavirAge,vā cittavirāge,वा चित्तविरागे,no
6.4.92,6,4,92,mitAM hrasvaH,mitāṃ hrasvaḥ,मितां ह्रस्वः,no
6.4.93,6,4,93,ciRRamulordIrGo'nyatarasyAm,ciṇṇamulordīrgho'nyatarasyām,चिण्णमुलोर्दीर्घोऽन्यतरस्याम्,no
6.4.94,6,4,94,Kaci hrasvaH,khaci hrasvaḥ,खचि ह्रस्वः,no
6.4.95,6,4,95,hlAdo nizWAyAm,hlādo niṣṭhāyām,ह्लादो निष्ठायाम्,no
6.4.96,6,4,96,CAderGe'dvyupasargasya,chāderghe'dvyupasargasya,छादेर्घेऽद्व्युपसर्गस्य,no
6.4.97,6,4,97,ismantrankvizu ca,ismantrankviṣu ca,इस्मन्त्रन्क्विषु च,no
6.4.98,6,4,98,gamahanajanaKanaGasAM lopaH kNityanaNi,gamahanajanakhanaghasāṃ lopaḥ kṅityanaṅi,गमहनजनखनघसां लोपः क्ङित्यनङि,no
6.4.99,6,4,99,tanipatyoSCandasi,tanipatyośchandasi,तनिपत्योश्छन्दसि,no
6.4.100,6,4,100,GasiBasorhali ca,ghasibhasorhali ca,घसिभसोर्हलि च,no
6.4.101,6,4,101,huJalByo herDiH,hujhalbhyo herdhiḥ,हुझल्भ्यो हेर्धिः,no
6.4.102,6,4,102,SruSfRupFkfvfByaSCandasi,śruśṛṇupṝkṛvṛbhyaśchandasi,श्रुशृणुपॄकृवृभ्यश्छन्दसि,no
6.4.103,6,4,103,aNitaSca,aṅitaśca,अङितश्च,no
6.4.104,6,4,104,ciRo luk,ciṇo luk,चिणो लुक्,no
6.4.105,6,4,105,ato heH,ato heḥ,अतो हेः,no
6.4.106,6,4,106,utaSca pratyayAdasaMyogapUrvAt,utaśca pratyayādasaṃyogapūrvāt,उतश्च प्रत्ययादसंयोगपूर्वात्,no
6.4.107,6,4,107,lopaScAsyAnyatarasyAM mvoH,lopaścāsyānyatarasyāṃ mvoḥ,लोपश्चास्यान्यतरस्यां म्वोः,no
6.4.108,6,4,108,nityaM karoteH,nityaṃ karoteḥ,नित्यं करोतेः,no
6.4.109,6,4,109,ye ca,ye ca,ये च,no
6.4.110,6,4,110,ata ut sArvaDAtuke,ata ut sārvadhātuke,अत उत् सार्वधातुके,no
6.4.111,6,4,111,SnasorallopaH,śnasorallopaḥ,श्नसोरल्लोपः,no
6.4.112,6,4,112,SnA'ByastayorAtaH,śnā'bhyastayorātaḥ,श्नाऽभ्यस्तयोरातः,no
6.4.113,6,4,113,I halyaGoH,ī halyaghoḥ,ई हल्यघोः,no
6.4.114,6,4,114,iddaridrasya,iddaridrasya,इद्दरिद्रस्य,no
6.4.115,6,4,115,Biyo'nyatarasyAm,bhiyo'nyatarasyām,भियोऽन्यतरस्याम्,no
6.4.116,6,4,116,jahAteSca,jahāteśca,जहातेश्च,no
6.4.117,6,4,117,A ca hO,ā ca hau,आ च हौ,no
6.4.118,6,4,118,lopo yi,lopo yi,लोपो यि,no
6.4.119,6,4,119,GvasoredDAvaByAsalopaSca,ghvasoreddhāvabhyāsalopaśca,घ्वसोरेद्धावभ्यासलोपश्च,no
6.4.120,6,4,120,ata ekahalmaDye'nAdeSAderliwi,ata ekahalmadhye'nādeśāderliṭi,अत एकहल्मध्येऽनादेशादेर्लिटि,no
6.4.121,6,4,121,Tali ca sewi,thali ca seṭi,थलि च सेटि,no
6.4.122,6,4,122,tFPalaBajatrapaSca,tṝphalabhajatrapaśca,तॄफलभजत्रपश्च,no
6.4.123,6,4,123,rADo hiMsAyAm,rādho hiṃsāyām,राधो हिंसायाम्,no
6.4.124,6,4,124,vA jFBramutrasAm,vā jṝbhramutrasām,वा जॄभ्रमुत्रसाम्,no
6.4.125,6,4,125,PaRAM ca saptAnAm,phaṇāṃ ca saptānām,फणां च सप्तानाम्,no
6.4.126,6,4,126,na SasadadavAdiguRAnAm,na śasadadavādiguṇānām,न शसददवादिगुणानाम्,no
6.4.127,6,4,127,arvaRastrasAvanaYaH,arvaṇastrasāvanañaḥ,अर्वणस्त्रसावनञः,no
6.4.128,6,4,128,maGavA bahulam,maghavā bahulam,मघवा बहुलम्,no
6.4.129,6,4,129,Basya,bhasya,भस्य,no
6.4.130,6,4,130,pAdaH pat,pādaḥ pat,पादः पत्,no
6.4.131,6,4,131,vasoH samprasAraRam,vasoḥ samprasāraṇam,वसोः सम्प्रसारणम्,no
6.4.132,6,4,132,vAha UW,vāha ūṭh,वाह ऊठ्,no
6.4.133,6,4,133,SvayuvamaGonAmatadDite,śvayuvamaghonāmataddhite,श्वयुवमघोनामतद्धिते,no
6.4.134,6,4,134,allopo'naH,allopo'naḥ,अल्लोपोऽनः,no
6.4.135,6,4,135,zapUrvahanDftarAjYAmaRi,ṣapūrvahandhṛtarājñāmaṇi,षपूर्वहन्धृतराज्ञामणि,no
6.4.136,6,4,136,viBAzA NiSyoH,vibhāṣā ṅiśyoḥ,विभाषा ङिश्योः,no
6.4.137,6,4,137,na saMyogAdvamantAt,na saṃyogādvamantāt,न संयोगाद्वमन्तात्,no
6.4.138,6,4,138,acaH,acaḥ,अचः,no
6.4.139,6,4,139,uda It,uda īt,उद ईत्,no
6.4.140,6,4,140,Ato DAtoH,āto dhātoḥ,आतो धातोः,no
6.4.141,6,4,141,mantrezvANyAderAtmanaH,mantreṣvāṅyāderātmanaḥ,मन्त्रेष्वाङ्यादेरात्मनः,no
6.4.142,6,4,142,ti viMSaterqiti,ti viṃśaterḍiti,ति विंशतेर्डिति,no
6.4.143,6,4,143,weH,ṭeḥ,टेः,no
6.4.144,6,4,144,nastadDite,nastaddhite,नस्तद्धिते,no
6.4.145,6,4,145,ahnazwaKoreva,ahnaṣṭakhoreva,अह्नष्टखोरेव,no
6.4.146,6,4,146,orguRaH,orguṇaḥ,ओर्गुणः,no
6.4.147,6,4,147,Qe lopo'kadrvAH,ḍhe lopo'kadrvāḥ,ढे लोपोऽकद्र्वाः,no
6.4.148,6,4,148,yasyeti ca,yasyeti ca,यस्येति च,no
6.4.149,6,4,149,sUryatizyAgastyamatsyAnAM ya upaDAyAH,sūryatiṣyāgastyamatsyānāṃ ya upadhāyāḥ,सूर्यतिष्यागस्त्यमत्स्यानां य उपधायाः,no
6.4.150,6,4,150,halastadDitasya,halastaddhitasya,हलस्तद्धितस्य,no
6.4.151,6,4,151,Apatyasya ca tadDite'nAti,āpatyasya ca taddhite'nāti,आपत्यस्य च तद्धितेऽनाति,no
6.4.152,6,4,152,kyacvyoSca,kyacvyośca,क्यच्व्योश्च,no
6.4.153,6,4,153,bilvakAdiByaSCasya luk,bilvakādibhyaśchasya luk,बिल्वकादिभ्यश्छस्य लुक्,no
6.4.154,6,4,154,turizWemeyassu,turiṣṭhemeyassu,तुरिष्ठेमेयस्सु,no
6.4.155,6,4,155,weH,ṭeḥ,टेः,no
6.4.156,6,4,156,sTUladUrayuvahrasvakziprakzudrARAM yaRAdiparaM pUrvasya ca guRaH,sthūladūrayuvahrasvakṣiprakṣudrāṇāṃ yaṇādiparaṃ pūrvasya ca guṇaḥ,स्थूलदूरयुवह्रस्वक्षिप्रक्षुद्राणां यणादिपरं पूर्वस्य च गुणः,no
6.4.157,6,4,157,priyasTirasPirorubahulaguruvfdDatfpradIrGavfndArakARAM prasTasPavarbaMhigarvarzitrabdrAGivfndAH,priyasthirasphirorubahulaguruvṛddhatṛpradīrghavṛndārakāṇāṃ prasthasphavarbaṃhigarvarṣitrabdrāghivṛndāḥ,प्रियस्थिरस्फिरोरुबहुलगुरुवृद्धतृप्रदीर्घवृन्दारकाणां प्रस्थस्फवर्बंहिगर्वर्षित्रब्द्राघिवृन्दाः,no
6.4.158,6,4,158,bahorlopo BU ca bahoH,bahorlopo bhū ca bahoḥ,बहोर्लोपो भू च बहोः,no
6.4.159,6,4,159,izWasya yiw ca,iṣṭhasya yiṭ ca,इष्ठस्य यिट् च,no
6.4.160,6,4,160,jyAdAdIyasaH,jyādādīyasaḥ,ज्यादादीयसः,no
6.4.161,6,4,161,ra fto halAderlaGoH,ra ṛto halāderlaghoḥ,र ऋतो हलादेर्लघोः,no
6.4.162,6,4,162,viBAzarjoSCandasi,vibhāṣarjośchandasi,विभाषर्जोश्छन्दसि,no
6.4.163,6,4,163,prakftyEkAc,prakṛtyaikāc,प्रकृत्यैकाच्,no
6.4.164,6,4,164,inaRyanapatye,inaṇyanapatye,इनण्यनपत्ये,no
6.4.165,6,4,165,gATividaTikeSigaRipaRinaSca,gāthividathikeśigaṇipaṇinaśca,गाथिविदथिकेशिगणिपणिनश्च,no
6.4.166,6,4,166,saMyogAdiSca,saṃyogādiśca,संयोगादिश्च,no
6.4.167,6,4,167,an,an,अन्,no
6.4.168,6,4,168,ye cABAvakarmaRoH,ye cābhāvakarmaṇoḥ,ये चाभावकर्मणोः,no
6.4.169,6,4,169,AtmADvAnO Ke,ātmādhvānau khe,आत्माध्वानौ खे,no
6.4.170,6,4,170,na mapUrvo'patye'varmaRaH,na mapūrvo'patye'varmaṇaḥ,न मपूर्वोऽपत्येऽवर्मणः,no
6.4.171,6,4,171,brAhmo'jAtO,brāhmo'jātau,ब्राह्मोऽजातौ,no
6.4.172,6,4,172,kArmastAcCIlye,kārmastācchīlye,कार्मस्ताच्छील्ये,no
6.4.173,6,4,173,Okzamanapatye,aukṣamanapatye,औक्षमनपत्ये,no
6.4.174,6,4,174,dARqinAyanahAstinAyanATarvaRikajEhmASineyavASinAyaniBrORahatyaDEvatyasAravEkzvAkamEtreyahiraRmayAni,dāṇḍināyanahāstināyanātharvaṇikajaihmāśineyavāśināyanibhrauṇahatyadhaivatyasāravaikṣvākamaitreyahiraṇmayāni,दाण्डिनायनहास्तिनायनाथर्वणिकजैह्माशिनेयवाशिनायनिभ्रौणहत्यधैवत्यसारवैक्ष्वाकमैत्रेयहिरण्मयानि,no
6.4.175,6,4,175,ftvyavAstvyavAstvamADvIhiraRyayAni cCandasi,ṛtvyavāstvyavāstvamādhvīhiraṇyayāni cchandasi,ऋत्व्यवास्त्व्यवास्त्वमाध्वीहिरण्ययानि च्छन्दसि,no
7.1.1,7,1,1,yuvoranAkO,yuvoranākau,युवोरनाकौ,no
7.1.2,7,1,2,AyaneyInIyiyaH PaQaKacCaGAM pratyayAdInAm,āyaneyīnīyiyaḥ phaḍhakhacchaghāṃ pratyayādīnām,आयनेयीनीयियः फढखच्छघां प्रत्ययादीनाम्,no
7.1.3,7,1,3,Jo'ntaH,jho'ntaḥ,झोऽन्तः,no
7.1.4,7,1,4,adaByastAt,adabhyastāt,अदभ्यस्तात्,no
7.1.5,7,1,5,AtmanepadezvanataH,ātmanepadeṣvanataḥ,आत्मनेपदेष्वनतः,no
7.1.6,7,1,6,SINo ruw,śīṅo ruṭ,शीङो रुट्,no
7.1.7,7,1,7,vetterviBAzA,vettervibhāṣā,वेत्तेर्विभाषा,no
7.1.8,7,1,8,bahulaM Candasi,bahulaṃ chandasi,बहुलं छन्दसि,no
7.1.9,7,1,9,ato Bisa Es,ato bhisa ais,अतो भिस ऐस्,no
7.1.10,7,1,10,bahulaM Candasi,bahulaṃ chandasi,बहुलं छन्दसि,no
7.1.11,7,1,11,nedamadasorakoH,nedamadasorakoḥ,नेदमदसोरकोः,no
7.1.12,7,1,12,wANasiNasAminAtsyAH,ṭāṅasiṅasāminātsyāḥ,टाङसिङसामिनात्स्याः,no
7.1.13,7,1,13,NeryaH,ṅeryaḥ,ङेर्यः,no
7.1.14,7,1,14,sarvanAmnaH smE,sarvanāmnaḥ smai,सर्वनाम्नः स्मै,no
7.1.15,7,1,15,NasiNyoH smAtsminO,ṅasiṅyoḥ smātsminau,ङसिङ्योः स्मात्स्मिनौ,no
7.1.16,7,1,16,pUrvAdiByo navaByo vA,pūrvādibhyo navabhyo vā,पूर्वादिभ्यो नवभ्यो वा,no
7.1.17,7,1,17,jasaH SI,jasaḥ śī,जसः शी,no
7.1.18,7,1,18,ONa ApaH,auṅa āpaḥ,औङ आपः,no
7.1.19,7,1,19,napuMsakAcca,napuṃsakācca,नपुंसकाच्च,no
7.1.20,7,1,20,jaSSasoH SiH,jaśśasoḥ śiḥ,जश्शसोः शिः,no
7.1.21,7,1,21,azwABya OS,aṣṭābhya auś,अष्टाभ्य औश्,no
7.1.22,7,1,22,zaqByo luk,ṣaḍbhyo luk,षड्भ्यो लुक्,no
7.1.23,7,1,23,svamornapuMsakAt,svamornapuṃsakāt,स्वमोर्नपुंसकात्,no
7.1.24,7,1,24,ato'm,ato'm,अतोऽम्,no
7.1.25,7,1,25,adq qatarAdiByaH paYcaByaH,adḍ ḍatarādibhyaḥ pañcabhyaḥ,अद्ड् डतरादिभ्यः पञ्चभ्यः,no
7.1.26,7,1,26,netarAcCandasi,netarācchandasi,नेतराच्छन्दसि,no
7.1.27,7,1,27,yuzmadasmadByAM Naso'S,yuṣmadasmadbhyāṃ ṅaso'ś,युष्मदस्मद्भ्यां ङसोऽश्,no
7.1.28,7,1,28,Ne praTamayoram,ṅe prathamayoram,ङे प्रथमयोरम्,no
7.1.29,7,1,29,Saso na,śaso na,शसो न,no
7.1.30,7,1,30,Byaso Byam,bhyaso bhyam,भ्यसो भ्यम्,no
7.1.31,7,1,31,paYcamyA at,pañcamyā at,पञ्चम्या अत्,no
7.1.32,7,1,32,ekavacanasya ca,ekavacanasya ca,एकवचनस्य च,no
7.1.33,7,1,33,sAma Akam,sāma ākam,साम आकम्,no
7.1.34,7,1,34,Ata O RalaH,āta au ṇalaḥ,आत औ णलः,no
7.1.35,7,1,35,tuhyostAtaNNASizyanyatarasyAm,tuhyostātaṅṅāśiṣyanyatarasyām,तुह्योस्तातङ्ङाशिष्यन्यतरस्याम्,no
7.1.36,7,1,36,videH SaturvasuH,videḥ śaturvasuḥ,विदेः शतुर्वसुः,no
7.1.37,7,1,37,samAse'naYpUrve ktvo lyap,samāse'nañpūrve ktvo lyap,समासेऽनञ्पूर्वे क्त्वो ल्यप्,no
7.1.38,7,1,38,ktvA'pi Candasi,ktvā'pi chandasi,क्त्वाऽपि छन्दसि,no
7.1.39,7,1,39,supAM sulukpUrvasavarRA''cCeyAqAqyAyAjAlaH,supāṃ sulukpūrvasavarṇā''ccheyāḍāḍyāyājālaḥ,सुपां सुलुक्पूर्वसवर्णाऽऽच्छेयाडाड्यायाजालः,no
7.1.40,7,1,40,amo maS,amo maś,अमो मश्,no
7.1.41,7,1,41,lopasta Atmanepadezu,lopasta ātmanepadeṣu,लोपस्त आत्मनेपदेषु,no
7.1.42,7,1,42,Dvamo DvAt,dhvamo dhvāt,ध्वमो ध्वात्,no
7.1.43,7,1,43,yajaDvEnamiti ca,yajadhvainamiti ca,यजध्वैनमिति च,no
7.1.44,7,1,44,tasya tAt,tasya tāt,तस्य तात्,no
7.1.45,7,1,45,taptanaptanaTanASca,taptanaptanathanāśca,तप्तनप्तनथनाश्च,no
7.1.46,7,1,46,idanto masi,idanto masi,इदन्तो मसि,no
7.1.47,7,1,47,ktvo yak,ktvo yak,क्त्वो यक्,no
7.1.48,7,1,48,izwvInamiti ca,iṣṭvīnamiti ca,इष्ट्वीनमिति च,no
7.1.49,7,1,49,snAtvyAdayaSca,snātvyādayaśca,स्नात्व्यादयश्च,no
7.1.50,7,1,50,Ajjaserasuk,ājjaserasuk,आज्जसेरसुक्,no
7.1.51,7,1,51,aSvakzIravfzalavaRAnAmAtmaprItO kyaci,aśvakṣīravṛṣalavaṇānāmātmaprītau kyaci,अश्वक्षीरवृषलवणानामात्मप्रीतौ क्यचि,no
7.1.52,7,1,52,Ami sarvanAmnaH suw,āmi sarvanāmnaḥ suṭ,आमि सर्वनाम्नः सुट्,no
7.1.53,7,1,53,trestrayaH,trestrayaḥ,त्रेस्त्रयः,no
7.1.54,7,1,54,hrasvanadyApo nuw,hrasvanadyāpo nuṭ,ह्रस्वनद्यापो नुट्,no
7.1.55,7,1,55,zawcaturByaSca,ṣaṭcaturbhyaśca,षट्चतुर्भ्यश्च,no
7.1.56,7,1,56,SrIgrAmaRyoSCandasi,śrīgrāmaṇyośchandasi,श्रीग्रामण्योश्छन्दसि,no
7.1.57,7,1,57,goH pAdAnte,goḥ pādānte,गोः पादान्ते,no
7.1.58,7,1,58,idito num DAtoH,idito num dhātoḥ,इदितो नुम् धातोः,no
7.1.59,7,1,59,Se mucAdInAm,śe mucādīnām,शे मुचादीनाम्,no
7.1.60,7,1,60,masjinaSorJali,masjinaśorjhali,मस्जिनशोर्झलि,no
7.1.61,7,1,61,raDijaBoraci,radhijabhoraci,रधिजभोरचि,no
7.1.62,7,1,62,newyaliwi raDeH,neṭyaliṭi radheḥ,नेट्यलिटि रधेः,no
7.1.63,7,1,63,raBeraSabliwoH,rabheraśabliṭoḥ,रभेरशब्लिटोः,no
7.1.64,7,1,64,laBeSca,labheśca,लभेश्च,no
7.1.65,7,1,65,ANo yi,āṅo yi,आङो यि,no
7.1.66,7,1,66,upAt praSaMsAyAm,upāt praśaṃsāyām,उपात् प्रशंसायाम्,no
7.1.67,7,1,67,upasargAt KalGaYoH,upasargāt khalghañoḥ,उपसर्गात् खल्घञोः,no
7.1.68,7,1,68,na sudurByAM kevalAByAm,na sudurbhyāṃ kevalābhyām,न सुदुर्भ्यां केवलाभ्याम्,no
7.1.69,7,1,69,viBAzA ciRRamuloH,vibhāṣā ciṇṇamuloḥ,विभाषा चिण्णमुलोः,no
7.1.70,7,1,70,ugidacAM sarvanAmasTAne'DAtoH,ugidacāṃ sarvanāmasthāne'dhātoḥ,उगिदचां सर्वनामस्थानेऽधातोः,no
7.1.71,7,1,71,yujerasamAse,yujerasamāse,युजेरसमासे,no
7.1.72,7,1,72,napuMsakasya JalacaH,napuṃsakasya jhalacaḥ,नपुंसकस्य झलचः,no
7.1.73,7,1,73,iko'ci viBaktO,iko'ci vibhaktau,इकोऽचि विभक्तौ,no
7.1.74,7,1,74,tftIyAdizu BAzitapuMskaM puMvadgAlavasya,tṛtīyādiṣu bhāṣitapuṃskaṃ puṃvadgālavasya,तृतीयादिषु भाषितपुंस्कं पुंवद्गालवस्य,no
7.1.75,7,1,75,asTidaDisakTyakzRAmanaNudAttaH,asthidadhisakthyakṣṇāmanaṅudāttaḥ,अस्थिदधिसक्थ्यक्ष्णामनङुदात्तः,no
7.1.76,7,1,76,Candasyapi dfSyate,chandasyapi dṛśyate,छन्दस्यपि दृश्यते,no
7.1.77,7,1,77,I ca dvivacane,ī ca dvivacane,ई च द्विवचने,no
7.1.78,7,1,78,nAByastAcCatuH,nābhyastācchatuḥ,नाभ्यस्ताच्छतुः,no
7.1.79,7,1,79,vA napuMsakasya,vā napuṃsakasya,वा नपुंसकस्य,no
7.1.80,7,1,80,AcCInadyornum,ācchīnadyornum,आच्छीनद्योर्नुम्,no
7.1.81,7,1,81,SapSyanornityam,śapśyanornityam,शप्श्यनोर्नित्यम्,no
7.1.82,7,1,82,sAvanaquhaH,sāvanaḍuhaḥ,सावनडुहः,no
7.1.83,7,1,83,dfksvavassvatavasAM Candasi,dṛksvavassvatavasāṃ chandasi,दृक्स्ववस्स्वतवसां छन्दसि,no
7.1.84,7,1,84,diva Ot,diva aut,दिव औत्,no
7.1.85,7,1,85,paTimaTyfBukzAmAt,pathimathyṛbhukṣāmāt,पथिमथ्यृभुक्षामात्,no
7.1.86,7,1,86,ito't sarvanAmasTAne,ito't sarvanāmasthāne,इतोऽत् सर्वनामस्थाने,no
7.1.87,7,1,87,To nTaH,tho nthaḥ,थो न्थः,no
7.1.88,7,1,88,Basya werlopaH,bhasya ṭerlopaḥ,भस्य टेर्लोपः,no
7.1.89,7,1,89,puMso'suN,puṃso'suṅ,पुंसोऽसुङ्,no
7.1.90,7,1,90,goto Rit,goto ṇit,गोतो णित्,no
7.1.91,7,1,91,Raluttamo vA,ṇaluttamo vā,णलुत्तमो वा,no
7.1.92,7,1,92,saKyurasambudDO,sakhyurasambuddhau,सख्युरसम्बुद्धौ,no
7.1.93,7,1,93,anaN sO,anaṅ sau,अनङ् सौ,no
7.1.94,7,1,94,fduSanaspurudaMso'nehasAM ca,ṛduśanaspurudaṃso'nehasāṃ ca,ऋदुशनस्पुरुदंसोऽनेहसां च,no
7.1.95,7,1,95,tfjvat krozwuH,tṛjvat kroṣṭuḥ,तृज्वत् क्रोष्टुः,no
7.1.96,7,1,96,striyAM ca,striyāṃ ca,स्त्रियां च,no
7.1.97,7,1,97,viBAzA tftIyAdizvaci,vibhāṣā tṛtīyādiṣvaci,विभाषा तृतीयादिष्वचि,no
7.1.98,7,1,98,caturanaquhorAmudAttaH,caturanaḍuhorāmudāttaḥ,चतुरनडुहोरामुदात्तः,no
7.1.99,7,1,99,am sambudDO,am sambuddhau,अम् सम्बुद्धौ,no
7.1.100,7,1,100,Fta idDAtoH,ṝta iddhātoḥ,ॠत इद्धातोः,no
7.1.101,7,1,101,upaDAyASca,upadhāyāśca,उपधायाश्च,no
7.1.102,7,1,102,udozWyapUrvasya,udoṣṭhyapūrvasya,उदोष्ठ्यपूर्वस्य,no
7.1.103,7,1,103,bahulaM Candasi,bahulaṃ chandasi,बहुलं छन्दसि,no
7.2.1,7,2,1,sici vfdDiH parasmEpadezu,sici vṛddhiḥ parasmaipadeṣu,सिचि वृद्धिः परस्मैपदेषु,no
7.2.2,7,2,2,ato lrAntasya,ato lrāntasya,अतो ल्रान्तस्य,no
7.2.3,7,2,3,vadavrajahalantasyAcaH,vadavrajahalantasyācaḥ,वदव्रजहलन्तस्याचः,no
7.2.4,7,2,4,newi,neṭi,नेटि,no
7.2.5,7,2,5,hmyantakzaRaSvasajAgfRiSvyeditAm,hmyantakṣaṇaśvasajāgṛṇiśvyeditām,ह्म्यन्तक्षणश्वसजागृणिश्व्येदिताम्,no
7.2.6,7,2,6,UrRoterviBAzA,ūrṇotervibhāṣā,ऊर्णोतेर्विभाषा,no
7.2.7,7,2,7,ato halAderlaGoH,ato halāderlaghoḥ,अतो हलादेर्लघोः,no
7.2.8,7,2,8,neq vaSi kfti,neḍ vaśi kṛti,नेड् वशि कृति,no
7.2.9,7,2,9,titutrataTasisusarakasezu ca,titutratathasisusarakaseṣu ca,तितुत्रतथसिसुसरकसेषु च,no
7.2.10,7,2,10,ekAca upadeSe'nudAttAt,ekāca upadeśe'nudāttāt,एकाच उपदेशेऽनुदात्तात्,no
7.2.11,7,2,11,SryukaH kiti,śryukaḥ kiti,श्र्युकः किति,no
7.2.12,7,2,12,sani grahaguhoSca,sani grahaguhośca,सनि ग्रहगुहोश्च,no
7.2.13,7,2,13,kfsfBfvfstudrusruSruvo liwi,kṛsṛbhṛvṛstudrusruśruvo liṭi,कृसृभृवृस्तुद्रुस्रुश्रुवो लिटि,no
7.2.14,7,2,14,SvIdito nizWAyAm,śvīdito niṣṭhāyām,श्वीदितो निष्ठायाम्,no
7.2.15,7,2,15,yasya viBAzA,yasya vibhāṣā,यस्य विभाषा,no
7.2.16,7,2,16,AditaSca,āditaśca,आदितश्च,yes
7.2.17,7,2,17,viBAzA BAvAdikarmaRoH,vibhāṣā bhāvādikarmaṇoḥ,विभाषा भावादिकर्मणोः,no
7.2.18,7,2,18,kzubDasvAntaDvAntalagnamlizwaviribDaPARwabAQAni manTamanastamaHsaktAvispazwasvarAnAyAsaBfSezu,kṣubdhasvāntadhvāntalagnamliṣṭaviribdhaphāṇṭabāḍhāni manthamanastamaḥsaktāvispaṣṭasvarānāyāsabhṛśeṣu,क्षुब्धस्वान्तध्वान्तलग्नम्लिष्टविरिब्धफाण्टबाढानि मन्थमनस्तमःसक्ताविस्पष्टस्वरानायासभृशेषु,no
7.2.19,7,2,19,DfziSasI vEyAtye,dhṛṣiśasī vaiyātye,धृषिशसी वैयात्ये,no
7.2.20,7,2,20,dfQaH sTUlabalayoH,dṛḍhaḥ sthūlabalayoḥ,दृढः स्थूलबलयोः,no
7.2.21,7,2,21,praBO parivfQaH,prabhau parivṛḍhaḥ,प्रभौ परिवृढः,no
7.2.22,7,2,22,kfcCragahanayoH kazaH,kṛcchragahanayoḥ kaṣaḥ,कृच्छ्रगहनयोः कषः,no
7.2.23,7,2,23,GuziraviSabdane,ghuṣiraviśabdane,घुषिरविशब्दने,no
7.2.24,7,2,24,ardeH saMniviByaH,ardeḥ saṃnivibhyaḥ,अर्देः संनिविभ्यः,no
7.2.25,7,2,25,aBeScAvidUrye,abheścāvidūrye,अभेश्चाविदूर्ये,no
7.2.26,7,2,26,ReraDyayane vfttam,ṇeradhyayane vṛttam,णेरध्ययने वृत्तम्,no
7.2.27,7,2,27,vA dAntaSAntapUrRadastaspazwacCannajYaptAH,vā dāntaśāntapūrṇadastaspaṣṭacchannajñaptāḥ,वा दान्तशान्तपूर्णदस्तस्पष्टच्छन्नज्ञप्ताः,no
7.2.28,7,2,28,ruzyamatvarasaMGuzAsvanAm,ruṣyamatvarasaṃghuṣāsvanām,रुष्यमत्वरसंघुषास्वनाम्,no
7.2.29,7,2,29,hfzerlomasu,hṛṣerlomasu,हृषेर्लोमसु,no
7.2.30,7,2,30,apacitaSca,apacitaśca,अपचितश्च,no
7.2.31,7,2,31,hru hvareSCandasi,hru hvareśchandasi,ह्रु ह्वरेश्छन्दसि,no
7.2.32,7,2,32,aparihvftASca,aparihvṛtāśca,अपरिह्वृताश्च,no
7.2.33,7,2,33,some hvaritaH,some hvaritaḥ,सोमे ह्वरितः,no
7.2.34,7,2,34,grasitaskaBitastaBitottaBitacattavikastAviSastfSaMstfSAstftarutftarUtfvarutfvarUtfvarUtrIrujjvalitikzaritikzamitivamityamitIti ca,grasitaskabhitastabhitottabhitacattavikastāviśastṛśaṃstṛśāstṛtarutṛtarūtṛvarutṛvarūtṛvarūtrīrujjvalitikṣaritikṣamitivamityamitīti ca,ग्रसितस्कभितस्तभितोत्तभितचत्तविकस्ताविशस्तृशंस्तृशास्तृतरुतृतरूतृवरुतृवरूतृवरूत्रीरुज्ज्वलितिक्षरितिक्षमितिवमित्यमितीति च,no
7.2.35,7,2,35,ArDaDAtukasyeq valAdeH,ārdhadhātukasyeḍ valādeḥ,आर्धधातुकस्येड् वलादेः,no
7.2.36,7,2,36,snukramoranAtmanepadanimitte,snukramoranātmanepadanimitte,स्नुक्रमोरनात्मनेपदनिमित्ते,no
7.2.37,7,2,37,graho'liwi dIrGaH,graho'liṭi dīrghaḥ,ग्रहोऽलिटि दीर्घः,no
7.2.38,7,2,38,vFto vA,vṝto vā,वॄतो वा,no
7.2.39,7,2,39,na liNi,na liṅi,न लिङि,no
7.2.40,7,2,40,sici ca parasmEpadezu,sici ca parasmaipadeṣu,सिचि च परस्मैपदेषु,no
7.2.41,7,2,41,iw sani vA,iṭ sani vā,इट् सनि वा,no
7.2.42,7,2,42,liNsicorAtmanepadezu,liṅsicorātmanepadeṣu,लिङ्सिचोरात्मनेपदेषु,no
7.2.43,7,2,43,ftaSca saMyogAdeH,ṛtaśca saṃyogādeḥ,ऋतश्च संयोगादेः,no
7.2.44,7,2,44,svaratisUtisUyatiDUYUdito vA,svaratisūtisūyatidhūñūdito vā,स्वरतिसूतिसूयतिधूञूदितो वा,no
7.2.45,7,2,45,raDAdiByaSca,radhādibhyaśca,रधादिभ्यश्च,no
7.2.46,7,2,46,niraH kuzaH,niraḥ kuṣaḥ,निरः कुषः,no
7.2.47,7,2,47,iRnizWAyAm,iṇniṣṭhāyām,इण्निष्ठायाम्,no
7.2.48,7,2,48,tIzasahaluBaruzarizaH,tīṣasahalubharuṣariṣaḥ,तीषसहलुभरुषरिषः,no
7.2.49,7,2,49,sanIvantarDaBrasjadamBuSrisvfyUrRuBarajYapisanAm,sanīvantardhabhrasjadambhuśrisvṛyūrṇubharajñapisanām,सनीवन्तर्धभ्रस्जदम्भुश्रिस्वृयूर्णुभरज्ञपिसनाम्,no
7.2.50,7,2,50,kliSaH ktvAnizWayoH,kliśaḥ ktvāniṣṭhayoḥ,क्लिशः क्त्वानिष्ठयोः,no
7.2.51,7,2,51,pUNaSca,pūṅaśca,पूङश्च,no
7.2.52,7,2,52,vasatikzuDoriw,vasatikṣudhoriṭ,वसतिक्षुधोरिट्,no
7.2.53,7,2,53,aYceH pUjAyAm,añceḥ pūjāyām,अञ्चेः पूजायाम्,no
7.2.54,7,2,54,luBo vimohane,lubho vimohane,लुभो विमोहने,no
7.2.55,7,2,55,jFvraScyoH ktvi,jṝvraścyoḥ ktvi,जॄव्रश्च्योः क्त्वि,no
7.2.56,7,2,56,udito vA,udito vā,उदितो वा,no
7.2.57,7,2,57,se'sici kftacftacCfdatfdanftaH,se'sici kṛtacṛtacchṛdatṛdanṛtaḥ,सेऽसिचि कृतचृतच्छृदतृदनृतः,no
7.2.58,7,2,58,gameriw parasmEpadezu,gameriṭ parasmaipadeṣu,गमेरिट् परस्मैपदेषु,no
7.2.59,7,2,59,na vfdByaScaturByaH,na vṛdbhyaścaturbhyaḥ,न वृद्भ्यश्चतुर्भ्यः,no
7.2.60,7,2,60,tAsi ca kxpaH,tāsi ca kḷpaḥ,तासि च कॢपः,no
7.2.61,7,2,61,acastAsvat Talyaniwo nityam,acastāsvat thalyaniṭo nityam,अचस्तास्वत् थल्यनिटो नित्यम्,no
7.2.62,7,2,62,upadeSe'tvataH,upadeśe'tvataḥ,उपदेशेऽत्वतः,no
7.2.63,7,2,63,fto BAradvAjasya,ṛto bhāradvājasya,ऋतो भारद्वाजस्य,no
7.2.64,7,2,64,baBUTAtatanTajagfmBavavarTeti nigame,babhūthātatanthajagṛmbhavavartheti nigame,बभूथाततन्थजगृम्भववर्थेति निगमे,no
7.2.65,7,2,65,viBAzA sfjidfSoH,vibhāṣā sṛjidṛśoḥ,विभाषा सृजिदृशोः,no
7.2.66,7,2,66,iqattyartivyayatInAm,iḍattyartivyayatīnām,इडत्त्यर्तिव्ययतीनाम्,no
7.2.67,7,2,67,vasvekAjAdGasAm,vasvekājādghasām,वस्वेकाजाद्घसाम्,no
7.2.68,7,2,68,viBAzA gamahanavidaviSAm,vibhāṣā gamahanavidaviśām,विभाषा गमहनविदविशाम्,no
7.2.69,7,2,69,saniMsasanivAMsam,saniṃsasanivāṃsam,सनिंससनिवांसम्,no
7.2.70,7,2,70,fdDanoH sye,ṛddhanoḥ sye,ऋद्धनोः स्ये,no
7.2.71,7,2,71,aYjeH sici,añjeḥ sici,अञ्जेः सिचि,no
7.2.72,7,2,72,stusuDUYByaH parasmEpadezu,stusudhūñbhyaḥ parasmaipadeṣu,स्तुसुधूञ्भ्यः परस्मैपदेषु,no
7.2.73,7,2,73,yamaramanamAtAM sak ca,yamaramanamātāṃ sak ca,यमरमनमातां सक् च,no
7.2.74,7,2,74,smipUNraYjvaSAM sani,smipūṅrañjvaśāṃ sani,स्मिपूङ्रञ्ज्वशां सनि,no
7.2.75,7,2,75,kiraSca paYcaByaH,kiraśca pañcabhyaḥ,किरश्च पञ्चभ्यः,no
7.2.76,7,2,76,rudAdiByaH sArvaDAtuke,rudādibhyaḥ sārvadhātuke,रुदादिभ्यः सार्वधातुके,no
7.2.77,7,2,77,ISaH se,īśaḥ se,ईशः से,no
7.2.78,7,2,78,IqajanorDve ca,īḍajanordhve ca,ईडजनोर्ध्वे च,no
7.2.79,7,2,79,liNaH salopo'nantyasya,liṅaḥ salopo'nantyasya,लिङः सलोपोऽनन्त्यस्य,no
7.2.80,7,2,80,ato yeyaH,ato yeyaḥ,अतो येयः,no
7.2.81,7,2,81,Ato NitaH,āto ṅitaḥ,आतो ङितः,no
7.2.82,7,2,82,Ane muk,āne muk,आने मुक्,no
7.2.83,7,2,83,IdAsaH,īdāsaḥ,ईदासः,no
7.2.84,7,2,84,azwana A viBaktO,aṣṭana ā vibhaktau,अष्टन आ विभक्तौ,no
7.2.85,7,2,85,rAyo hali,rāyo hali,रायो हलि,no
7.2.86,7,2,86,yuzmadasmadoranAdeSe,yuṣmadasmadoranādeśe,युष्मदस्मदोरनादेशे,no
7.2.87,7,2,87,dvitIyAyAM ca,dvitīyāyāṃ ca,द्वितीयायां च,no
7.2.88,7,2,88,praTamAyASca dvivacane BAzAyAm,prathamāyāśca dvivacane bhāṣāyām,प्रथमायाश्च द्विवचने भाषायाम्,no
7.2.89,7,2,89,yo'ci,yo'ci,योऽचि,no
7.2.90,7,2,90,Seze lopaH,śeṣe lopaḥ,शेषे लोपः,no
7.2.91,7,2,91,maparyantasya,maparyantasya,मपर्यन्तस्य,no
7.2.92,7,2,92,yuvAvO dvivacane,yuvāvau dvivacane,युवावौ द्विवचने,no
7.2.93,7,2,93,yUyavayO jasi,yūyavayau jasi,यूयवयौ जसि,no
7.2.94,7,2,94,tvAhO sO,tvāhau sau,त्वाहौ सौ,no
7.2.95,7,2,95,tuByamahyO Nayi,tubhyamahyau ṅayi,तुभ्यमह्यौ ङयि,no
7.2.96,7,2,96,tavamamO Nasi,tavamamau ṅasi,तवममौ ङसि,no
7.2.97,7,2,97,tvamAvekavacane,tvamāvekavacane,त्वमावेकवचने,no
7.2.98,7,2,98,pratyayottarapadayoSca,pratyayottarapadayośca,प्रत्ययोत्तरपदयोश्च,no
7.2.99,7,2,99,tricaturoH striyAM tisfcatasf,tricaturoḥ striyāṃ tisṛcatasṛ,त्रिचतुरोः स्त्रियां तिसृचतसृ,no
7.2.100,7,2,100,aci ra ftaH,aci ra ṛtaḥ,अचि र ऋतः,no
7.2.101,7,2,101,jarAyA jarasanyatarasyAm,jarāyā jarasanyatarasyām,जराया जरसन्यतरस्याम्,no
7.2.102,7,2,102,tyadAdInAmaH,tyadādīnāmaḥ,त्यदादीनामः,no
7.2.103,7,2,103,kimaH kaH,kimaḥ kaḥ,किमः कः,no
7.2.104,7,2,104,ku tihoH,ku tihoḥ,कु तिहोः,no
7.2.105,7,2,105,kvAti,kvāti,क्वाति,no
7.2.106,7,2,106,tadoH saH sAvanantyayoH,tadoḥ saḥ sāvanantyayoḥ,तदोः सः सावनन्त्ययोः,no
7.2.107,7,2,107,adasa O sulopaSca,adasa au sulopaśca,अदस औ सुलोपश्च,no
7.2.108,7,2,108,idamo maH,idamo maḥ,इदमो मः,no
7.2.109,7,2,109,daSca,daśca,दश्च,no
7.2.110,7,2,110,yaH sO,yaḥ sau,यः सौ,no
7.2.111,7,2,111,ido'y puMsi,ido'y puṃsi,इदोऽय् पुंसि,no
7.2.112,7,2,112,anApyakaH,anāpyakaḥ,अनाप्यकः,no
7.2.113,7,2,113,hali lopaH,hali lopaḥ,हलि लोपः,no
7.2.114,7,2,114,mfjervfdDiH,mṛjervṛddhiḥ,मृजेर्वृद्धिः,no
7.2.115,7,2,115,aco YRiti,aco ñṇiti,अचो ञ्णिति,no
7.2.116,7,2,116,ata upaDAyAH,ata upadhāyāḥ,अत उपधायाः,no
7.2.117,7,2,117,tadDitezvacAmAdeH,taddhiteṣvacāmādeḥ,तद्धितेष्वचामादेः,no
7.2.118,7,2,118,kiti ca,kiti ca,किति च,no
7.3.1,7,3,1,devikASiMSapAdityavAqdIrGasatraSreyasAmAt,devikāśiṃśapādityavāḍdīrghasatraśreyasāmāt,देविकाशिंशपादित्यवाड्दीर्घसत्रश्रेयसामात्,no
7.3.2,7,3,2,kekayamittrayupralayAnAM yAderiyaH,kekayamittrayupralayānāṃ yāderiyaḥ,केकयमित्त्रयुप्रलयानां यादेरियः,no
7.3.3,7,3,3,na yvAByAM padAntAByAm pUrvO tu tAByAmEc,na yvābhyāṃ padāntābhyām pūrvau tu tābhyāmaic,न य्वाभ्यां पदान्ताभ्याम् पूर्वौ तु ताभ्यामैच्,no
7.3.4,7,3,4,dvArAdInAM ca,dvārādīnāṃ ca,द्वारादीनां च,no
7.3.5,7,3,5,nyagroDasya ca kevalasya,nyagrodhasya ca kevalasya,न्यग्रोधस्य च केवलस्य,no
7.3.6,7,3,6,na karmavyatihAre,na karmavyatihāre,न कर्मव्यतिहारे,no
7.3.7,7,3,7,svAgatAdInAM ca,svāgatādīnāṃ ca,स्वागतादीनां च,no
7.3.8,7,3,8,SvAderiYi,śvāderiñi,श्वादेरिञि,no
7.3.9,7,3,9,padAntasyAnyatarasyAm,padāntasyānyatarasyām,पदान्तस्यान्यतरस्याम्,no
7.3.10,7,3,10,uttarapadasya,uttarapadasya,उत्तरपदस्य,no
7.3.11,7,3,11,avayavAdftoH,avayavādṛtoḥ,अवयवादृतोः,no
7.3.12,7,3,12,susarvArDAjjanapadasya,susarvārdhājjanapadasya,सुसर्वार्धाज्जनपदस्य,no
7.3.13,7,3,13,diSo'madrARAm,diśo'madrāṇām,दिशोऽमद्राणाम्,no
7.3.14,7,3,14,prAcAM grAmanagarARAm,prācāṃ grāmanagarāṇām,प्राचां ग्रामनगराणाम्,no
7.3.15,7,3,15,saMKyAyAH saMvatsarasaMKyasya ca,saṃkhyāyāḥ saṃvatsarasaṃkhyasya ca,संख्यायाः संवत्सरसंख्यस्य च,no
7.3.16,7,3,16,varzasyABavizyati,varṣasyābhaviṣyati,वर्षस्याभविष्यति,no
7.3.17,7,3,17,parimARAntasyAsaMjYASARayoH,parimāṇāntasyāsaṃjñāśāṇayoḥ,परिमाणान्तस्यासंज्ञाशाणयोः,no
7.3.18,7,3,18,je prozWapadAnAm,je proṣṭhapadānām,जे प्रोष्ठपदानाम्,no
7.3.19,7,3,19,hfdBagasinDvante pUrvapadasya ca,hṛdbhagasindhvante pūrvapadasya ca,हृद्भगसिन्ध्वन्ते पूर्वपदस्य च,no
7.3.20,7,3,20,anuSatikAdInAM ca,anuśatikādīnāṃ ca,अनुशतिकादीनां च,no
7.3.21,7,3,21,devatAdvandve ca,devatādvandve ca,देवताद्वन्द्वे च,no
7.3.22,7,3,22,nendrasya parasya,nendrasya parasya,नेन्द्रस्य परस्य,no
7.3.23,7,3,23,dIrGAcca varuRasya,dīrghācca varuṇasya,दीर्घाच्च वरुणस्य,no
7.3.24,7,3,24,prAcAM nagarAnte,prācāṃ nagarānte,प्राचां नगरान्ते,no
7.3.25,7,3,25,jaNgalaDenuvalajAntasya viBAzitamuttaram,jaṅgaladhenuvalajāntasya vibhāṣitamuttaram,जङ्गलधेनुवलजान्तस्य विभाषितमुत्तरम्,no
7.3.26,7,3,26,arDAt parimARasya pUrvasya tu vA,ardhāt parimāṇasya pūrvasya tu vā,अर्धात् परिमाणस्य पूर्वस्य तु वा,no
7.3.27,7,3,27,nAtaH parasya,nātaḥ parasya,नातः परस्य,no
7.3.28,7,3,28,pravAhaRasya Qe,pravāhaṇasya ḍhe,प्रवाहणस्य ढे,no
7.3.29,7,3,29,tatpratyayasya ca,tatpratyayasya ca,तत्प्रत्ययस्य च,no
7.3.30,7,3,30,naYaH SucISvarakzetrajYakuSalanipuRAnAm,nañaḥ śucīśvarakṣetrajñakuśalanipuṇānām,नञः शुचीश्वरक्षेत्रज्ञकुशलनिपुणानाम्,no
7.3.31,7,3,31,yaTAtaTayaTApurayoH paryAyeRa,yathātathayathāpurayoḥ paryāyeṇa,यथातथयथापुरयोः पर्यायेण,no
7.3.32,7,3,32,hanasto'ciRRaloH,hanasto'ciṇṇaloḥ,हनस्तोऽचिण्णलोः,no
7.3.33,7,3,33,Ato yuk ciRkftoH,āto yuk ciṇkṛtoḥ,आतो युक् चिण्कृतोः,no
7.3.34,7,3,34,nodAttopadeSasya mAntasyAnAcameH,nodāttopadeśasya māntasyānācameḥ,नोदात्तोपदेशस्य मान्तस्यानाचमेः,no
7.3.35,7,3,35,janivaDyoSca,janivadhyośca,जनिवध्योश्च,no
7.3.36,7,3,36,artihrIvlIrIknUyIkzmAyyAtAM puNRO,artihrīvlīrīknūyīkṣmāyyātāṃ puṅṇau,अर्तिह्रीव्लीरीक्नूयीक्ष्माय्यातां पुङ्णौ,no
7.3.37,7,3,37,SAcCAsAhvAvyAvepAM yuk,śācchāsāhvāvyāvepāṃ yuk,शाच्छासाह्वाव्यावेपां युक्,no
7.3.38,7,3,38,vo viDUnane juk,vo vidhūnane juk,वो विधूनने जुक्,no
7.3.39,7,3,39,lIlornuglukAvanyatarasyAM snehavipAtane,līlornuglukāvanyatarasyāṃ snehavipātane,लीलोर्नुग्लुकावन्यतरस्यां स्नेहविपातने,no
7.3.40,7,3,40,Biyo hetuBaye zuk,bhiyo hetubhaye ṣuk,भियो हेतुभये षुक्,no
7.3.41,7,3,41,sPAyo vaH,sphāyo vaḥ,स्फायो वः,no
7.3.42,7,3,42,SaderagatO taH,śaderagatau taḥ,शदेरगतौ तः,no
7.3.43,7,3,43,ruhaH po'nyatarasyAm,ruhaḥ po'nyatarasyām,रुहः पोऽन्यतरस्याम्,no
7.3.44,7,3,44,pratyayasTAt kAt pUrvasyAta idApyasupaH,pratyayasthāt kāt pūrvasyāta idāpyasupaḥ,प्रत्ययस्थात् कात् पूर्वस्यात इदाप्यसुपः,no
7.3.45,7,3,45,na yAsayoH,na yāsayoḥ,न यासयोः,no
7.3.46,7,3,46,udIcAmAtaH sTAne yakapUrvAyAH,udīcāmātaḥ sthāne yakapūrvāyāḥ,उदीचामातः स्थाने यकपूर्वायाः,no
7.3.47,7,3,47,BastrEzA'jAjYAdvAsvAnaYpUrvARAmapi,bhastraiṣā'jājñādvāsvānañpūrvāṇāmapi,भस्त्रैषाऽजाज्ञाद्वास्वानञ्पूर्वाणामपि,no
7.3.48,7,3,48,aBAzitapuMskAcca,abhāṣitapuṃskācca,अभाषितपुंस्काच्च,no
7.3.49,7,3,49,AdAcAryARAm,ādācāryāṇām,आदाचार्याणाम्,no
7.3.50,7,3,50,WasyekaH,ṭhasyekaḥ,ठस्येकः,no
7.3.51,7,3,51,isusuktAntAt kaH,isusuktāntāt kaḥ,इसुसुक्तान्तात् कः,no
7.3.52,7,3,52,cajoH ku GiRRyatoH,cajoḥ ku ghiṇṇyatoḥ,चजोः कु घिण्ण्यतोः,no
7.3.53,7,3,53,nyaNkvAdInAM ca,nyaṅkvādīnāṃ ca,न्यङ्क्वादीनां च,no
7.3.54,7,3,54,ho hanterYRinnezu,ho hanterñṇinneṣu,हो हन्तेर्ञ्णिन्नेषु,no
7.3.55,7,3,55,aByAsAcca,abhyāsācca,अभ्यासाच्च,no
7.3.56,7,3,56,heracaNi,heracaṅi,हेरचङि,no
7.3.57,7,3,57,sanliworjeH,sanliṭorjeḥ,सन्लिटोर्जेः,no
7.3.58,7,3,58,viBAzA ceH,vibhāṣā ceḥ,विभाषा चेः,no
7.3.59,7,3,59,na kvAdeH,na kvādeḥ,न क्वादेः,no
7.3.60,7,3,60,ajivrajyoSca,ajivrajyośca,अजिव्रज्योश्च,no
7.3.61,7,3,61,BujanyubjO pARyupatApayoH,bhujanyubjau pāṇyupatāpayoḥ,भुजन्युब्जौ पाण्युपतापयोः,no
7.3.62,7,3,62,prayAjAnuyAjO yajYANge,prayājānuyājau yajñāṅge,प्रयाजानुयाजौ यज्ञाङ्गे,no
7.3.63,7,3,63,vaYcergatO,vañcergatau,वञ्चेर्गतौ,no
7.3.64,7,3,64,oka ucaH ke,oka ucaḥ ke,ओक उचः के,no
7.3.65,7,3,65,Rya AvaSyake,ṇya āvaśyake,ण्य आवश्यके,no
7.3.66,7,3,66,yajayAcarucapravacarcaSca,yajayācarucapravacarcaśca,यजयाचरुचप्रवचर्चश्च,no
7.3.67,7,3,67,vaco'SabdasaMjYAyAm,vaco'śabdasaṃjñāyām,वचोऽशब्दसंज्ञायाम्,no
7.3.68,7,3,68,prayojyaniyojyO SakyArTe,prayojyaniyojyau śakyārthe,प्रयोज्यनियोज्यौ शक्यार्थे,no
7.3.69,7,3,69,BojyaM Bakzye,bhojyaṃ bhakṣye,भोज्यं भक्ष्ये,no
7.3.70,7,3,70,Gorlopo lewi vA,ghorlopo leṭi vā,घोर्लोपो लेटि वा,no
7.3.71,7,3,71,otaH Syani,otaḥ śyani,ओतः श्यनि,no
7.3.72,7,3,72,ksasyAci,ksasyāci,क्सस्याचि,no
7.3.73,7,3,73,lugvA duhadihalihaguhAmAtmanepade dantye,lugvā duhadihalihaguhāmātmanepade dantye,लुग्वा दुहदिहलिहगुहामात्मनेपदे दन्त्ये,no
7.3.74,7,3,74,SamAmazwAnAM dIrGaH Syani,śamāmaṣṭānāṃ dīrghaḥ śyani,शमामष्टानां दीर्घः श्यनि,no
7.3.75,7,3,75,zWivuklamucamAM Siti,ṣṭhivuklamucamāṃ śiti,ष्ठिवुक्लमुचमां शिति,no
7.3.76,7,3,76,kramaH parasmEpadezu,kramaḥ parasmaipadeṣu,क्रमः परस्मैपदेषु,no
7.3.77,7,3,77,izugamiyamAM CaH,iṣugamiyamāṃ chaḥ,इषुगमियमां छः,no
7.3.78,7,3,78,pAGrADmAsTAmnAdARdfSyarttisarttiSadasadAM pibajiGraDamatizWamanayacCapaSyarcCaDOSIyasIdAH,pāghrādhmāsthāmnādāṇdṛśyarttisarttiśadasadāṃ pibajighradhamatiṣṭhamanayacchapaśyarcchadhauśīyasīdāḥ,पाघ्राध्मास्थाम्नादाण्दृश्यर्त्तिसर्त्तिशदसदां पिबजिघ्रधमतिष्ठमनयच्छपश्यर्च्छधौशीयसीदाः,yes
7.3.79,7,3,79,jYAjanorjA,jñājanorjā,ज्ञाजनोर्जा,no
7.3.80,7,3,80,pvAdInAM hrasvaH,pvādīnāṃ hrasvaḥ,प्वादीनां ह्रस्वः,no
7.3.81,7,3,81,mInAternigame,mīnāternigame,मीनातेर्निगमे,no
7.3.82,7,3,82,miderguRaH,miderguṇaḥ,मिदेर्गुणः,no
7.3.83,7,3,83,jusi ca,jusi ca,जुसि च,no
7.3.84,7,3,84,sArvaDAtukArDaDAtukayoH,sārvadhātukārdhadhātukayoḥ,सार्वधातुकार्धधातुकयोः,no
7.3.85,7,3,85,jAgro'viciRRalNitsu,jāgro'viciṇṇalṅitsu,जाग्रोऽविचिण्णल्ङित्सु,no
7.3.86,7,3,86,pugantalaGUpaDasya ca,pugantalaghūpadhasya ca,पुगन्तलघूपधस्य च,no
7.3.87,7,3,87,nAByastasyAci piti sArvaDAtuke,nābhyastasyāci piti sārvadhātuke,नाभ्यस्तस्याचि पिति सार्वधातुके,no
7.3.88,7,3,88,BUsuvostiNi,bhūsuvostiṅi,भूसुवोस्तिङि,no
7.3.89,7,3,89,uto vfdDirluki hali,uto vṛddhirluki hali,उतो वृद्धिर्लुकि हलि,no
7.3.90,7,3,90,UrRoterviBAzA,ūrṇotervibhāṣā,ऊर्णोतेर्विभाषा,no
7.3.91,7,3,91,guRo'pfkte,guṇo'pṛkte,गुणोऽपृक्ते,no
7.3.92,7,3,92,tfRaha im,tṛṇaha im,तृणह इम्,no
7.3.93,7,3,93,bruva Iw,bruva īṭ,ब्रुव ईट्,no
7.3.94,7,3,94,yaNo vA,yaṅo vā,यङो वा,no
7.3.95,7,3,95,turustuSamyamaH sArvaDAtuke,turustuśamyamaḥ sārvadhātuke,तुरुस्तुशम्यमः सार्वधातुके,no
7.3.96,7,3,96,astisico'pfkte,astisico'pṛkte,अस्तिसिचोऽपृक्ते,no
7.3.97,7,3,97,bahulaM Candasi,bahulaṃ chandasi,बहुलं छन्दसि,no
7.3.98,7,3,98,rudaSca paYcaByaH,rudaśca pañcabhyaḥ,रुदश्च पञ्चभ्यः,no
7.3.99,7,3,99,aqgArgyagAlavayoH,aḍgārgyagālavayoḥ,अड्गार्ग्यगालवयोः,no
7.3.100,7,3,100,adaH sarvezAm,adaḥ sarveṣām,अदः सर्वेषाम्,no
7.3.101,7,3,101,ato dIrGo yaYi,ato dīrgho yañi,अतो दीर्घो यञि,no
7.3.102,7,3,102,supi ca,supi ca,सुपि च,no
7.3.103,7,3,103,bahuvacane Jalyet,bahuvacane jhalyet,बहुवचने झल्येत्,no
7.3.104,7,3,104,osi ca,osi ca,ओसि च,no
7.3.105,7,3,105,ANi cApaH,āṅi cāpaḥ,आङि चापः,no
7.3.106,7,3,106,sambudDO ca,sambuddhau ca,सम्बुद्धौ च,no
7.3.107,7,3,107,ambA'rTanadyorhrasvaH,ambā'rthanadyorhrasvaḥ,अम्बाऽर्थनद्योर्ह्रस्वः,no
7.3.108,7,3,108,hrasvasya guRaH,hrasvasya guṇaḥ,ह्रस्वस्य गुणः,no
7.3.109,7,3,109,jasi ca,jasi ca,जसि च,no
7.3.110,7,3,110,fto NisarvanAmasTAnayoH,ṛto ṅisarvanāmasthānayoḥ,ऋतो ङिसर्वनामस्थानयोः,no
7.3.111,7,3,111,GerNiti,gherṅiti,घेर्ङिति,no
7.3.112,7,3,112,ARnadyAH,āṇnadyāḥ,आण्नद्याः,no
7.3.113,7,3,113,yAqApaH,yāḍāpaḥ,याडापः,no
7.3.114,7,3,114,sarvanAmnaH syAqQrasvaSca,sarvanāmnaḥ syāḍḍhrasvaśca,सर्वनाम्नः स्याड्ढ्रस्वश्च,no
7.3.115,7,3,115,viBAzA dvitIyAtftIyAByAm,vibhāṣā dvitīyātṛtīyābhyām,विभाषा द्वितीयातृतीयाभ्याम्,no
7.3.116,7,3,116,NerAmnadyAmnIByaH,ṅerāmnadyāmnībhyaḥ,ङेराम्नद्याम्नीभ्यः,no
7.3.117,7,3,117,idudByAm,idudbhyām,इदुद्भ्याम्,no
7.3.118,7,3,118,Ot,aut,औत्,no
7.3.119,7,3,119,acca GeH,acca gheḥ,अच्च घेः,no
7.3.120,7,3,120,ANo nA'striyAm,āṅo nā'striyām,आङो नाऽस्त्रियाम्,no
7.4.1,7,4,1,RO caNyupaDAyA hrasvaH,ṇau caṅyupadhāyā hrasvaḥ,णौ चङ्युपधाया ह्रस्वः,no
7.4.2,7,4,2,nAglopiSAsvfditAm,nāglopiśāsvṛditām,नाग्लोपिशास्वृदिताम्,no
7.4.3,7,4,3,BrAjaBAsaBAzadIpajIvamIlapIqAmanyatarasyAm,bhrājabhāsabhāṣadīpajīvamīlapīḍāmanyatarasyām,भ्राजभासभाषदीपजीवमीलपीडामन्यतरस्याम्,no
7.4.4,7,4,4,lopaH pibaterIccAByAsasya,lopaḥ pibaterīccābhyāsasya,लोपः पिबतेरीच्चाभ्यासस्य,no
7.4.5,7,4,5,tizWaterit,tiṣṭhaterit,तिष्ठतेरित्,no
7.4.6,7,4,6,jiGratervA,jighratervā,जिघ्रतेर्वा,no
7.4.7,7,4,7,urft,urṛt,उरृत्,no
7.4.8,7,4,8,nityaM Candasi,nityaṃ chandasi,नित्यं छन्दसि,no
7.4.9,7,4,9,dayaterdigi liwi,dayaterdigi liṭi,दयतेर्दिगि लिटि,no
7.4.10,7,4,10,ftaSca saMyogAderguRaH,ṛtaśca saṃyogāderguṇaḥ,ऋतश्च संयोगादेर्गुणः,no
7.4.11,7,4,11,fcCatyFtAm,ṛcchatyṝtām,ऋच्छत्यॄताम्,no
7.4.12,7,4,12,SFdFprAM hrasvo vA,śṝdṝprāṃ hrasvo vā,शॄदॄप्रां ह्रस्वो वा,no
7.4.13,7,4,13,ke'RaH,ke'ṇaḥ,केऽणः,no
7.4.14,7,4,14,na kapi,na kapi,न कपि,no
7.4.15,7,4,15,Apo'nyatarasyAm,āpo'nyatarasyām,आपोऽन्यतरस्याम्,no
7.4.16,7,4,16,fdfSo'Ni guRaH,ṛdṛśo'ṅi guṇaḥ,ऋदृशोऽङि गुणः,no
7.4.17,7,4,17,asyatesTuk,asyatesthuk,अस्यतेस्थुक्,no
7.4.18,7,4,18,SvayateraH,śvayateraḥ,श्वयतेरः,no
7.4.19,7,4,19,pataH pum,pataḥ pum,पतः पुम्,no
7.4.20,7,4,20,vaca um,vaca um,वच उम्,no
7.4.21,7,4,21,SINaH sArvaDAtuke guRaH,śīṅaḥ sārvadhātuke guṇaḥ,शीङः सार्वधातुके गुणः,no
7.4.22,7,4,22,ayaN yi kNiti,ayaṅ yi kṅiti,अयङ् यि क्ङिति,no
7.4.23,7,4,23,upasargAdDrasva UhateH,upasargāddhrasva ūhateḥ,उपसर्गाद्ध्रस्व ऊहतेः,no
7.4.24,7,4,24,eterliNi,eterliṅi,एतेर्लिङि,no
7.4.25,7,4,25,akftsArvaDAtukayordIrGaH,akṛtsārvadhātukayordīrghaḥ,अकृत्सार्वधातुकयोर्दीर्घः,no
7.4.26,7,4,26,cvO ca,cvau ca,च्वौ च,no
7.4.27,7,4,27,rIN ftaH,rīṅ ṛtaḥ,रीङ् ऋतः,no
7.4.28,7,4,28,riN SayagliNkzu,riṅ śayagliṅkṣu,रिङ् शयग्लिङ्क्षु,no
7.4.29,7,4,29,guRo'rtisaMyogAdyoH,guṇo'rtisaṃyogādyoḥ,गुणोऽर्तिसंयोगाद्योः,no
7.4.30,7,4,30,yaNi ca,yaṅi ca,यङि च,no
7.4.31,7,4,31,I GrADmoH,ī ghrādhmoḥ,ई घ्राध्मोः,no
7.4.32,7,4,32,asya cvO,asya cvau,अस्य च्वौ,no
7.4.33,7,4,33,kyaci ca,kyaci ca,क्यचि च,no
7.4.34,7,4,34,aSanAyodanyaDanAyA buBukzApipAsAgardDezu,aśanāyodanyadhanāyā bubhukṣāpipāsāgarddheṣu,अशनायोदन्यधनाया बुभुक्षापिपासागर्द्धेषु,no
7.4.35,7,4,35,na cCandasyaputrasya,na cchandasyaputrasya,न च्छन्दस्यपुत्रस्य,no
7.4.36,7,4,36,durasyurdraviRasyurvfzaRyatirizaRyati,durasyurdraviṇasyurvṛṣaṇyatiriṣaṇyati,दुरस्युर्द्रविणस्युर्वृषण्यतिरिषण्यति,no
7.4.37,7,4,37,aSvAGasyAt,aśvāghasyāt,अश्वाघस्यात्,no
7.4.38,7,4,38,devasumnayoryajuzi kAWake,devasumnayoryajuṣi kāṭhake,देवसुम्नयोर्यजुषि काठके,no
7.4.39,7,4,39,kavyaDvarapftanasyarci lopaH,kavyadhvarapṛtanasyarci lopaḥ,कव्यध्वरपृतनस्यर्चि लोपः,no
7.4.40,7,4,40,dyatisyatimAsTAmitti kiti,dyatisyatimāsthāmitti kiti,द्यतिस्यतिमास्थामित्ति किति,no
7.4.41,7,4,41,SAcCoranyatarasyAm,śācchoranyatarasyām,शाच्छोरन्यतरस्याम्,no
7.4.42,7,4,42,daDAterhiH,dadhāterhiḥ,दधातेर्हिः,no
7.4.43,7,4,43,jahAteSca ktvi,jahāteśca ktvi,जहातेश्च क्त्वि,no
7.4.44,7,4,44,viBAzA Candasi,vibhāṣā chandasi,विभाषा छन्दसि,no
7.4.45,7,4,45,suDitavasuDitanemaDitaDizvaDizIya ca,sudhitavasudhitanemadhitadhiṣvadhiṣīya ca,सुधितवसुधितनेमधितधिष्वधिषीय च,no
7.4.46,7,4,46,do dad GoH,do dad ghoḥ,दो दद् घोः,no
7.4.47,7,4,47,aca upasargAttaH,aca upasargāttaḥ,अच उपसर्गात्तः,no
7.4.48,7,4,48,apo Bi,apo bhi,अपो भि,no
7.4.49,7,4,49,saH syArdDaDAtuke,saḥ syārddhadhātuke,सः स्यार्द्धधातुके,no
7.4.50,7,4,50,tAsastyorlopaH,tāsastyorlopaḥ,तासस्त्योर्लोपः,no
7.4.51,7,4,51,ri ca,ri ca,रि च,no
7.4.52,7,4,52,ha eti,ha eti,ह एति,no
7.4.53,7,4,53,yIvarRayordIDIvevyoH,yīvarṇayordīdhīvevyoḥ,यीवर्णयोर्दीधीवेव्योः,no
7.4.54,7,4,54,sani mImAGuraBalaBaSakapatapadAmaca is,sani mīmāghurabhalabhaśakapatapadāmaca is,सनि मीमाघुरभलभशकपतपदामच इस्,no
7.4.55,7,4,55,ApjYapyfDAmIt,āpjñapyṛdhāmīt,आप्ज्ञप्यृधामीत्,no
7.4.56,7,4,56,damBa icca,dambha icca,दम्भ इच्च,no
7.4.57,7,4,57,muco'karmakasya guRo vA,muco'karmakasya guṇo vā,मुचोऽकर्मकस्य गुणो वा,no
7.4.58,7,4,58,atra lopo'ByAsasya,atra lopo'bhyāsasya,अत्र लोपोऽभ्यासस्य,no
7.4.59,7,4,59,hrasvaH,hrasvaḥ,ह्रस्वः,no
7.4.60,7,4,60,halAdiH SezaH,halādiḥ śeṣaḥ,हलादिः शेषः,no
7.4.61,7,4,61,SarpUrvAH KayaH,śarpūrvāḥ khayaḥ,शर्पूर्वाः खयः,no
7.4.62,7,4,62,kuhoScuH,kuhoścuḥ,कुहोश्चुः,no
7.4.63,7,4,63,na kavateryaNi,na kavateryaṅi,न कवतेर्यङि,no
7.4.64,7,4,64,kfzeSCandasi,kṛṣeśchandasi,कृषेश्छन्दसि,no
7.4.65,7,4,65,dADartidarDartidarDarziboBUtutetikte'larzyApanIPaRatsaMsanizyadatkarikratkanikradadBariBraddaviDvatodavidyutattaritrataHsarIsfpataMvarIvfjanmarmfjyAganIgantIti ca,dādhartidardhartidardharṣibobhūtutetikte'larṣyāpanīphaṇatsaṃsaniṣyadatkarikratkanikradadbharibhraddavidhvatodavidyutattaritrataḥsarīsṛpataṃvarīvṛjanmarmṛjyāganīgantīti ca,दाधर्तिदर्धर्तिदर्धर्षिबोभूतुतेतिक्तेऽलर्ष्यापनीफणत्संसनिष्यदत्करिक्रत्कनिक्रदद्भरिभ्रद्दविध्वतोदविद्युतत्तरित्रतःसरीसृपतंवरीवृजन्मर्मृज्यागनीगन्तीति च,no
7.4.66,7,4,66,urat,urat,उरत्,no
7.4.67,7,4,67,dyutisvApyoH samprasAraRam,dyutisvāpyoḥ samprasāraṇam,द्युतिस्वाप्योः सम्प्रसारणम्,no
7.4.68,7,4,68,vyaTo liwi,vyatho liṭi,व्यथो लिटि,no
7.4.69,7,4,69,dIrGa iRaH kiti,dīrgha iṇaḥ kiti,दीर्घ इणः किति,no
7.4.70,7,4,70,ata AdeH,ata ādeḥ,अत आदेः,no
7.4.71,7,4,71,tasmAnnuq dvihalaH,tasmānnuḍ dvihalaḥ,तस्मान्नुड् द्विहलः,yes
7.4.72,7,4,72,aSnoteSca,aśnoteśca,अश्नोतेश्च,no
7.4.73,7,4,73,BavateraH,bhavateraḥ,भवतेरः,no
7.4.74,7,4,74,sasUveti nigame,sasūveti nigame,ससूवेति निगमे,no
7.4.75,7,4,75,nijAM trayARAM guRaH SlO,nijāṃ trayāṇāṃ guṇaḥ ślau,निजां त्रयाणां गुणः श्लौ,no
7.4.76,7,4,76,BfYAmit,bhṛñāmit,भृञामित्,no
7.4.77,7,4,77,artipipartyoSca,artipipartyośca,अर्तिपिपर्त्योश्च,no
7.4.78,7,4,78,bahulaM Candasi,bahulaṃ chandasi,बहुलं छन्दसि,no
7.4.79,7,4,79,sanyataH,sanyataḥ,सन्यतः,no
7.4.80,7,4,80,oH puyaRjyapare,oḥ puyaṇjyapare,ओः पुयण्ज्यपरे,no
7.4.81,7,4,81,sravatiSfRotidravatipravatiplavaticyavatInAM vA,sravatiśṛṇotidravatipravatiplavaticyavatīnāṃ vā,स्रवतिशृणोतिद्रवतिप्रवतिप्लवतिच्यवतीनां वा,no
7.4.82,7,4,82,guRo yaNlukoH,guṇo yaṅlukoḥ,गुणो यङ्लुकोः,no
7.4.83,7,4,83,dIrGo'kitaH,dīrgho'kitaḥ,दीर्घोऽकितः,no
7.4.84,7,4,84,nIgvaYcusraMsuDvaMsuBraMsukasapatapadaskandAm,nīgvañcusraṃsudhvaṃsubhraṃsukasapatapadaskandām,नीग्वञ्चुस्रंसुध्वंसुभ्रंसुकसपतपदस्कन्दाम्,no
7.4.85,7,4,85,nugato'nunAsikAntasya,nugato'nunāsikāntasya,नुगतोऽनुनासिकान्तस्य,no
7.4.86,7,4,86,japajaBadahadaSaBaYjapaSAM ca,japajabhadahadaśabhañjapaśāṃ ca,जपजभदहदशभञ्जपशां च,no
7.4.87,7,4,87,caraPaloSca,caraphalośca,चरफलोश्च,no
7.4.88,7,4,88,ut parasyAtaH,ut parasyātaḥ,उत् परस्यातः,no
7.4.89,7,4,89,ti ca,ti ca,ति च,no
7.4.90,7,4,90,rIgfdupaDasya ca,rīgṛdupadhasya ca,रीगृदुपधस्य च,no
7.4.91,7,4,91,rugrikO ca luki,rugrikau ca luki,रुग्रिकौ च लुकि,no
7.4.92,7,4,92,ftaSca,ṛtaśca,ऋतश्च,no
7.4.93,7,4,93,sanvallaGuni caNpare'naglope,sanvallaghuni caṅpare'naglope,सन्वल्लघुनि चङ्परेऽनग्लोपे,no
7.4.94,7,4,94,dIrGo laGoH,dīrgho laghoḥ,दीर्घो लघोः,no
7.4.95,7,4,95,at smfdFtvarapraTamradastFspaSAm,at smṛdṝtvaraprathamradastṝspaśām,अत् स्मृदॄत्वरप्रथम्रदस्तॄस्पशाम्,no
7.4.96,7,4,96,viBAzA vezwicezwyoH,vibhāṣā veṣṭiceṣṭyoḥ,विभाषा वेष्टिचेष्ट्योः,no
7.4.97,7,4,97,I ca gaRaH,ī ca gaṇaḥ,ई च गणः,no
8.1.1,8,1,1,sarvasya dve,sarvasya dve,सर्वस्य द्वे,no
8.1.2,8,1,2,tasya paramAmreqitam,tasya paramāmreḍitam,तस्य परमाम्रेडितम्,no
8.1.3,8,1,3,anudAttaM ca,anudāttaṃ ca,अनुदात्तं च,no
8.1.4,8,1,4,nityavIpsayoH,nityavīpsayoḥ,नित्यवीप्सयोः,no
8.1.5,8,1,5,parervarjane,parervarjane,परेर्वर्जने,no
8.1.6,8,1,6,prasamupodaH pAdapUraRe,prasamupodaḥ pādapūraṇe,प्रसमुपोदः पादपूरणे,no
8.1.7,8,1,7,uparyaDyaDasaH sAmIpye,uparyadhyadhasaḥ sāmīpye,उपर्यध्यधसः सामीप्ये,no
8.1.8,8,1,8,vAkyAderAmantritasyAsUyAsammatikopakutsanaBartsanezu,vākyāderāmantritasyāsūyāsammatikopakutsanabhartsaneṣu,वाक्यादेरामन्त्रितस्यासूयासम्मतिकोपकुत्सनभर्त्सनेषु,no
8.1.9,8,1,9,ekaM bahuvrIhivat,ekaṃ bahuvrīhivat,एकं बहुव्रीहिवत्,no
8.1.10,8,1,10,AbADe ca,ābādhe ca,आबाधे च,no
8.1.11,8,1,11,karmaDArayavat uttarezu,karmadhārayavat uttareṣu,कर्मधारयवत् उत्तरेषु,no
8.1.12,8,1,12,prakAre guRavacanasya,prakāre guṇavacanasya,प्रकारे गुणवचनस्य,no
8.1.13,8,1,13,akfcCre priyasuKayoranyatarasyAm,akṛcchre priyasukhayoranyatarasyām,अकृच्छ्रे प्रियसुखयोरन्यतरस्याम्,no
8.1.14,8,1,14,yaTAsve yaTAyaTam,yathāsve yathāyatham,यथास्वे यथायथम्,no
8.1.15,8,1,15,dvandvaM rahasyamaryAdAvacanavyutkramaRayajYapAtraprayogABivyaktizu,dvandvaṃ rahasyamaryādāvacanavyutkramaṇayajñapātraprayogābhivyaktiṣu,द्वन्द्वं रहस्यमर्यादावचनव्युत्क्रमणयज्ञपात्रप्रयोगाभिव्यक्तिषु,no
8.1.16,8,1,16,padasya,padasya,पदस्य,no
8.1.17,8,1,17,padAt,padāt,पदात्,no
8.1.18,8,1,18,anudAttaM sarvamapAdAdO,anudāttaṃ sarvamapādādau,अनुदात्तं सर्वमपादादौ,no
8.1.19,8,1,19,Amantritasya ca,āmantritasya ca,आमन्त्रितस्य च,no
8.1.20,8,1,20,yuzmadasmadoH zazWIcaturTIdvitIyAsTayorvAnnAvO,yuṣmadasmadoḥ ṣaṣṭhīcaturthīdvitīyāsthayorvānnāvau,युष्मदस्मदोः षष्ठीचतुर्थीद्वितीयास्थयोर्वान्नावौ,no
8.1.21,8,1,21,bahuvacanasya vasnasO,bahuvacanasya vasnasau,बहुवचनस्य वस्नसौ,no
8.1.22,8,1,22,temayAvekavacanasya,temayāvekavacanasya,तेमयावेकवचनस्य,no
8.1.23,8,1,23,tvAmO dvitIyAyAH,tvāmau dvitīyāyāḥ,त्वामौ द्वितीयायाः,no
8.1.24,8,1,24,na cavAhAhEvayukte,na cavāhāhaivayukte,न चवाहाहैवयुक्ते,no
8.1.25,8,1,25,paSyArTEScAnAlocane,paśyārthaiścānālocane,पश्यार्थैश्चानालोचने,no
8.1.26,8,1,26,sapUrvAyAH praTamAyA viBAzA,sapūrvāyāḥ prathamāyā vibhāṣā,सपूर्वायाः प्रथमाया विभाषा,no
8.1.27,8,1,27,tiNo gotrAdIni kutsanABIkzRyayoH,tiṅo gotrādīni kutsanābhīkṣṇyayoḥ,तिङो गोत्रादीनि कुत्सनाभीक्ष्ण्ययोः,no
8.1.28,8,1,28,tiNNatiNaH,tiṅṅatiṅaḥ,तिङ्ङतिङः,no
8.1.29,8,1,29,na luw,na luṭ,न लुट्,no
8.1.30,8,1,30,nipAtEryadyadihantakuvinnecceccaRkaccidyatrayuktam,nipātairyadyadihantakuvinnecceccaṇkaccidyatrayuktam,निपातैर्यद्यदिहन्तकुविन्नेच्चेच्चण्कच्चिद्यत्रयुक्तम्,no
8.1.31,8,1,31,naha pratyAramBe,naha pratyārambhe,नह प्रत्यारम्भे,no
8.1.32,8,1,32,satyaM praSne,satyaṃ praśne,सत्यं प्रश्ने,no
8.1.33,8,1,33,aNgAprAtilomye,aṅgāprātilomye,अङ्गाप्रातिलोम्ये,no
8.1.34,8,1,34,hi ca,hi ca,हि च,no
8.1.35,8,1,35,Candasyanekamapi sAkANkzam,chandasyanekamapi sākāṅkṣam,छन्दस्यनेकमपि साकाङ्क्षम्,no
8.1.36,8,1,36,yAvadyaTAByAm,yāvadyathābhyām,यावद्यथाभ्याम्,no
8.1.37,8,1,37,pUjAyAM nAnantaram,pūjāyāṃ nānantaram,पूजायां नानन्तरम्,no
8.1.38,8,1,38,upasargavyapetaM ca,upasargavyapetaṃ ca,उपसर्गव्यपेतं च,no
8.1.39,8,1,39,tupaSyapaSyatAhEH pUjAyAm,tupaśyapaśyatāhaiḥ pūjāyām,तुपश्यपश्यताहैः पूजायाम्,no
8.1.40,8,1,40,aho ca,aho ca,अहो च,no
8.1.41,8,1,41,Seze viBAzA,śeṣe vibhāṣā,शेषे विभाषा,no
8.1.42,8,1,42,purA ca parIpsAyAm,purā ca parīpsāyām,पुरा च परीप्सायाम्,no
8.1.43,8,1,43,nanvityanujYEzaRAyAm,nanvityanujñaiṣaṇāyām,नन्वित्यनुज्ञैषणायाम्,no
8.1.44,8,1,44,kiM kriyApraSne'nupasargamapratizidDam,kiṃ kriyāpraśne'nupasargamapratiṣiddham,किं क्रियाप्रश्नेऽनुपसर्गमप्रतिषिद्धम्,no
8.1.45,8,1,45,lope viBAzA,lope vibhāṣā,लोपे विभाषा,no
8.1.46,8,1,46,ehimanye prahAse lfw,ehimanye prahāse lṛṭ,एहिमन्ये प्रहासे लृट्,no
8.1.47,8,1,47,jAtvapUrvam,jātvapūrvam,जात्वपूर्वम्,no
8.1.48,8,1,48,kimvfttaM ca ciduttaram,kimvṛttaṃ ca ciduttaram,किम्वृत्तं च चिदुत्तरम्,no
8.1.49,8,1,49,Aho utAho cAnantaram,āho utāho cānantaram,आहो उताहो चानन्तरम्,no
8.1.50,8,1,50,Seze viBAzA,śeṣe vibhāṣā,शेषे विभाषा,no
8.1.51,8,1,51,gatyarTalowA lfRna cet kArakaM sarvAnyat,gatyarthaloṭā lṛṇna cet kārakaṃ sarvānyat,गत्यर्थलोटा लृण्न चेत् कारकं सर्वान्यत्,no
8.1.52,8,1,52,low ca,loṭ ca,लोट् च,no
8.1.53,8,1,53,viBAzitaM sopasargamanuttamam,vibhāṣitaṃ sopasargamanuttamam,विभाषितं सोपसर्गमनुत्तमम्,no
8.1.54,8,1,54,hanta ca,hanta ca,हन्त च,no
8.1.55,8,1,55,Ama ekAntaramAmantritamanantike,āma ekāntaramāmantritamanantike,आम एकान्तरमामन्त्रितमनन्तिके,no
8.1.56,8,1,56,yadDituparaM Candasi,yaddhituparaṃ chandasi,यद्धितुपरं छन्दसि,no
8.1.57,8,1,57,canacidivagotrAditadDitAmreqitezvagateH,canacidivagotrāditaddhitāmreḍiteṣvagateḥ,चनचिदिवगोत्रादितद्धिताम्रेडितेष्वगतेः,no
8.1.58,8,1,58,cAdizu ca,cādiṣu ca,चादिषु च,no
8.1.59,8,1,59,cavAyoge praTamA,cavāyoge prathamā,चवायोगे प्रथमा,no
8.1.60,8,1,60,heti kziyAyAm,heti kṣiyāyām,हेति क्षियायाम्,no
8.1.61,8,1,61,aheti viniyoge ca,aheti viniyoge ca,अहेति विनियोगे च,no
8.1.62,8,1,62,cAhalopa evetyavaDAraRam,cāhalopa evetyavadhāraṇam,चाहलोप एवेत्यवधारणम्,no
8.1.63,8,1,63,cAdilope viBAzA,cādilope vibhāṣā,चादिलोपे विभाषा,no
8.1.64,8,1,64,vEvAveti ca cCandasi,vaivāveti ca cchandasi,वैवावेति च च्छन्दसि,no
8.1.65,8,1,65,ekAnyAByAM samarTAByAm,ekānyābhyāṃ samarthābhyām,एकान्याभ्यां समर्थाभ्याम्,no
8.1.66,8,1,66,yadvfttAnnityaM,yadvṛttānnityaṃ,यद्वृत्तान्नित्यं,no
8.1.67,8,1,67,pUjanAt pUjitamanudAttaM kAzWAdiByaH,pūjanāt pūjitamanudāttaṃ kāṣṭhādibhyaḥ,पूजनात् पूजितमनुदात्तं काष्ठादिभ्यः,no
8.1.68,8,1,68,sagatirapi tiN,sagatirapi tiṅ,सगतिरपि तिङ्,no
8.1.69,8,1,69,kutsane ca supyagotrAdO,kutsane ca supyagotrādau,कुत्सने च सुप्यगोत्रादौ,no
8.1.70,8,1,70,gatirgatO,gatirgatau,गतिर्गतौ,no
8.1.71,8,1,71,tiNi codAttavati,tiṅi codāttavati,तिङि चोदात्तवति,no
8.1.72,8,1,72,AmantritaM pUrvamavidyamAnavat,āmantritaṃ pūrvamavidyamānavat,आमन्त्रितं पूर्वमविद्यमानवत्,no
8.1.73,8,1,73,nAmantrite samAnADikaraRe sAmAnyavacanam,nāmantrite samānādhikaraṇe sāmānyavacanam,नामन्त्रिते समानाधिकरणे सामान्यवचनम्,no
8.1.74,8,1,74,viBAzitaM viSezavacane bahuvacanam,vibhāṣitaṃ viśeṣavacane bahuvacanam,विभाषितं विशेषवचने बहुवचनम्,no
8.2.1,8,2,1,pUrvatrAsidDam,pūrvatrāsiddham,पूर्वत्रासिद्धम्,no
8.2.2,8,2,2,nalopaH supsvarasaMjYAtugviDizu kfti,nalopaḥ supsvarasaṃjñātugvidhiṣu kṛti,नलोपः सुप्स्वरसंज्ञातुग्विधिषु कृति,no
8.2.3,8,2,3,na mu ne,na mu ne,न मु ने,no
8.2.4,8,2,4,udAttasvaritayoryaRaH svarito'nudAttasya,udāttasvaritayoryaṇaḥ svarito'nudāttasya,उदात्तस्वरितयोर्यणः स्वरितोऽनुदात्तस्य,no
8.2.5,8,2,5,ekAdeSa udAttenodAttaH,ekādeśa udāttenodāttaḥ,एकादेश उदात्तेनोदात्तः,no
8.2.6,8,2,6,svarito vA'nudAtte padAdO,svarito vā'nudātte padādau,स्वरितो वाऽनुदात्ते पदादौ,no
8.2.7,8,2,7,nalopaH prAtipadikAntasya,nalopaḥ prātipadikāntasya,नलोपः प्रातिपदिकान्तस्य,no
8.2.8,8,2,8,na NisambudDyoH,na ṅisambuddhyoḥ,न ङिसम्बुद्ध्योः,no
8.2.9,8,2,9,mAdupaDAyASca matorvo'yavAdiByaH,mādupadhāyāśca matorvo'yavādibhyaḥ,मादुपधायाश्च मतोर्वोऽयवादिभ्यः,no
8.2.10,8,2,10,JayaH,jhayaḥ,झयः,no
8.2.11,8,2,11,saMjYAyAm,saṃjñāyām,संज्ञायाम्,no
8.2.12,8,2,12,AsandIvadazWIvaccakrIvatkakzIvadrumaRvaccarmaRvatI,āsandīvadaṣṭhīvaccakrīvatkakṣīvadrumaṇvaccarmaṇvatī,आसन्दीवदष्ठीवच्चक्रीवत्कक्षीवद्रुमण्वच्चर्मण्वती,no
8.2.13,8,2,13,udanvAnudaDO ca,udanvānudadhau ca,उदन्वानुदधौ च,no
8.2.14,8,2,14,rAjanvAn sOrAjye,rājanvān saurājye,राजन्वान् सौराज्ये,no
8.2.15,8,2,15,CandasIraH,chandasīraḥ,छन्दसीरः,no
8.2.16,8,2,16,ano nuw,ano nuṭ,अनो नुट्,no
8.2.17,8,2,17,nAdGasya,nādghasya,नाद्घस्य,no
8.2.18,8,2,18,kfpo ro laH,kṛpo ro laḥ,कृपो रो लः,no
8.2.19,8,2,19,upasargasyAyatO,upasargasyāyatau,उपसर्गस्यायतौ,no
8.2.20,8,2,20,gro yaNi,gro yaṅi,ग्रो यङि,no
8.2.21,8,2,21,aci viBAzA,aci vibhāṣā,अचि विभाषा,no
8.2.22,8,2,22,pareSca GANkayoH,pareśca ghāṅkayoḥ,परेश्च घाङ्कयोः,no
8.2.23,8,2,23,saMyogAntasya lopaH,saṃyogāntasya lopaḥ,संयोगान्तस्य लोपः,no
8.2.24,8,2,24,rAtsasya,rātsasya,रात्सस्य,no
8.2.25,8,2,25,Di ca,dhi ca,धि च,no
8.2.26,8,2,26,Jalo Jali,jhalo jhali,झलो झलि,no
8.2.27,8,2,27,hrasvAdaNgAt,hrasvādaṅgāt,ह्रस्वादङ्गात्,no
8.2.28,8,2,28,iwa Iwi,iṭa īṭi,इट ईटि,no
8.2.29,8,2,29,skoH saMyogAdyorante ca,skoḥ saṃyogādyorante ca,स्कोः संयोगाद्योरन्ते च,no
8.2.30,8,2,30,coH kuH,coḥ kuḥ,चोः कुः,no
8.2.31,8,2,31,ho QaH,ho ḍhaḥ,हो ढः,no
8.2.32,8,2,32,dAderDAtorGaH,dāderdhātorghaḥ,दादेर्धातोर्घः,no
8.2.33,8,2,33,vA druhamuhazRuhazRihAm,vā druhamuhaṣṇuhaṣṇihām,वा द्रुहमुहष्णुहष्णिहाम्,no
8.2.34,8,2,34,naho DaH,naho dhaḥ,नहो धः,no
8.2.35,8,2,35,AhasTaH,āhasthaḥ,आहस्थः,no
8.2.36,8,2,36,vraScaBrasjasfjamfjayajarAjaBrAjacCaSAM zaH,vraścabhrasjasṛjamṛjayajarājabhrājacchaśāṃ ṣaḥ,व्रश्चभ्रस्जसृजमृजयजराजभ्राजच्छशां षः,no
8.2.37,8,2,37,ekAco baSo Baz Jazantasya sDvoH,ekāco baśo bhaṣ jhaṣantasya sdhvoḥ,एकाचो बशो भष् झषन्तस्य स्ध्वोः,no
8.2.38,8,2,38,daDastaToSca,dadhastathośca,दधस्तथोश्च,no
8.2.39,8,2,39,JalAM jaSo'nte,jhalāṃ jaśo'nte,झलां जशोऽन्ते,no
8.2.40,8,2,40,JazastaTorDo'DaH,jhaṣastathordho'dhaḥ,झषस्तथोर्धोऽधः,no
8.2.41,8,2,41,zaQoH kaH si,ṣaḍhoḥ kaḥ si,षढोः कः सि,no
8.2.42,8,2,42,radAByAM nizWAto naH pUrvasya ca daH,radābhyāṃ niṣṭhāto naḥ pūrvasya ca daḥ,रदाभ्यां निष्ठातो नः पूर्वस्य च दः,no
8.2.43,8,2,43,saMyogAderAto DAtoryaRvataH,saṃyogāderāto dhātoryaṇvataḥ,संयोगादेरातो धातोर्यण्वतः,no
8.2.44,8,2,44,lvAdiByaH,lvādibhyaḥ,ल्वादिभ्यः,no
8.2.45,8,2,45,oditaSca,oditaśca,ओदितश्च,no
8.2.46,8,2,46,kziyo dIrGAt,kṣiyo dīrghāt,क्षियो दीर्घात्,no
8.2.47,8,2,47,Syo'sparSe,śyo'sparśe,श्योऽस्पर्शे,no
8.2.48,8,2,48,aYco'napAdAne,añco'napādāne,अञ्चोऽनपादाने,no
8.2.49,8,2,49,divo'vijigIzAyAm,divo'vijigīṣāyām,दिवोऽविजिगीषायाम्,no
8.2.50,8,2,50,nirvARo'vAte,nirvāṇo'vāte,निर्वाणोऽवाते,no
8.2.51,8,2,51,SuzaH kaH,śuṣaḥ kaḥ,शुषः कः,no
8.2.52,8,2,52,paco vaH,paco vaḥ,पचो वः,no
8.2.53,8,2,53,kzAyo maH,kṣāyo maḥ,क्षायो मः,no
8.2.54,8,2,54,prastyo'nyatarasyAm,prastyo'nyatarasyām,प्रस्त्योऽन्यतरस्याम्,no
8.2.55,8,2,55,anupasargAt PullakzIbakfSollAGAH,anupasargāt phullakṣībakṛśollāghāḥ,अनुपसर्गात् फुल्लक्षीबकृशोल्लाघाः,no
8.2.56,8,2,56,nudavidondatrAGrAhrIByo'nyatarasyAm,nudavidondatrāghrāhrībhyo'nyatarasyām,नुदविदोन्दत्राघ्राह्रीभ्योऽन्यतरस्याम्,no
8.2.57,8,2,57,na DyAKyApFmUrCimadAm,na dhyākhyāpṝmūrchimadām,न ध्याख्यापॄमूर्छिमदाम्,no
8.2.58,8,2,58,vitto BogapratyayayoH,vitto bhogapratyayayoḥ,वित्तो भोगप्रत्यययोः,no
8.2.59,8,2,59,BittaM Sakalam,bhittaṃ śakalam,भित्तं शकलम्,no
8.2.60,8,2,60,fRamADamarRye,ṛṇamādhamarṇye,ऋणमाधमर्ण्ये,no
8.2.61,8,2,61,nasattanizattAnuttapratUrtasUrtagUrtAni Candasi,nasattaniṣattānuttapratūrtasūrtagūrtāni chandasi,नसत्तनिषत्तानुत्तप्रतूर्तसूर्तगूर्तानि छन्दसि,no
8.2.62,8,2,62,kvinpratyayasya kuH,kvinpratyayasya kuḥ,क्विन्प्रत्ययस्य कुः,no
8.2.63,8,2,63,naServA,naśervā,नशेर्वा,no
8.2.64,8,2,64,mo no DAtoH,mo no dhātoḥ,मो नो धातोः,no
8.2.65,8,2,65,mvoSca,mvośca,म्वोश्च,no
8.2.66,8,2,66,sasajuzo ruH,sasajuṣo ruḥ,ससजुषो रुः,no
8.2.67,8,2,67,avayAHSvetavAHpuroqASca,avayāḥśvetavāḥpuroḍāśca,अवयाःश्वेतवाःपुरोडाश्च,no
8.2.68,8,2,68,ahan,ahan,अहन्,no
8.2.69,8,2,69,ro'supi,ro'supi,रोऽसुपि,no
8.2.70,8,2,70,amnarUDaravarityuBayaTA Candasi,amnarūdharavarityubhayathā chandasi,अम्नरूधरवरित्युभयथा छन्दसि,no
8.2.71,8,2,71,BuvaSca mahAvyAhfteH,bhuvaśca mahāvyāhṛteḥ,भुवश्च महाव्याहृतेः,no
8.2.72,8,2,72,vasusraMsuDvaMsvanaquhAM daH,vasusraṃsudhvaṃsvanaḍuhāṃ daḥ,वसुस्रंसुध्वंस्वनडुहां दः,no
8.2.73,8,2,73,tipyanasteH,tipyanasteḥ,तिप्यनस्तेः,no
8.2.74,8,2,74,sipi DAto rurvA,sipi dhāto rurvā,सिपि धातो रुर्वा,no
8.2.75,8,2,75,daSca,daśca,दश्च,no
8.2.76,8,2,76,rvorupaDAyA dIrGa ikaH,rvorupadhāyā dīrgha ikaḥ,र्वोरुपधाया दीर्घ इकः,no
8.2.77,8,2,77,hali ca,hali ca,हलि च,no
8.2.78,8,2,78,upaDAyAM ca,upadhāyāṃ ca,उपधायां च,no
8.2.79,8,2,79,na BakurCurAm,na bhakurchurām,न भकुर्छुराम्,no
8.2.80,8,2,80,adaso'serdAdu do maH,adaso'serdādu do maḥ,अदसोऽसेर्दादु दो मः,no
8.2.81,8,2,81,eta Idbahuvacane,eta īdbahuvacane,एत ईद्बहुवचने,no
8.2.82,8,2,82,vAkyasya weH pluta udAttaH,vākyasya ṭeḥ pluta udāttaḥ,वाक्यस्य टेः प्लुत उदात्तः,no
8.2.83,8,2,83,pratyaBivAde'SUdre,pratyabhivāde'śūdre,प्रत्यभिवादेऽशूद्रे,no
8.2.84,8,2,84,dUrAdDUte ca,dūrāddhūte ca,दूराद्धूते च,no
8.2.85,8,2,85,hEheprayoge hEhayoH,haiheprayoge haihayoḥ,हैहेप्रयोगे हैहयोः,no
8.2.86,8,2,86,guroranfto'nantyasyApyekEkasya prAcAm,guroranṛto'nantyasyāpyekaikasya prācām,गुरोरनृतोऽनन्त्यस्याप्येकैकस्य प्राचाम्,no
8.2.87,8,2,87,omaByAdAne,omabhyādāne,ओमभ्यादाने,no
8.2.88,8,2,88,ye yajYakarmaRi,ye yajñakarmaṇi,ये यज्ञकर्मणि,no
8.2.89,8,2,89,praRavazweH,praṇavaṣṭeḥ,प्रणवष्टेः,no
8.2.90,8,2,90,yAjyA'ntaH,yājyā'ntaḥ,याज्याऽन्तः,no
8.2.91,8,2,91,brUhiprezyaSrOzaqvOzaqAvahAnAmAdeH,brūhipreṣyaśrauṣaḍvauṣaḍāvahānāmādeḥ,ब्रूहिप्रेष्यश्रौषड्वौषडावहानामादेः,no
8.2.92,8,2,92,agnItprezaRe parasya ca,agnītpreṣaṇe parasya ca,अग्नीत्प्रेषणे परस्य च,no
8.2.93,8,2,93,viBAzA pfzwaprativacane heH,vibhāṣā pṛṣṭaprativacane heḥ,विभाषा पृष्टप्रतिवचने हेः,no
8.2.94,8,2,94,nigfhyAnuyoge ca,nigṛhyānuyoge ca,निगृह्यानुयोगे च,no
8.2.95,8,2,95,AmreqitaM Bartsane,āmreḍitaṃ bhartsane,आम्रेडितं भर्त्सने,no
8.2.96,8,2,96,aNgayuktaM tiN AkANkzam,aṅgayuktaṃ tiṅ ākāṅkṣam,अङ्गयुक्तं तिङ् आकाङ्क्षम्,no
8.2.97,8,2,97,vicAryamARAnAm,vicāryamāṇānām,विचार्यमाणानाम्,no
8.2.98,8,2,98,pUrvaM tu BAzAyAm,pūrvaṃ tu bhāṣāyām,पूर्वं तु भाषायाम्,no
8.2.99,8,2,99,pratiSravaRe ca,pratiśravaṇe ca,प्रतिश्रवणे च,no
8.2.100,8,2,100,anudAttaM praSnAntABipUjitayoH,anudāttaṃ praśnāntābhipūjitayoḥ,अनुदात्तं प्रश्नान्ताभिपूजितयोः,no
8.2.101,8,2,101,ciditi copamA'rTe prayujyamAne,ciditi copamā'rthe prayujyamāne,चिदिति चोपमाऽर्थे प्रयुज्यमाने,no
8.2.102,8,2,102,uparisvidAsIditi ca,uparisvidāsīditi ca,उपरिस्विदासीदिति च,no
8.2.103,8,2,103,svaritamAmreqite'sUyAsammatikopakutsanezu,svaritamāmreḍite'sūyāsammatikopakutsaneṣu,स्वरितमाम्रेडितेऽसूयासम्मतिकोपकुत्सनेषु,no
8.2.104,8,2,104,kziyA''SIHprEzezu tiN AkANkzam,kṣiyā''śīḥpraiṣeṣu tiṅ ākāṅkṣam,क्षियाऽऽशीःप्रैषेषु तिङ् आकाङ्क्षम्,no
8.2.105,8,2,105,anantyasyApi praSnAKyAnayoH,anantyasyāpi praśnākhyānayoḥ,अनन्त्यस्यापि प्रश्नाख्यानयोः,no
8.2.106,8,2,106,plutAvEca idutO,plutāvaica idutau,प्लुतावैच इदुतौ,no
8.2.107,8,2,107,eco'pragfhyasyAdUrAdDUte pUrvasyArDasyAduttarasyedutO,eco'pragṛhyasyādūrāddhūte pūrvasyārdhasyāduttarasyedutau,एचोऽप्रगृह्यस्यादूराद्धूते पूर्वस्यार्धस्यादुत्तरस्येदुतौ,no
8.2.108,8,2,108,tayoryvAvaci saMhitAyAm,tayoryvāvaci saṃhitāyām,तयोर्य्वावचि संहितायाम्,no
8.3.1,8,3,1,matuvaso ru sambudDO Candasi,matuvaso ru sambuddhau chandasi,मतुवसो रु सम्बुद्धौ छन्दसि,no
8.3.2,8,3,2,atrAnunAsikaH pUrvasya tu vA,atrānunāsikaḥ pūrvasya tu vā,अत्रानुनासिकः पूर्वस्य तु वा,no
8.3.3,8,3,3,Ato'wi nityam,āto'ṭi nityam,आतोऽटि नित्यम्,no
8.3.4,8,3,4,anunAsikAt paro'nusvAraH,anunāsikāt paro'nusvāraḥ,अनुनासिकात् परोऽनुस्वारः,no
8.3.5,8,3,5,samaH suwi,samaḥ suṭi,समः सुटि,no
8.3.6,8,3,6,pumaH Kayyampare,pumaḥ khayyampare,पुमः खय्यम्परे,no
8.3.7,8,3,7,naSCavyapraSAn,naśchavyapraśān,नश्छव्यप्रशान्,no
8.3.8,8,3,8,uBayaTarkzu,ubhayatharkṣu,उभयथर्क्षु,no
8.3.9,8,3,9,dIrGAdawi samAnapAde,dīrghādaṭi samānapāde,दीर्घादटि समानपादे,no
8.3.10,8,3,10,nFn pe,nṝn pe,नॄन् पे,no
8.3.11,8,3,11,svatavAn pAyO,svatavān pāyau,स्वतवान् पायौ,no
8.3.12,8,3,12,kAnAmreqite,kānāmreḍite,कानाम्रेडिते,no
8.3.13,8,3,13,Qo Qe lopaH,ḍho ḍhe lopaḥ,ढो ढे लोपः,no
8.3.14,8,3,14,ro ri,ro ri,रो रि,no
8.3.15,8,3,15,KaravasAnayorvisarjanIyaH,kharavasānayorvisarjanīyaḥ,खरवसानयोर्विसर्जनीयः,no
8.3.16,8,3,16,roH supi,roḥ supi,रोः सुपि,no
8.3.17,8,3,17,BoBagoaGoapUrvasya yo'Si,bhobhagoaghoapūrvasya yo'śi,भोभगोअघोअपूर्वस्य योऽशि,no
8.3.18,8,3,18,vyorlaGuprayatnataraH SAkawAyanasya,vyorlaghuprayatnataraḥ śākaṭāyanasya,व्योर्लघुप्रयत्नतरः शाकटायनस्य,no
8.3.19,8,3,19,lopaH SAkalyasya,lopaḥ śākalyasya,लोपः शाकल्यस्य,no
8.3.20,8,3,20,oto gArgyasya,oto gārgyasya,ओतो गार्ग्यस्य,no
8.3.21,8,3,21,uYi ca pade,uñi ca pade,उञि च पदे,no
8.3.22,8,3,22,hali sarvezAm,hali sarveṣām,हलि सर्वेषाम्,no
8.3.23,8,3,23,mo'nusvAraH,mo'nusvāraḥ,मोऽनुस्वारः,no
8.3.24,8,3,24,naScApadAntasya Jali,naścāpadāntasya jhali,नश्चापदान्तस्य झलि,no
8.3.25,8,3,25,mo rAji samaH kvO,mo rāji samaḥ kvau,मो राजि समः क्वौ,no
8.3.26,8,3,26,he mapare vA,he mapare vā,हे मपरे वा,no
8.3.27,8,3,27,napare naH,napare naḥ,नपरे नः,no
8.3.28,8,3,28,NRoH kukwuk Sari,ṅṇoḥ kukṭuk śari,ङ्णोः कुक्टुक् शरि,no
8.3.29,8,3,29,qaH si Duw,ḍaḥ si dhuṭ,डः सि धुट्,no
8.3.30,8,3,30,naSca,naśca,नश्च,no
8.3.31,8,3,31,Si tuk,śi tuk,शि तुक्,no
8.3.32,8,3,32,Namo hrasvAdaci NamuRnityam,ṅamo hrasvādaci ṅamuṇnityam,ङमो ह्रस्वादचि ङमुण्नित्यम्,no
8.3.33,8,3,33,maya uYo vo vA,maya uño vo vā,मय उञो वो वा,no
8.3.34,8,3,34,visarjanIyasya saH,visarjanīyasya saḥ,विसर्जनीयस्य सः,no
8.3.35,8,3,35,Sarpare visarjanIyaH,śarpare visarjanīyaḥ,शर्परे विसर्जनीयः,no
8.3.36,8,3,36,vA Sari,vā śari,वा शरि,no
8.3.37,8,3,37,kupvoH â‰kaâ‰pO ca,kupvoḥ â‰kaâ‰pau ca,कुप्वोः â‰कâ‰पौ च,no
8.3.38,8,3,38,so'padAdO,so'padādau,सोऽपदादौ,no
8.3.39,8,3,39,iRaH zaH,iṇaḥ ṣaḥ,इणः षः,no
8.3.40,8,3,40,namaspurasorgatyoH,namaspurasorgatyoḥ,नमस्पुरसोर्गत्योः,no
8.3.41,8,3,41,idudupaDasya cApratyayasya,idudupadhasya cāpratyayasya,इदुदुपधस्य चाप्रत्ययस्य,no
8.3.42,8,3,42,tiraso'nyatarasyAm,tiraso'nyatarasyām,तिरसोऽन्यतरस्याम्,no
8.3.43,8,3,43,dvistriScaturiti kftvo'rTe,dvistriścaturiti kṛtvo'rthe,द्विस्त्रिश्चतुरिति कृत्वोऽर्थे,no
8.3.44,8,3,44,isusoH sAmarTye,isusoḥ sāmarthye,इसुसोः सामर्थ्ये,no
8.3.45,8,3,45,nityaM samAse'nuttarapadasTasya,nityaṃ samāse'nuttarapadasthasya,नित्यं समासेऽनुत्तरपदस्थस्य,no
8.3.46,8,3,46,ataH kfkamikaMsakumBapAtrakuSAkarRIzvanavyayasya,ataḥ kṛkamikaṃsakumbhapātrakuśākarṇīṣvanavyayasya,अतः कृकमिकंसकुम्भपात्रकुशाकर्णीष्वनव्ययस्य,no
8.3.47,8,3,47,aDaHSirasI pade,adhaḥśirasī pade,अधःशिरसी पदे,no
8.3.48,8,3,48,kaskAdizu ca,kaskādiṣu ca,कस्कादिषु च,no
8.3.49,8,3,49,Candasi vA'prAmreqitayoH,chandasi vā'prāmreḍitayoḥ,छन्दसि वाऽप्राम्रेडितयोः,no
8.3.50,8,3,50,kaHkaratkaratikfDikftezvanaditeH,kaḥkaratkaratikṛdhikṛteṣvanaditeḥ,कःकरत्करतिकृधिकृतेष्वनदितेः,no
8.3.51,8,3,51,paYcamyAH parAvaDyarTe,pañcamyāḥ parāvadhyarthe,पञ्चम्याः परावध्यर्थे,no
8.3.52,8,3,52,pAtO ca bahulam,pātau ca bahulam,पातौ च बहुलम्,no
8.3.53,8,3,53,zazWyAH patiputrapfzWapArapadapayaspozezu,ṣaṣṭhyāḥ patiputrapṛṣṭhapārapadapayaspoṣeṣu,षष्ठ्याः पतिपुत्रपृष्ठपारपदपयस्पोषेषु,no
8.3.54,8,3,54,iqAyA vA,iḍāyā vā,इडाया वा,no
8.3.55,8,3,55,apadAntasya mUrDanyaH,apadāntasya mūrdhanyaḥ,अपदान्तस्य मूर्धन्यः,no
8.3.56,8,3,56,saheH sAqaH saH,saheḥ sāḍaḥ saḥ,सहेः साडः सः,no
8.3.57,8,3,57,iRkoH,iṇkoḥ,इण्कोः,no
8.3.58,8,3,58,numvisarjanIyaSarvyavAye'pi,numvisarjanīyaśarvyavāye'pi,नुम्विसर्जनीयशर्व्यवायेऽपि,no
8.3.59,8,3,59,AdeSapratyayayoH,ādeśapratyayayoḥ,आदेशप्रत्यययोः,no
8.3.60,8,3,60,SAsivasiGasInAM ca,śāsivasighasīnāṃ ca,शासिवसिघसीनां च,no
8.3.61,8,3,61,stOtiRyoreva zaRyaByAsAt,stautiṇyoreva ṣaṇyabhyāsāt,स्तौतिण्योरेव षण्यभ्यासात्,no
8.3.62,8,3,62,saH svidisvadisahInAM ca,saḥ svidisvadisahīnāṃ ca,सः स्विदिस्वदिसहीनां च,no
8.3.63,8,3,63,prAksitAdaqvyavAye'pi,prāksitādaḍvyavāye'pi,प्राक्सितादड्व्यवायेऽपि,no
8.3.64,8,3,64,sTA''dizvaByAsena cAByAsasya,sthā''diṣvabhyāsena cābhyāsasya,स्थाऽऽदिष्वभ्यासेन चाभ्यासस्य,no
8.3.65,8,3,65,upasargAt sunotisuvatisyatistOtistoBatisTAsenayaseDasicasaYjasvaYjAm,upasargāt sunotisuvatisyatistautistobhatisthāsenayasedhasicasañjasvañjām,उपसर्गात् सुनोतिसुवतिस्यतिस्तौतिस्तोभतिस्थासेनयसेधसिचसञ्जस्वञ्जाम्,no
8.3.66,8,3,66,sadiraprateH,sadiraprateḥ,सदिरप्रतेः,no
8.3.67,8,3,67,stamBeH,stambheḥ,स्तम्भेः,no
8.3.68,8,3,68,avAccAlambanAvidUryayoH,avāccālambanāvidūryayoḥ,अवाच्चालम्बनाविदूर्ययोः,no
8.3.69,8,3,69,veSca svano Bojane,veśca svano bhojane,वेश्च स्वनो भोजने,no
8.3.70,8,3,70,pariniviByaH sevasitasayasivusahasuwstusvaYjAm,parinivibhyaḥ sevasitasayasivusahasuṭstusvañjām,परिनिविभ्यः सेवसितसयसिवुसहसुट्स्तुस्वञ्जाम्,no
8.3.71,8,3,71,sivAdInAM vA'qvyavAye'pi,sivādīnāṃ vā'ḍvyavāye'pi,सिवादीनां वाऽड्व्यवायेऽपि,no
8.3.72,8,3,72,anuviparyaBiniByaH syandateraprARizu,anuviparyabhinibhyaḥ syandateraprāṇiṣu,अनुविपर्यभिनिभ्यः स्यन्दतेरप्राणिषु,no
8.3.73,8,3,73,veH skanderanizWAyAm,veḥ skanderaniṣṭhāyām,वेः स्कन्देरनिष्ठायाम्,no
8.3.74,8,3,74,pareSca,pareśca,परेश्च,no
8.3.75,8,3,75,pariskandaH prAcyaBaratezu,pariskandaḥ prācyabharateṣu,परिस्कन्दः प्राच्यभरतेषु,no
8.3.76,8,3,76,sPuratisPulatyornirniviByaH,sphuratisphulatyornirnivibhyaḥ,स्फुरतिस्फुलत्योर्निर्निविभ्यः,no
8.3.77,8,3,77,veH skaBnAternityam,veḥ skabhnāternityam,वेः स्कभ्नातेर्नित्यम्,no
8.3.78,8,3,78,iRaH zIDvaMluNliwAM Do'NgAt,iṇaḥ ṣīdhvaṃluṅliṭāṃ dho'ṅgāt,इणः षीध्वंलुङ्लिटां धोऽङ्गात्,no
8.3.79,8,3,79,viBAzewaH,vibhāṣeṭaḥ,विभाषेटः,no
8.3.80,8,3,80,samAse'NguleH saNgaH,samāse'ṅguleḥ saṅgaḥ,समासेऽङ्गुलेः सङ्गः,no
8.3.81,8,3,81,BIroH sTAnam,bhīroḥ sthānam,भीरोः स्थानम्,no
8.3.82,8,3,82,agneH stutstomasomAH,agneḥ stutstomasomāḥ,अग्नेः स्तुत्स्तोमसोमाः,no
8.3.83,8,3,83,jyotirAyuzaH stomaH,jyotirāyuṣaḥ stomaḥ,ज्योतिरायुषः स्तोमः,no
8.3.84,8,3,84,mAtfpitfByAM svasA,mātṛpitṛbhyāṃ svasā,मातृपितृभ्यां स्वसा,no
8.3.85,8,3,85,mAtuHpiturByAmanyatarasyAm,mātuḥpiturbhyāmanyatarasyām,मातुःपितुर्भ्यामन्यतरस्याम्,no
8.3.86,8,3,86,aBinisaH stanaH SabdasaMjYAyAm,abhinisaḥ stanaḥ śabdasaṃjñāyām,अभिनिसः स्तनः शब्दसंज्ञायाम्,no
8.3.87,8,3,87,upasargaprAdurByAmastiryacparaH,upasargaprādurbhyāmastiryacparaḥ,उपसर्गप्रादुर्भ्यामस्तिर्यच्परः,no
8.3.88,8,3,88,suvinirdurByaH supisUtisamAH,suvinirdurbhyaḥ supisūtisamāḥ,सुविनिर्दुर्भ्यः सुपिसूतिसमाः,no
8.3.89,8,3,89,ninadIByAM snAteH kOSale,ninadībhyāṃ snāteḥ kauśale,निनदीभ्यां स्नातेः कौशले,no
8.3.90,8,3,90,sUtraM pratizRAtam,sūtraṃ pratiṣṇātam,सूत्रं प्रतिष्णातम्,no
8.3.91,8,3,91,kapizWalo gotre,kapiṣṭhalo gotre,कपिष्ठलो गोत्रे,no
8.3.92,8,3,92,prazWo'gragAmini,praṣṭho'gragāmini,प्रष्ठोऽग्रगामिनि,no
8.3.93,8,3,93,vfkzAsanayorvizwaraH,vṛkṣāsanayorviṣṭaraḥ,वृक्षासनयोर्विष्टरः,no
8.3.94,8,3,94,CandonAmni ca,chandonāmni ca,छन्दोनाम्नि च,no
8.3.95,8,3,95,gaviyuDiByAM sTiraH,gaviyudhibhyāṃ sthiraḥ,गवियुधिभ्यां स्थिरः,no
8.3.96,8,3,96,vikuSamipariByaH sTalam,vikuśamiparibhyaḥ sthalam,विकुशमिपरिभ्यः स्थलम्,no
8.3.97,8,3,97,ambAmbagoBUmisavyApadvitrikuSekuSaNkvaNgumaYjipuYjiparamebarhirdivyagniByaH sTaH,ambāmbagobhūmisavyāpadvitrikuśekuśaṅkvaṅgumañjipuñjiparamebarhirdivyagnibhyaḥ sthaḥ,अम्बाम्बगोभूमिसव्यापद्वित्रिकुशेकुशङ्क्वङ्गुमञ्जिपुञ्जिपरमेबर्हिर्दिव्यग्निभ्यः स्थः,no
8.3.98,8,3,98,suzAmAdizu ca,suṣāmādiṣu ca,सुषामादिषु च,no
8.3.99,8,3,99,eti saMjYAyAmagAt,eti saṃjñāyāmagāt,एति संज्ञायामगात्,no
8.3.100,8,3,100,nakzatrAdvA,nakṣatrādvā,नक्षत्राद्वा,no
8.3.101,8,3,101,hrasvAt tAdO tadDite,hrasvāt tādau taddhite,ह्रस्वात् तादौ तद्धिते,no
8.3.102,8,3,102,nisastapatAvanAsevane,nisastapatāvanāsevane,निसस्तपतावनासेवने,no
8.3.103,8,3,103,yuzmattattatakzuHzvantaHpAdam,yuṣmattattatakṣuḥṣvantaḥpādam,युष्मत्तत्ततक्षुःष्वन्तःपादम्,no
8.3.104,8,3,104,yajuzyekezAm,yajuṣyekeṣām,यजुष्येकेषाम्,no
8.3.105,8,3,105,stutastomayoSCandasi,stutastomayośchandasi,स्तुतस्तोमयोश्छन्दसि,no
8.3.106,8,3,106,pUrvapadAt,pūrvapadāt,पूर्वपदात्,no
8.3.107,8,3,107,suYaH,suñaḥ,सुञः,no
8.3.108,8,3,108,sanoteranaH,sanoteranaḥ,सनोतेरनः,no
8.3.109,8,3,109,saheH pftanartAByAM ca,saheḥ pṛtanartābhyāṃ ca,सहेः पृतनर्ताभ्यां च,no
8.3.110,8,3,110,na raparasfpisfjispfSispfhisavanAdInAm,na raparasṛpisṛjispṛśispṛhisavanādīnām,न रपरसृपिसृजिस्पृशिस्पृहिसवनादीनाम्,no
8.3.111,8,3,111,sAtpadAdyoH,sātpadādyoḥ,सात्पदाद्योः,no
8.3.112,8,3,112,sico yaNi,sico yaṅi,सिचो यङि,no
8.3.113,8,3,113,seDatergatO,sedhatergatau,सेधतेर्गतौ,no
8.3.114,8,3,114,pratistabDanistabDO ca,pratistabdhanistabdhau ca,प्रतिस्तब्धनिस्तब्धौ च,no
8.3.115,8,3,115,soQaH,soḍhaḥ,सोढः,no
8.3.116,8,3,116,stamBusivusahAM caNi,stambhusivusahāṃ caṅi,स्तम्भुसिवुसहां चङि,no
8.3.117,8,3,117,sunoteH syasanoH,sunoteḥ syasanoḥ,सुनोतेः स्यसनोः,no
8.3.118,8,3,118,sadeH parasya liwi,sadeḥ parasya liṭi,सदेः परस्य लिटि,no
8.3.119,8,3,119,nivyaBiByo'qvyavAye vA Candasi,nivyabhibhyo'ḍvyavāye vā chandasi,निव्यभिभ्योऽड्व्यवाये वा छन्दसि,no
8.4.1,8,4,1,razAByAM no RaH samAnapade,raṣābhyāṃ no ṇaḥ samānapade,रषाभ्यां नो णः समानपदे,no
8.4.2,8,4,2,awkupvANnumvyavAye'pi,aṭkupvāṅnumvyavāye'pi,अट्कुप्वाङ्नुम्व्यवायेऽपि,no
8.4.3,8,4,3,pUrvapadAt saMjYAyAmagaH,pūrvapadāt saṃjñāyāmagaḥ,पूर्वपदात् संज्ञायामगः,no
8.4.4,8,4,4,vanaM puragAmiSrakAsiDrakASArikAkowarA'greByaH,vanaṃ puragāmiśrakāsidhrakāśārikākoṭarā'grebhyaḥ,वनं पुरगामिश्रकासिध्रकाशारिकाकोटराऽग्रेभ्यः,no
8.4.5,8,4,5,pranirantaHSarekzuplakzAmrakArzyaKadirapIyUkzAByo'saMjYAyAmapi,pranirantaḥśarekṣuplakṣāmrakārṣyakhadirapīyūkṣābhyo'saṃjñāyāmapi,प्रनिरन्तःशरेक्षुप्लक्षाम्रकार्ष्यखदिरपीयूक्षाभ्योऽसंज्ञायामपि,no
8.4.6,8,4,6,viBAzOzaDivanaspatiByaH,vibhāṣauṣadhivanaspatibhyaḥ,विभाषौषधिवनस्पतिभ्यः,no
8.4.7,8,4,7,ahno'dantAt,ahno'dantāt,अह्नोऽदन्तात्,no
8.4.8,8,4,8,vAhanamAhitAt,vāhanamāhitāt,वाहनमाहितात्,no
8.4.9,8,4,9,pAnaM deSe,pānaṃ deśe,पानं देशे,no
8.4.10,8,4,10,vA BAvakaraRayoH,vā bhāvakaraṇayoḥ,वा भावकरणयोः,no
8.4.11,8,4,11,prAtipadikAntanumviBaktizu ca,prātipadikāntanumvibhaktiṣu ca,प्रातिपदिकान्तनुम्विभक्तिषु च,no
8.4.12,8,4,12,ekAjuttarapade RaH,ekājuttarapade ṇaḥ,एकाजुत्तरपदे णः,no
8.4.13,8,4,13,kumati ca,kumati ca,कुमति च,no
8.4.14,8,4,14,upasargAdasamAse'pi RopadeSasya,upasargādasamāse'pi ṇopadeśasya,उपसर्गादसमासेऽपि णोपदेशस्य,no
8.4.15,8,4,15,hinumInA,hinumīnā,हिनुमीना,no
8.4.16,8,4,16,Ani low,āni loṭ,आनि लोट्,no
8.4.17,8,4,17,nergadanadapatapadaGumAsyatihantiyAtivAtidrAtipsAtivapativahatiSAmyaticinotidegDizu ca,nergadanadapatapadaghumāsyatihantiyātivātidrātipsātivapativahatiśāmyaticinotidegdhiṣu ca,नेर्गदनदपतपदघुमास्यतिहन्तियातिवातिद्रातिप्सातिवपतिवहतिशाम्यतिचिनोतिदेग्धिषु च,no
8.4.18,8,4,18,Seze viBAzA'kaKAdAvazAnta upadeSe,śeṣe vibhāṣā'kakhādāvaṣānta upadeśe,शेषे विभाषाऽकखादावषान्त उपदेशे,no
8.4.19,8,4,19,aniteH,aniteḥ,अनितेः,no
8.4.20,8,4,20,antaH,antaḥ,अन्तः,no
8.4.21,8,4,21,uBO sAByAsasya,ubhau sābhyāsasya,उभौ साभ्यासस्य,no
8.4.22,8,4,22,hanteratpUrvasya,hanteratpūrvasya,हन्तेरत्पूर्वस्य,no
8.4.23,8,4,23,vamorvA,vamorvā,वमोर्वा,no
8.4.24,8,4,24,antaradeSe,antaradeśe,अन्तरदेशे,no
8.4.25,8,4,25,ayanaM ca,ayanaṃ ca,अयनं च,no
8.4.26,8,4,26,CandasyfdavagrahAt,chandasyṛdavagrahāt,छन्दस्यृदवग्रहात्,no
8.4.27,8,4,27,naSca DAtusToruzuByaH,naśca dhātusthoruṣubhyaḥ,नश्च धातुस्थोरुषुभ्यः,no
8.4.28,8,4,28,upasargAd bahulam,upasargād bahulam,उपसर्गाद् बहुलम्,no
8.4.29,8,4,29,kftyacaH,kṛtyacaḥ,कृत्यचः,no
8.4.30,8,4,30,RerviBAzA,ṇervibhāṣā,णेर्विभाषा,no
8.4.31,8,4,31,halaSca ijupaDAt,halaśca ijupadhāt,हलश्च इजुपधात्,no
8.4.32,8,4,32,ijAdeH sanumaH,ijādeḥ sanumaḥ,इजादेः सनुमः,no
8.4.33,8,4,33,vA niMsanikzanindAm,vā niṃsanikṣanindām,वा निंसनिक्षनिन्दाम्,no
8.4.34,8,4,34,na BABUpUkamigamipyAyIvepAm,na bhābhūpūkamigamipyāyīvepām,न भाभूपूकमिगमिप्यायीवेपाम्,no
8.4.35,8,4,35,zAt padAntAt,ṣāt padāntāt,षात् पदान्तात्,no
8.4.36,8,4,36,naSeH zAntasya,naśeḥ ṣāntasya,नशेः षान्तस्य,no
8.4.37,8,4,37,padAntasya,padāntasya,पदान्तस्य,no
8.4.38,8,4,38,padavyavAye'pi,padavyavāye'pi,पदव्यवायेऽपि,no
8.4.39,8,4,39,kzuBnA''dizu ca,kṣubhnā''diṣu ca,क्षुभ्नाऽऽदिषु च,no
8.4.40,8,4,40,stoH ScunA ScuH,stoḥ ścunā ścuḥ,स्तोः श्चुना श्चुः,no
8.4.41,8,4,41,zwunA zwuH,ṣṭunā ṣṭuḥ,ष्टुना ष्टुः,no
8.4.42,8,4,42,na padAntAwworanAm,na padāntāṭṭoranām,न पदान्ताट्टोरनाम्,no
8.4.43,8,4,43,toH zi,toḥ ṣi,तोः षि,no
8.4.44,8,4,44,SAt,śāt,शात्,no
8.4.45,8,4,45,yaro'nunAsike'nunAsiko vA,yaro'nunāsike'nunāsiko vā,यरोऽनुनासिकेऽनुनासिको वा,no
8.4.46,8,4,46,aco rahAByAM dve,aco rahābhyāṃ dve,अचो रहाभ्यां द्वे,no
8.4.47,8,4,47,anaci ca,anaci ca,अनचि च,no
8.4.48,8,4,48,nAdinyAkroSe putrasya,nādinyākrośe putrasya,नादिन्याक्रोशे पुत्रस्य,no
8.4.49,8,4,49,Saro'ci,śaro'ci,शरोऽचि,no
8.4.50,8,4,50,tripraBftizu SAkawAyanasya,triprabhṛtiṣu śākaṭāyanasya,त्रिप्रभृतिषु शाकटायनस्य,no
8.4.51,8,4,51,sarvatra SAkalyasya,sarvatra śākalyasya,सर्वत्र शाकल्यस्य,no
8.4.52,8,4,52,dIrGAdAcAryARAm,dīrghādācāryāṇām,दीर्घादाचार्याणाम्,no
8.4.53,8,4,53,JalAM jaS JaSi,jhalāṃ jaś jhaśi,झलां जश् झशि,no
8.4.54,8,4,54,aByAse carca,abhyāse carca,अभ्यासे चर्च,no
8.4.55,8,4,55,Kari ca,khari ca,खरि च,no
8.4.56,8,4,56,vA'vasAne,vā'vasāne,वाऽवसाने,no
8.4.57,8,4,57,aRo'pragfhyasyAnunAsikaH,aṇo'pragṛhyasyānunāsikaḥ,अणोऽप्रगृह्यस्यानुनासिकः,no
8.4.58,8,4,58,anusvArasya yayi parasavarRaH,anusvārasya yayi parasavarṇaḥ,अनुस्वारस्य ययि परसवर्णः,no
8.4.59,8,4,59,vA padAntasya,vā padāntasya,वा पदान्तस्य,no
8.4.60,8,4,60,torli,torli,तोर्लि,no
8.4.61,8,4,61,udaH sTAstamBoH pUrvasya,udaḥ sthāstambhoḥ pūrvasya,उदः स्थास्तम्भोः पूर्वस्य,no
8.4.62,8,4,62,Jayo ho'nyatarasyAm,jhayo ho'nyatarasyām,झयो होऽन्यतरस्याम्,no
8.4.63,8,4,63,SaSCo'wi,śaścho'ṭi,शश्छोऽटि,no
8.4.64,8,4,64,halo yamAM yami lopaH,halo yamāṃ yami lopaḥ,हलो यमां यमि लोपः,no
8.4.65,8,4,65,Jaro Jari savarRe,jharo jhari savarṇe,झरो झरि सवर्णे,no
8.4.66,8,4,66,udAttAdanudAttasya svaritaH,udāttādanudāttasya svaritaḥ,उदात्तादनुदात्तस्य स्वरितः,no
8.4.67,8,4,67,nodAttasvaritodayamagArgyakASyapagAlavAnAm,nodāttasvaritodayamagārgyakāśyapagālavānām,नोदात्तस्वरितोदयमगार्ग्यकाश्यपगालवानाम्,no
8.4.68,8,4,68,a a,a a,अ अ,no
