code,gana,gana_name,dhatu_slp1,dhatu_iast,dhatu_deva,artha_slp1,artha_iast,artha_deva
01.0001,1,bhvādi,BU,bhū,भू,sattAyAm,sattāyām,सत्तायाम्
01.0002,1,bhvādi,eDa~\,edha,एध,vfdDO,vṛddhau,वृद्धौ
01.0003,1,bhvādi,sparDa~\,spardha,स्पर्ध,saNGarze,saṅgharṣe,सङ्घर्षे
01.0004,1,bhvādi,gADf~\,gādhṛ,गाधृ,pratizWAlipsayorgranTe ca,pratiṣṭhālipsayorgranthe ca,प्रतिष्ठालिप्सयोर्ग्रन्थे च
01.0005,1,bhvādi,bADf~\,bādhṛ,बाधृ,"loqane, rowane",loḍane roṭane,"लोडने, रोटने"
01.0006,1,bhvādi,nADf~\,nādhṛ,नाधृ,yAcYopatApESvaryASIzzu,yācñopatāpaiśvaryāśīṣṣu,याच्ञोपतापैश्वर्याशीष्षु
01.0007,1,bhvādi,nATf~\,nāthṛ,नाथृ,yAcYopatApESvaryASIzzu,yācñopatāpaiśvaryāśīṣṣu,याच्ञोपतापैश्वर्याशीष्षु
01.0008,1,bhvādi,daDa~\,dadha,दध,DAraRe,dhāraṇe,धारणे
01.0009,1,bhvādi,skudi~\,skudi,स्कुदि,ApravaRe,āpravaṇe,आप्रवणे
01.0010,1,bhvādi,Svidi~\,śvidi,श्विदि,SvEtye,śvaitye,श्वैत्ये
01.0011,1,bhvādi,vadi~\,vadi,वदि,aBivAdanastutyoH,abhivādanastutyoḥ,अभिवादनस्तुत्योः
01.0012,1,bhvādi,Badi~\,bhadi,भदि,kalyARe suKe ca,kalyāṇe sukhe ca,कल्याणे सुखे च
01.0013,1,bhvādi,madi~\,madi,मदि,stutimodamadasvapnakAntigatizu,stutimodamadasvapnakāntigatiṣu,स्तुतिमोदमदस्वप्नकान्तिगतिषु
01.0014,1,bhvādi,spadi~\,spadi,स्पदि,kiYciccalane,kiñciccalane,किञ्चिच्चलने
01.0015,1,bhvādi,klidi~\,klidi,क्लिदि,paridevane,paridevane,परिदेवने
01.0016,1,bhvādi,muda~\,muda,मुद,harze,harṣe,हर्षे
01.0017,1,bhvādi,dada~\,dada,दद,dAne,dāne,दाने
01.0018,1,bhvādi,zvada~\,ṣvada,ष्वद,AsvAdane,āsvādane,आस्वादने
01.0019,1,bhvādi,svarda~\,svarda,स्वर्द,AsvAdane,āsvādane,आस्वादने
01.0020,1,bhvādi,urda~\,urda,उर्द,mAne krIqAyAM AsvAdane ca,māne krīḍāyāṃ āsvādane ca,माने क्रीडायां आस्वादने च
01.0021,1,bhvādi,kurda~\,kurda,कुर्द,krIqAyAm eva,krīḍāyām eva,क्रीडायाम् एव
01.0022,1,bhvādi,Kurda~\,khurda,खुर्द,krIqAyAm eva,krīḍāyām eva,क्रीडायाम् एव
01.0023,1,bhvādi,gurda~\,gurda,गुर्द,krIqAyAm eva,krīḍāyām eva,क्रीडायाम् एव
01.0024,1,bhvādi,guda~\,guda,गुद,krIqAyAm eva,krīḍāyām eva,क्रीडायाम् एव
01.0025,1,bhvādi,zUda~\,ṣūda,षूद,kzaraRe,kṣaraṇe,क्षरणे
01.0026,1,bhvādi,hrAda~\,hrāda,ह्राद,avyakte Sabde,avyakte śabde,अव्यक्ते शब्दे
01.0027,1,bhvādi,hlAdI~\,hlādī,ह्लादी,avyakte Sabde suKe ca,avyakte śabde sukhe ca,अव्यक्ते शब्दे सुखे च
01.0028,1,bhvādi,svAda~\,svāda,स्वाद,AsvAdane,āsvādane,आस्वादने
01.0029,1,bhvādi,parda~\,parda,पर्द,kutsite Sabde,kutsite śabde,कुत्सिते शब्दे
01.0030,1,bhvādi,yatI~\,yatī,यती,prayatne,prayatne,प्रयत्ने
01.0031,1,bhvādi,yutf~\,yutṛ,युतृ,BAsane,bhāsane,भासने
01.0032,1,bhvādi,jutf~\,jutṛ,जुतृ,BAsane,bhāsane,भासने
01.0033,1,bhvādi,viTf~\,vithṛ,विथृ,yAcane,yācane,याचने
01.0034,1,bhvādi,veTf~\,vethṛ,वेथृ,yAcane,yācane,याचने
01.0035,1,bhvādi,SraTi~\,śrathi,श्रथि,SETilye,śaithilye,शैथिल्ये
01.0036,1,bhvādi,graTi~\,grathi,ग्रथि,kOwilye,kauṭilye,कौटिल्ये
01.0037,1,bhvādi,katTa~\,kattha,कत्थ,SlAGAyAm,ślāghāyām,श्लाघायाम्
01.0038,1,bhvādi,ata~,ata,अत,sAtatyagamane,sātatyagamane,सातत्यगमने
01.0039,1,bhvādi,citI~,citī,चिती,saMjYAne,saṃjñāne,संज्ञाने
01.0040,1,bhvādi,cyuti~r,cyutir,च्युतिर्,Asecane,āsecane,आसेचने
01.0041,1,bhvādi,Scuti~r,ścutir,श्चुतिर्,Asecane,āsecane,आसेचने
01.0042,1,bhvādi,Scyuti~r,ścyutir,श्च्युतिर्,kzaraRe,kṣaraṇe,क्षरणे
01.0043,1,bhvādi,jyutf~,jyutṛ,ज्युतृ,BAsane,bhāsane,भासने
01.0044,1,bhvādi,maTi~,mathi,मथि,hiMsAsaNkleSanayoH,hiṃsāsaṅkleśanayoḥ,हिंसासङ्क्लेशनयोः
01.0045,1,bhvādi,kuTi~,kuthi,कुथि,hiMsAsaNkleSanayoH,hiṃsāsaṅkleśanayoḥ,हिंसासङ्क्लेशनयोः
01.0046,1,bhvādi,puTi~,puthi,पुथि,hiMsAsaNkleSanayoH,hiṃsāsaṅkleśanayoḥ,हिंसासङ्क्लेशनयोः
01.0047,1,bhvādi,luTi~,luthi,लुथि,hiMsAsaNkleSanayoH,hiṃsāsaṅkleśanayoḥ,हिंसासङ्क्लेशनयोः
01.0048,1,bhvādi,manTa~,mantha,मन्थ,viloqane,viloḍane,विलोडने
01.0049,1,bhvādi,ziDa~,ṣidha,षिध,gatyAm,gatyām,गत्याम्
01.0050,1,bhvādi,ziDU~,ṣidhū,षिधू,SAstre (SAsane) mANgalye ca,śāstre śāsane māṅgalye ca,शास्त्रे (शासने) माङ्गल्ये च
01.0051,1,bhvādi,KAdf~,khādṛ,खादृ,BakzaRe,bhakṣaṇe,भक्षणे
01.0052,1,bhvādi,Kada~,khada,खद,sTErye hiMsAyAM BakzaRe ca,sthairye hiṃsāyāṃ bhakṣaṇe ca,स्थैर्ये हिंसायां भक्षणे च
01.0053,1,bhvādi,bada~,bada,बद,sTErye,sthairye,स्थैर्ये
01.0054,1,bhvādi,gada~,gada,गद,vyaktAyAM vAci,vyaktāyāṃ vāci,व्यक्तायां वाचि
01.0055,1,bhvādi,rada~,rada,रद,vileKane,vilekhane,विलेखने
01.0056,1,bhvādi,Rada~,ṇada,णद,avyakte Sabde,avyakte śabde,अव्यक्ते शब्दे
01.0057,1,bhvādi,arda~,arda,अर्द,gatO yAcane ca,gatau yācane ca,गतौ याचने च
01.0058,1,bhvādi,narda~,narda,नर्द,Sabde,śabde,शब्दे
01.0059,1,bhvādi,garda~,garda,गर्द,Sabde,śabde,शब्दे
01.0060,1,bhvādi,tarda~,tarda,तर्द,hiMsAyAm,hiṃsāyām,हिंसायाम्
01.0061,1,bhvādi,karda~,karda,कर्द,kutsite Sabde,kutsite śabde,कुत्सिते शब्दे
01.0062,1,bhvādi,Karda~,kharda,खर्द,dandaSUke (sarpadaMSe),dandaśūke sarpadaṃśe,दन्दशूके (सर्पदंशे)
01.0063,1,bhvādi,ati~,ati,अति,banDane,bandhane,बन्धने
01.0064,1,bhvādi,adi~,adi,अदि,banDane,bandhane,बन्धने
01.0065,1,bhvādi,idi~,idi,इदि,paramESvarye,paramaiśvarye,परमैश्वर्ये
01.0066,1,bhvādi,bidi~,bidi,बिदि,avayave,avayave,अवयवे
01.0067,1,bhvādi,Bidi~,bhidi,भिदि,avayave,avayave,अवयवे
01.0068,1,bhvādi,gaqi~,gaḍi,गडि,vadanEkadeSe,vadanaikadeśe,वदनैकदेशे
01.0069,1,bhvādi,Ridi~,ṇidi,णिदि,kutsAyAm,kutsāyām,कुत्सायाम्
01.0070,1,bhvādi,wunadi~,ṭunadi,टुनदि,samfdDO,samṛddhau,समृद्धौ
01.0071,1,bhvādi,cadi~,cadi,चदि,AhlAde dIptO ca,āhlāde dīptau ca,आह्लादे दीप्तौ च
01.0072,1,bhvādi,tradi~,tradi,त्रदि,cezwAyAm,ceṣṭāyām,चेष्टायाम्
01.0073,1,bhvādi,kadi~,kadi,कदि,AhvAne rodane ca,āhvāne rodane ca,आह्वाने रोदने च
01.0074,1,bhvādi,kradi~,kradi,क्रदि,AhvAne rodane ca,āhvāne rodane ca,आह्वाने रोदने च
01.0075,1,bhvādi,kladi~,kladi,क्लदि,AhvAne rodane ca,āhvāne rodane ca,आह्वाने रोदने च
01.0076,1,bhvādi,klidi~,klidi,क्लिदि,paridevane,paridevane,परिदेवने
01.0077,1,bhvādi,SunDa~,śundha,शुन्ध,SudDO,śuddhau,शुद्धौ
01.0078,1,bhvādi,SIkf~\,śīkṛ,शीकृ,secane,secane,सेचने
01.0079,1,bhvādi,sIkf~\,sīkṛ,सीकृ,secane,secane,सेचने
01.0080,1,bhvādi,lokf~\,lokṛ,लोकृ,darSane,darśane,दर्शने
01.0081,1,bhvādi,Slokf~\,ślokṛ,श्लोकृ,saNGAte,saṅghāte,सङ्घाते
01.0082,1,bhvādi,Srekf~\,śrekṛ,श्रेकृ,gatO,gatau,गतौ
01.0083,1,bhvādi,drekf~\,drekṛ,द्रेकृ,SabdotsAhayoH,śabdotsāhayoḥ,शब्दोत्साहयोः
01.0084,1,bhvādi,Drekf~\,dhrekṛ,ध्रेकृ,SabdotsAhayoH,śabdotsāhayoḥ,शब्दोत्साहयोः
01.0085,1,bhvādi,rekf~\,rekṛ,रेकृ,SaNkAyAm,śaṅkāyām,शङ्कायाम्
01.0086,1,bhvādi,sekf~\,sekṛ,सेकृ,gatO,gatau,गतौ
01.0087,1,bhvādi,srekf~\,srekṛ,स्रेकृ,gatO,gatau,गतौ
01.0088,1,bhvādi,sraki~\,sraki,स्रकि,gatO,gatau,गतौ
01.0089,1,bhvādi,Sraki~\,śraki,श्रकि,gatO,gatau,गतौ
01.0090,1,bhvādi,Slaki~\,ślaki,श्लकि,gatO,gatau,गतौ
01.0091,1,bhvādi,Saki~\,śaki,शकि,SaNkAyAm,śaṅkāyām,शङ्कायाम्
01.0092,1,bhvādi,aki~\,aki,अकि,lakzaRe,lakṣaṇe,लक्षणे
01.0093,1,bhvādi,vaki~\,vaki,वकि,kOwilye,kauṭilye,कौटिल्ये
01.0094,1,bhvādi,maki~\,maki,मकि,maRqane,maṇḍane,मण्डने
01.0095,1,bhvādi,kaka~\,kaka,कक,lOlye,laulye,लौल्ये
01.0096,1,bhvādi,kuka~\,kuka,कुक,AdAne,ādāne,आदाने
01.0097,1,bhvādi,vfka~\,vṛka,वृक,AdAne,ādāne,आदाने
01.0098,1,bhvādi,caka~\,caka,चक,tfptO pratIGAte ca,tṛptau pratīghāte ca,तृप्तौ प्रतीघाते च
01.0099,1,bhvādi,kaki~\,kaki,ककि,gatO,gatau,गतौ
01.0100,1,bhvādi,vaki~\,vaki,वकि,gatO,gatau,गतौ
01.0101,1,bhvādi,Svaki~\,śvaki,श्वकि,gatO,gatau,गतौ
01.0102,1,bhvādi,traki~\,traki,त्रकि,gatO,gatau,गतौ
01.0103,1,bhvādi,QOkf~\,ḍhaukṛ,ढौकृ,gatO,gatau,गतौ
01.0104,1,bhvādi,trOkf~\,traukṛ,त्रौकृ,gatO,gatau,गतौ
01.0105,1,bhvādi,zvazka~\,ṣvaṣka,ष्वष्क,gatO,gatau,गतौ
01.0106,1,bhvādi,vaska~\,vaska,वस्क,gatO,gatau,गतौ
01.0107,1,bhvādi,maska~\,maska,मस्क,gatO,gatau,गतौ
01.0108,1,bhvādi,wikf~\,ṭikṛ,टिकृ,gatO,gatau,गतौ
01.0109,1,bhvādi,wIkf~\,ṭīkṛ,टीकृ,gatO,gatau,गतौ
01.0110,1,bhvādi,tikf~\,tikṛ,तिकृ,gatO,gatau,गतौ
01.0111,1,bhvādi,tIkf~\,tīkṛ,तीकृ,gatO,gatau,गतौ
01.0112,1,bhvādi,raGi~\,raghi,रघि,gatO,gatau,गतौ
01.0113,1,bhvādi,laGi~\,laghi,लघि,gatO BojananivfttO ca,gatau bhojananivṛttau ca,गतौ भोजननिवृत्तौ च
01.0114,1,bhvādi,zvakka~\,ṣvakka,ष्वक्क,gatO,gatau,गतौ
01.0115,1,bhvādi,aGi~\,aghi,अघि,gatyAkzepe,gatyākṣepe,गत्याक्षेपे
01.0116,1,bhvādi,vaGi~\,vaghi,वघि,gatyAkzepe,gatyākṣepe,गत्याक्षेपे
01.0117,1,bhvādi,maGi~\,maghi,मघि,gatyAkzepe gatyAramBe kEtave ca,gatyākṣepe gatyārambhe kaitave ca,गत्याक्षेपे गत्यारम्भे कैतवे च
01.0118,1,bhvādi,rAGf~\,rāghṛ,राघृ,sAmarTye,sāmarthye,सामर्थ्ये
01.0119,1,bhvādi,lAGf~\,lāghṛ,लाघृ,sAmarTye,sāmarthye,सामर्थ्ये
01.0120,1,bhvādi,drAGf~\,drāghṛ,द्राघृ,sAmarTye AyAme ca,sāmarthye āyāme ca,सामर्थ्ये आयामे च
01.0121,1,bhvādi,DrAGf~\,dhrāghṛ,ध्राघृ,sAmarTye,sāmarthye,सामर्थ्ये
01.0122,1,bhvādi,SlAGf~\,ślāghṛ,श्लाघृ,katTane,katthane,कत्थने
01.0123,1,bhvādi,Pakka~,phakka,फक्क,nIcErgatO,nīcairgatau,नीचैर्गतौ
01.0124,1,bhvādi,taka~,taka,तक,hasane,hasane,हसने
01.0125,1,bhvādi,taki~,taki,तकि,kfcCrajIvane,kṛcchrajīvane,कृच्छ्रजीवने
01.0126,1,bhvādi,bukka~,bukka,बुक्क,BazaRe,bhaṣaṇe,भषणे
01.0127,1,bhvādi,Suka~,śuka,शुक,gatO,gatau,गतौ
01.0128,1,bhvādi,kaKa~,kakha,कख,hasane,hasane,हसने
01.0129,1,bhvādi,oKf~,okhṛ,ओखृ,SozaRAlamarTayoH,śoṣaṇālamarthayoḥ,शोषणालमर्थयोः
01.0130,1,bhvādi,rAKf~,rākhṛ,राखृ,SozaRAlamarTayoH,śoṣaṇālamarthayoḥ,शोषणालमर्थयोः
01.0131,1,bhvādi,lAKf~,lākhṛ,लाखृ,SozaRAlamarTayoH,śoṣaṇālamarthayoḥ,शोषणालमर्थयोः
01.0132,1,bhvādi,drAKf~,drākhṛ,द्राखृ,SozaRAlamarTayoH,śoṣaṇālamarthayoḥ,शोषणालमर्थयोः
01.0133,1,bhvādi,DrAKf~,dhrākhṛ,ध्राखृ,SozaRAlamarTayoH,śoṣaṇālamarthayoḥ,शोषणालमर्थयोः
01.0134,1,bhvādi,SAKf~,śākhṛ,शाखृ,vyAptO,vyāptau,व्याप्तौ
01.0135,1,bhvādi,SlAKf~,ślākhṛ,श्लाखृ,vyAptO,vyāptau,व्याप्तौ
01.0136,1,bhvādi,uKa~,ukha,उख,gatO,gatau,गतौ
01.0137,1,bhvādi,uKi~,ukhi,उखि,gatO,gatau,गतौ
01.0138,1,bhvādi,vaKa~,vakha,वख,gatO,gatau,गतौ
01.0139,1,bhvādi,vaKi~,vakhi,वखि,gatO,gatau,गतौ
01.0140,1,bhvādi,maKa~,makha,मख,gatO,gatau,गतौ
01.0141,1,bhvādi,maKi~,makhi,मखि,gatO,gatau,गतौ
01.0142,1,bhvādi,RaKa~,ṇakha,णख,gatO,gatau,गतौ
01.0143,1,bhvādi,RaKi~,ṇakhi,णखि,gatO,gatau,गतौ
01.0144,1,bhvādi,raKa~,rakha,रख,gatO,gatau,गतौ
01.0145,1,bhvādi,raKi~,rakhi,रखि,gatO,gatau,गतौ
01.0146,1,bhvādi,laKa~,lakha,लख,gatO,gatau,गतौ
01.0147,1,bhvādi,laKi~,lakhi,लखि,gatO,gatau,गतौ
01.0148,1,bhvādi,iKa~,ikha,इख,gatO,gatau,गतौ
01.0149,1,bhvādi,iKi~,ikhi,इखि,gatO,gatau,गतौ
01.0150,1,bhvādi,jaBa~,jabha,जभ,gAtravinAme,gātravināme,गात्रविनामे
01.0151,1,bhvādi,IKi~,īkhi,ईखि,gatO,gatau,गतौ
01.0152,1,bhvādi,valga~,valga,वल्ग,gatO,gatau,गतौ
01.0153,1,bhvādi,ragi~,ragi,रगि,gatO,gatau,गतौ
01.0154,1,bhvādi,lagi~,lagi,लगि,gatO,gatau,गतौ
01.0155,1,bhvādi,agi~,agi,अगि,gatO,gatau,गतौ
01.0156,1,bhvādi,vagi~,vagi,वगि,gatO,gatau,गतौ
01.0157,1,bhvādi,magi~,magi,मगि,gatO,gatau,गतौ
01.0158,1,bhvādi,tagi~,tagi,तगि,gatO,gatau,गतौ
01.0159,1,bhvādi,tvagi~,tvagi,त्वगि,gatO,gatau,गतौ
01.0160,1,bhvādi,Svelf~,śvelṛ,श्वेलृ,calane,calane,चलने
01.0161,1,bhvādi,Sragi~,śragi,श्रगि,gatO,gatau,गतौ
01.0162,1,bhvādi,Slagi~,ślagi,श्लगि,gatO,gatau,गतौ
01.0163,1,bhvādi,igi~,igi,इगि,gatO,gatau,गतौ
01.0164,1,bhvādi,rigi~,rigi,रिगि,gatO,gatau,गतौ
01.0165,1,bhvādi,ligi~,ligi,लिगि,gatO,gatau,गतौ
01.0166,1,bhvādi,KarKa~,kharkha,खर्ख,hasane,hasane,हसने
01.0167,1,bhvādi,kakKa,kakkha,कक्ख,hasane,hasane,हसने
01.0168,1,bhvādi,riKa~,rikha,रिख,gatO,gatau,गतौ
01.0169,1,bhvādi,Garba~,gharba,घर्ब,gatO,gatau,गतौ
01.0170,1,bhvādi,narba~,narba,नर्ब,gatO,gatau,गतौ
01.0171,1,bhvādi,Barba~,bharba,भर्ब,gatO,gatau,गतौ
01.0172,1,bhvādi,traKa~,trakha,त्रख,gatO,gatau,गतौ
01.0173,1,bhvādi,triKi~,trikhi,त्रिखि,gatO,gatau,गतौ
01.0174,1,bhvādi,SiKi~,śikhi,शिखि,gatO,gatau,गतौ
01.0175,1,bhvādi,yugi~,yugi,युगि,varjane,varjane,वर्जने
01.0176,1,bhvādi,jugi~,jugi,जुगि,varjane,varjane,वर्जने
01.0177,1,bhvādi,bugi~,bugi,बुगि,varjane,varjane,वर्जने
01.0178,1,bhvādi,vugi~,vugi,वुगि,varjane,varjane,वर्जने
01.0179,1,bhvādi,GaGa~,ghagha,घघ,hasane,hasane,हसने
01.0180,1,bhvādi,GagGa~,ghaggha,घग्घ,hasane,hasane,हसने
01.0181,1,bhvādi,varba~,varba,वर्ब,gatO,gatau,गतौ
01.0182,1,bhvādi,baBra~,babhra,बभ्र,gatO,gatau,गतौ
01.0183,1,bhvādi,maGi~,maghi,मघि,maRqane,maṇḍane,मण्डने
01.0184,1,bhvādi,SiGi~,śighi,शिघि,AGrARe,āghrāṇe,आघ्राणे
01.0185,1,bhvādi,maja~,maja,मज,Sabde,śabde,शब्दे
01.0186,1,bhvādi,varca~\,varca,वर्च,dIptO,dīptau,दीप्तौ
01.0187,1,bhvādi,zaca~\,ṣaca,षच,secane sevane ca,secane sevane ca,सेचने सेवने च
01.0188,1,bhvādi,locf~\,locṛ,लोचृ,darSane,darśane,दर्शने
01.0189,1,bhvādi,Saca~\,śaca,शच,vyaktAyAM vAci,vyaktāyāṃ vāci,व्यक्तायां वाचि
01.0190,1,bhvādi,Svaca~\,śvaca,श्वच,gatO,gatau,गतौ
01.0191,1,bhvādi,Svaci~\,śvaci,श्वचि,gatO,gatau,गतौ
01.0192,1,bhvādi,kaca~\,kaca,कच,banDane,bandhane,बन्धने
01.0193,1,bhvādi,kaci~\,kaci,कचि,dIptibanDanayoH,dīptibandhanayoḥ,दीप्तिबन्धनयोः
01.0194,1,bhvādi,kAci~\,kāci,काचि,dIptibanDanayoH,dīptibandhanayoḥ,दीप्तिबन्धनयोः
01.0195,1,bhvādi,maca~\,maca,मच,kalkane kaTane ca,kalkane kathane ca,कल्कने कथने च
01.0196,1,bhvādi,muci~\,muci,मुचि,kalkane kaTane ca,kalkane kathane ca,कल्कने कथने च
01.0197,1,bhvādi,maci~\,maci,मचि,DAraRocCrAyapUjanezu,dhāraṇocchrāyapūjaneṣu,धारणोच्छ्रायपूजनेषु
01.0198,1,bhvādi,paci~\,paci,पचि,vyaktIkaraRe,vyaktīkaraṇe,व्यक्तीकरणे
01.0199,1,bhvādi,zwuca~\,ṣṭuca,ष्टुच,prasAde,prasāde,प्रसादे
01.0200,1,bhvādi,fja~\,ṛja,ऋज,gatisTAnArjanopArjanezu,gatisthānārjanopārjaneṣu,गतिस्थानार्जनोपार्जनेषु
01.0201,1,bhvādi,fji~\,ṛji,ऋजि,Barjane,bharjane,भर्जने
01.0202,1,bhvādi,BfjI~\,bhṛjī,भृजी,Barjane,bharjane,भर्जने
01.0203,1,bhvādi,ejf~\,ejṛ,एजृ,dIptO,dīptau,दीप्तौ
01.0204,1,bhvādi,Brejf~\,bhrejṛ,भ्रेजृ,dIptO,dīptau,दीप्तौ
01.0205,1,bhvādi,BrAjf~\,bhrājṛ,भ्राजृ,dIptO,dīptau,दीप्तौ
01.0206,1,bhvādi,kAqf~\,kāḍṛ,काडृ,anAdare,anādare,अनादरे
01.0207,1,bhvādi,Ija~\,īja,ईज,gatikutsanayoH,gatikutsanayoḥ,गतिकुत्सनयोः
01.0208,1,bhvādi,pebf~\,pebṛ,पेबृ,sevane,sevane,सेवने
01.0209,1,bhvādi,plebf~\,plebṛ,प्लेबृ,sevane,sevane,सेवने
01.0210,1,bhvādi,Suca~,śuca,शुच,Soke,śoke,शोके
01.0211,1,bhvādi,kuca~,kuca,कुच,Sabde tAre,śabde tāre,शब्दे तारे
01.0212,1,bhvādi,kunca~,kunca,कुन्च,gatikOwilyAlpIBAvayoH,gatikauṭilyālpībhāvayoḥ,गतिकौटिल्याल्पीभावयोः
01.0213,1,bhvādi,krunca~,krunca,क्रुन्च,gatikOwilyAlpIBAvayoH,gatikauṭilyālpībhāvayoḥ,गतिकौटिल्याल्पीभावयोः
01.0214,1,bhvādi,lunca~,lunca,लुन्च,apanayane,apanayane,अपनयने
01.0215,1,bhvādi,ancu~,ancu,अन्चु,gatipUjanayoH,gatipūjanayoḥ,गतिपूजनयोः
01.0216,1,bhvādi,vancu~,vancu,वन्चु,gatO,gatau,गतौ
01.0217,1,bhvādi,cancu~,cancu,चन्चु,gatO,gatau,गतौ
01.0218,1,bhvādi,tancu~,tancu,तन्चु,gatO,gatau,गतौ
01.0219,1,bhvādi,tvancu~,tvancu,त्वन्चु,gatO,gatau,गतौ
01.0220,1,bhvādi,mruncu~,mruncu,म्रुन्चु,gatO,gatau,गतौ
01.0221,1,bhvādi,mluncu~,mluncu,म्लुन्चु,gatO,gatau,गतौ
01.0222,1,bhvādi,mrucu~,mrucu,म्रुचु,gatO,gatau,गतौ
01.0223,1,bhvādi,mlucu~,mlucu,म्लुचु,gatO,gatau,गतौ
01.0224,1,bhvādi,grucu~,grucu,ग्रुचु,steyakaraRe,steyakaraṇe,स्तेयकरणे
01.0225,1,bhvādi,glucu~,glucu,ग्लुचु,steyakaraRe,steyakaraṇe,स्तेयकरणे
01.0226,1,bhvādi,kuju~,kuju,कुजु,steyakaraRe,steyakaraṇe,स्तेयकरणे
01.0227,1,bhvādi,Kuju~,khuju,खुजु,steyakaraRe,steyakaraṇe,स्तेयकरणे
01.0228,1,bhvādi,gluncu~,gluncu,ग्लुन्चु,gatO,gatau,गतौ
01.0229,1,bhvādi,zasja~,ṣasja,षस्ज,gatO,gatau,गतौ
01.0230,1,bhvādi,guja~,guja,गुज,avyakte Sabde,avyakte śabde,अव्यक्ते शब्दे
01.0231,1,bhvādi,guji~,guji,गुजि,avyakte Sabde,avyakte śabde,अव्यक्ते शब्दे
01.0232,1,bhvādi,arca~,arca,अर्च,pUjAyAm,pūjāyām,पूजायाम्
01.0233,1,bhvādi,mleCa~,mlecha,म्लेछ,avyakte Sabde,avyakte śabde,अव्यक्ते शब्दे
01.0234,1,bhvādi,laCa~,lacha,लछ,lakzaRe,lakṣaṇe,लक्षणे
01.0235,1,bhvādi,lACi~,lāchi,लाछि,lakzaRe,lakṣaṇe,लक्षणे
01.0236,1,bhvādi,vACi~,vāchi,वाछि,icCAyAm,icchāyām,इच्छायाम्
01.0237,1,bhvādi,ACi~,āchi,आछि,AyAme,āyāme,आयामे
01.0238,1,bhvādi,hrICa~,hrīcha,ह्रीछ,lajjAyAm,lajjāyām,लज्जायाम्
01.0239,1,bhvādi,hurCA~,hurchā,हुर्छा,kOwilye,kauṭilye,कौटिल्ये
01.0240,1,bhvādi,murCA~,murchā,मुर्छा,mohasamucCrAyayoH,mohasamucchrāyayoḥ,मोहसमुच्छ्राययोः
01.0241,1,bhvādi,sPurCA~,sphurchā,स्फुर्छा,vistftO,vistṛtau,विस्तृतौ
01.0242,1,bhvādi,yuCa~,yucha,युछ,pramAde,pramāde,प्रमादे
01.0243,1,bhvādi,uCi~,uchi,उछि,uYCe,uñche,उञ्छे
01.0244,1,bhvādi,uCI~,uchī,उछी,vivAse,vivāse,विवासे
01.0245,1,bhvādi,Draja~,dhraja,ध्रज,gatO,gatau,गतौ
01.0246,1,bhvādi,Draji~,dhraji,ध्रजि,gatO,gatau,गतौ
01.0247,1,bhvādi,awi~\,aṭi,अटि,gatO,gatau,गतौ
01.0248,1,bhvādi,rebf~,rebṛ,रेबृ,plavagatO,plavagatau,प्लवगतौ
01.0249,1,bhvādi,Dfja~,dhṛja,धृज,gatO,gatau,गतौ
01.0250,1,bhvādi,Dfji~,dhṛji,धृजि,gatO,gatau,गतौ
01.0251,1,bhvādi,Dvaja~,dhvaja,ध्वज,gatO,gatau,गतौ
01.0252,1,bhvādi,Dvaji~,dhvaji,ध्वजि,gatO,gatau,गतौ
01.0253,1,bhvādi,zalf~,ṣalṛ,षलृ,gatO,gatau,गतौ
01.0254,1,bhvādi,kUja~,kūja,कूज,avyakte Sabde,avyakte śabde,अव्यक्ते शब्दे
01.0255,1,bhvādi,Bfzu~,bhṛṣu,भृषु,saNGarze,saṅgharṣe,सङ्घर्षे
01.0256,1,bhvādi,arja~,arja,अर्ज,arjane,arjane,अर्जने
01.0257,1,bhvādi,zarja~,ṣarja,षर्ज,arjane,arjane,अर्जने
01.0258,1,bhvādi,garja~,garja,गर्ज,Sabde,śabde,शब्दे
01.0259,1,bhvādi,tarja~,tarja,तर्ज,Bartsane,bhartsane,भर्त्सने
01.0260,1,bhvādi,karja~,karja,कर्ज,vyaTane,vyathane,व्यथने
01.0261,1,bhvādi,Karja~,kharja,खर्ज,vyaTane pUjane mArjane ca,vyathane pūjane mārjane ca,व्यथने पूजने मार्जने च
01.0262,1,bhvādi,aja~,aja,अज,gatikzepaRayoH,gatikṣepaṇayoḥ,गतिक्षेपणयोः
01.0263,1,bhvādi,teja~,teja,तेज,pAlane,pālane,पालने
01.0264,1,bhvādi,Kaja~,khaja,खज,manTe,manthe,मन्थे
01.0265,1,bhvādi,kava~,kava,कव,Sabde,śabde,शब्दे
01.0266,1,bhvādi,Kaji~,khaji,खजि,gativEkalye,gativaikalye,गतिवैकल्ये
01.0267,1,bhvādi,ejf~,ejṛ,एजृ,kampane,kampane,कम्पने
01.0268,1,bhvādi,wuo~sPUrjA~,ṭuosphūrjā,टुओस्फूर्जा,vajranirGoze,vajranirghoṣe,वज्रनिर्घोषे
01.0269,1,bhvādi,kzi\,kṣi,क्षि,kzaye,kṣaye,क्षये
01.0270,1,bhvādi,kzIja~,kṣīja,क्षीज,avyakte Sabde,avyakte śabde,अव्यक्ते शब्दे
01.0271,1,bhvādi,laja~,laja,लज,Barjane,bharjane,भर्जने
01.0272,1,bhvādi,laji~,laji,लजि,Barjane,bharjane,भर्जने
01.0273,1,bhvādi,lAja~,lāja,लाज,Barjane Bartsane ca,bharjane bhartsane ca,भर्जने भर्त्सने च
01.0274,1,bhvādi,lAji~,lāji,लाजि,Barjane Bartsane ca,bharjane bhartsane ca,भर्जने भर्त्सने च
01.0275,1,bhvādi,jaja~,jaja,जज,yudDe,yuddhe,युद्धे
01.0276,1,bhvādi,jaji~,jaji,जजि,yudDe,yuddhe,युद्धे
01.0277,1,bhvādi,tuja~,tuja,तुज,hiMsAyAm,hiṃsāyām,हिंसायाम्
01.0278,1,bhvādi,tuji~,tuji,तुजि,pAlane,pālane,पालने
01.0279,1,bhvādi,gaja~,gaja,गज,Sabde madane ca,śabde madane ca,शब्दे मदने च
01.0280,1,bhvādi,gaji~,gaji,गजि,Sabde,śabde,शब्दे
01.0281,1,bhvādi,gfja~,gṛja,गृज,Sabde,śabde,शब्दे
01.0282,1,bhvādi,gfji~,gṛji,गृजि,garjane,garjane,गर्जने
01.0283,1,bhvādi,muja~,muja,मुज,Sabde,śabde,शब्दे
01.0284,1,bhvādi,muji~,muji,मुजि,Sabde,śabde,शब्दे
01.0285,1,bhvādi,vaja~,vaja,वज,gatO,gatau,गतौ
01.0286,1,bhvādi,vraja~,vraja,व्रज,gatO,gatau,गतौ
01.0287,1,bhvādi,awwa~\,aṭṭa,अट्ट,atikramahiMsayoH,atikramahiṃsayoḥ,अतिक्रमहिंसयोः
01.0288,1,bhvādi,vezwa~\,veṣṭa,वेष्ट,vezwane,veṣṭane,वेष्टने
01.0289,1,bhvādi,cezwa~\,ceṣṭa,चेष्ट,cezwAyAm,ceṣṭāyām,चेष्टायाम्
01.0290,1,bhvādi,gozwa~\,goṣṭa,गोष्ट,saNGAte,saṅghāte,सङ्घाते
01.0291,1,bhvādi,lozwa~\,loṣṭa,लोष्ट,saNGAte,saṅghāte,सङ्घाते
01.0292,1,bhvādi,Gawwa~\,ghaṭṭa,घट्ट,calane,calane,चलने
01.0293,1,bhvādi,sPuwa~\,sphuṭa,स्फुट,vikasane,vikasane,विकसने
01.0294,1,bhvādi,aWi~\,aṭhi,अठि,gatO,gatau,गतौ
01.0295,1,bhvādi,vaWi~\,vaṭhi,वठि,ekacaryAyAm,ekacaryāyām,एकचर्यायाम्
01.0296,1,bhvādi,maWi~\,maṭhi,मठि,Soke,śoke,शोके
01.0297,1,bhvādi,kaWi~\,kaṭhi,कठि,Soke,śoke,शोके
01.0298,1,bhvādi,muWi~\,muṭhi,मुठि,pAlane,pālane,पालने
01.0299,1,bhvādi,heWa~\,heṭha,हेठ,vibADAyAm,vibādhāyām,विबाधायाम्
01.0300,1,bhvādi,eWa~\,eṭha,एठ,vibADAyAm,vibādhāyām,विबाधायाम्
01.0301,1,bhvādi,hiqi~\,hiḍi,हिडि,gatyanAdarayoH,gatyanādarayoḥ,गत्यनादरयोः
01.0302,1,bhvādi,huqi~\,huḍi,हुडि,saNGAte,saṅghāte,सङ्घाते
01.0303,1,bhvādi,kuqi~\,kuḍi,कुडि,dAhe,dāhe,दाहे
01.0304,1,bhvādi,vaqi~\,vaḍi,वडि,viBAjane,vibhājane,विभाजने
01.0305,1,bhvādi,maqi~\,maḍi,मडि,viBAjane,vibhājane,विभाजने
01.0306,1,bhvādi,Baqi~\,bhaḍi,भडि,pariBAzaRe,paribhāṣaṇe,परिभाषणे
01.0307,1,bhvādi,piqi~\,piḍi,पिडि,saNGAte,saṅghāte,सङ्घाते
01.0308,1,bhvādi,muqi~\,muḍi,मुडि,mArjane,mārjane,मार्जने
01.0309,1,bhvādi,tuqi~\,tuḍi,तुडि,toqane,toḍane,तोडने
01.0310,1,bhvādi,huqi~\,huḍi,हुडि,varaRe haraRe ca,varaṇe haraṇe ca,वरणे हरणे च
01.0311,1,bhvādi,sPuqi~\,sphuḍi,स्फुडि,vikasane,vikasane,विकसने
01.0312,1,bhvādi,caqi~\,caḍi,चडि,kope,kope,कोपे
01.0313,1,bhvādi,Saqi~\,śaḍi,शडि,rujAyAM saNGAte ca,rujāyāṃ saṅghāte ca,रुजायां सङ्घाते च
01.0314,1,bhvādi,taqi~\,taḍi,तडि,tAqane,tāḍane,ताडने
01.0315,1,bhvādi,paqi~\,paḍi,पडि,gatO,gatau,गतौ
01.0316,1,bhvādi,kaqi~\,kaḍi,कडि,made,made,मदे
01.0317,1,bhvādi,Kaqi~\,khaḍi,खडि,manTe,manthe,मन्थे
01.0318,1,bhvādi,heqf~\,heḍṛ,हेडृ,anAdare,anādare,अनादरे
01.0319,1,bhvādi,hoqf~\,hoḍṛ,होडृ,anAdare,anādare,अनादरे
01.0320,1,bhvādi,bAqf~\,bāḍṛ,बाडृ,AplAvye,āplāvye,आप्लाव्ये
01.0321,1,bhvādi,vAqf~\,vāḍṛ,वाडृ,AplAvye,āplāvye,आप्लाव्ये
01.0322,1,bhvādi,drAqf~\,drāḍṛ,द्राडृ,viSaraRe,viśaraṇe,विशरणे
01.0323,1,bhvādi,DrAqf~\,dhrāḍṛ,ध्राडृ,viSaraRe,viśaraṇe,विशरणे
01.0324,1,bhvādi,SAqf~\,śāḍṛ,शाडृ,SlAGAyAm,ślāghāyām,श्लाघायाम्
01.0325,1,bhvādi,SOwf~,śauṭṛ,शौटृ,garve,garve,गर्वे
01.0326,1,bhvādi,yOwf~,yauṭṛ,यौटृ,banDe,bandhe,बन्धे
01.0327,1,bhvādi,meqf~,meḍṛ,मेडृ,unmAde,unmāde,उन्मादे
01.0328,1,bhvādi,mreqf~,mreḍṛ,म्रेडृ,unmAde,unmāde,उन्मादे
01.0329,1,bhvādi,mlewf~,mleṭṛ,म्लेटृ,unmAde,unmāde,उन्मादे
01.0330,1,bhvādi,cawe~,caṭe,चटे,varzAvaraRayoH,varṣāvaraṇayoḥ,वर्षावरणयोः
01.0331,1,bhvādi,kawe~,kaṭe,कटे,varzAvaraRayoH,varṣāvaraṇayoḥ,वर्षावरणयोः
01.0332,1,bhvādi,awa~,aṭa,अट,gatO,gatau,गतौ
01.0333,1,bhvādi,pawa~,paṭa,पट,gatO,gatau,गतौ
01.0334,1,bhvādi,rawa~,raṭa,रट,pariBAzaRe,paribhāṣaṇe,परिभाषणे
01.0335,1,bhvādi,lawa~,laṭa,लट,bAlye,bālye,बाल्ये
01.0336,1,bhvādi,Sawa~,śaṭa,शट,rujAviSaraRagatyavasAdanezu,rujāviśaraṇagatyavasādaneṣu,रुजाविशरणगत्यवसादनेषु
01.0337,1,bhvādi,vawa~,vaṭa,वट,vezwane,veṣṭane,वेष्टने
01.0338,1,bhvādi,kiwa~,kiṭa,किट,trAse,trāse,त्रासे
01.0339,1,bhvādi,Kiwa~,khiṭa,खिट,trAse,trāse,त्रासे
01.0340,1,bhvādi,Siwa~,śiṭa,शिट,anAdare,anādare,अनादरे
01.0341,1,bhvādi,ziwa~,ṣiṭa,षिट,anAdare,anādare,अनादरे
01.0342,1,bhvādi,jawa~,jaṭa,जट,saNGAte,saṅghāte,सङ्घाते
01.0343,1,bhvādi,Jawa~,jhaṭa,झट,saNGAte,saṅghāte,सङ्घाते
01.0344,1,bhvādi,Bawa~,bhaṭa,भट,BftO,bhṛtau,भृतौ
01.0345,1,bhvādi,tawa~,taṭa,तट,ucCrAye,ucchrāye,उच्छ्राये
01.0346,1,bhvādi,Kawa~,khaṭa,खट,kANkzAyAm,kāṅkṣāyām,काङ्क्षायाम्
01.0347,1,bhvādi,Rawa~,ṇaṭa,णट,nfttO,nṛttau,नृत्तौ
01.0348,1,bhvādi,piwa~,piṭa,पिट,SabdasaNGAtayoH,śabdasaṅghātayoḥ,शब्दसङ्घातयोः
01.0349,1,bhvādi,hawa~,haṭa,हट,dIptO,dīptau,दीप्तौ
01.0350,1,bhvādi,zawa~,ṣaṭa,षट,avayave,avayave,अवयवे
01.0351,1,bhvādi,luwa~,luṭa,लुट,viloqane,viloḍane,विलोडने
01.0352,1,bhvādi,luqa~,luḍa,लुड,viloqane,viloḍane,विलोडने
01.0353,1,bhvādi,ciwa~,ciṭa,चिट,paraprEzye,parapraiṣye,परप्रैष्ये
01.0354,1,bhvādi,viwa~,viṭa,विट,Sabde,śabde,शब्दे
01.0355,1,bhvādi,biwa~,biṭa,बिट,AkroSe,ākrośe,आक्रोशे
01.0356,1,bhvādi,hiwa~,hiṭa,हिट,AkroSe,ākrośe,आक्रोशे
01.0357,1,bhvādi,iwa~,iṭa,इट,gatO,gatau,गतौ
01.0358,1,bhvādi,kiwa~,kiṭa,किट,gatO,gatau,गतौ
01.0359,1,bhvādi,kawI~,kaṭī,कटी,gatO,gatau,गतौ
01.0360,1,bhvādi,cuwi~,cuṭi,चुटि,alpIBAve,alpībhāve,अल्पीभावे
01.0361,1,bhvādi,maqi~,maḍi,मडि,BUzAyAm,bhūṣāyām,भूषायाम्
01.0362,1,bhvādi,kuqi~,kuḍi,कुडि,vEkalye,vaikalye,वैकल्ये
01.0363,1,bhvādi,kuWi~,kuṭhi,कुठि,vEkalye,vaikalye,वैकल्ये
01.0364,1,bhvādi,muqa~,muḍa,मुड,mardane,mardane,मर्दने
01.0365,1,bhvādi,pruqa~,pruḍa,प्रुड,mardane vimardane,mardane vimardane,मर्दने विमर्दने
01.0366,1,bhvādi,muwa~,muṭa,मुट,mardane,mardane,मर्दने
01.0367,1,bhvādi,puqa~,puḍa,पुड,mardane,mardane,मर्दने
01.0368,1,bhvādi,cuqi~,cuḍi,चुडि,alpIBAve,alpībhāve,अल्पीभावे
01.0369,1,bhvādi,muqi~,muḍi,मुडि,KaRqane,khaṇḍane,खण्डने
01.0370,1,bhvādi,puqi~,puḍi,पुडि,KaRqane,khaṇḍane,खण्डने
01.0371,1,bhvādi,ruwi~,ruṭi,रुटि,steye,steye,स्तेये
01.0372,1,bhvādi,luwi~,luṭi,लुटि,steye,steye,स्तेये
01.0373,1,bhvādi,ruWi~,ruṭhi,रुठि,steye,steye,स्तेये
01.0374,1,bhvādi,luWi~,luṭhi,लुठि,steye,steye,स्तेये
01.0375,1,bhvādi,ruqi~,ruḍi,रुडि,steye,steye,स्तेये
01.0376,1,bhvādi,luqi~,luḍi,लुडि,steye,steye,स्तेये
01.0377,1,bhvādi,vawi~,vaṭi,वटि,viBAjane,vibhājane,विभाजने
01.0378,1,bhvādi,sPawi~,sphaṭi,स्फटि,viSaraRe,viśaraṇe,विशरणे
01.0379,1,bhvādi,sPuwi~r,sphuṭir,स्फुटिर्,viSaraRe,viśaraṇe,विशरणे
01.0380,1,bhvādi,sPuwi~,sphuṭi,स्फुटि,viSaraRe,viśaraṇe,विशरणे
01.0381,1,bhvādi,paWa~,paṭha,पठ,vyaktAyAM vAci,vyaktāyāṃ vāci,व्यक्तायां वाचि
01.0382,1,bhvādi,vaWa~,vaṭha,वठ,sTOlye,sthaulye,स्थौल्ये
01.0383,1,bhvādi,hOqf~,hauḍṛ,हौडृ,gatO,gatau,गतौ
01.0384,1,bhvādi,maWa~,maṭha,मठ,madanivAsayoH,madanivāsayoḥ,मदनिवासयोः
01.0385,1,bhvādi,kaWa~,kaṭha,कठ,kfcCrajIvane,kṛcchrajīvane,कृच्छ्रजीवने
01.0386,1,bhvādi,raWa~,raṭha,रठ,pariBAzaRe,paribhāṣaṇe,परिभाषणे
01.0387,1,bhvādi,rawa~,raṭa,रट,pariBAzaRe,paribhāṣaṇe,परिभाषणे
01.0388,1,bhvādi,haWa~,haṭha,हठ,plutiSaWatvayoH balAtkAre ca,plutiśaṭhatvayoḥ balātkāre ca,प्लुतिशठत्वयोः बलात्कारे च
01.0389,1,bhvādi,ruWa~,ruṭha,रुठ,upaGAte,upaghāte,उपघाते
01.0390,1,bhvādi,luWa~,luṭha,लुठ,upaGAte,upaghāte,उपघाते
01.0391,1,bhvādi,UWa~,ūṭha,ऊठ,upaGAte,upaghāte,उपघाते
01.0392,1,bhvādi,uWa~,uṭha,उठ,upaGAte,upaghāte,उपघाते
01.0393,1,bhvādi,piWa~,piṭha,पिठ,hiMsAsaNkleSanayoH,hiṃsāsaṅkleśanayoḥ,हिंसासङ्क्लेशनयोः
01.0394,1,bhvādi,SaWa~,śaṭha,शठ,kEtave hiMsAsaNkleSanayoH dyUte sparDAyAM ca,kaitave hiṃsāsaṅkleśanayoḥ dyūte spardhāyāṃ ca,कैतवे हिंसासङ्क्लेशनयोः द्यूते स्पर्धायां च
01.0395,1,bhvādi,SuWa~,śuṭha,शुठ,pratiGAte gatipratiGAte ca,pratighāte gatipratighāte ca,प्रतिघाते गतिप्रतिघाते च
01.0396,1,bhvādi,SUWa~,śūṭha,शूठ,gatipratiGAte,gatipratighāte,गतिप्रतिघाते
01.0397,1,bhvādi,kuWi~,kuṭhi,कुठि,pratiGAte,pratighāte,प्रतिघाते
01.0398,1,bhvādi,luWi~,luṭhi,लुठि,Alasye pratiGAte ca,ālasye pratighāte ca,आलस्ये प्रतिघाते च
01.0399,1,bhvādi,SuWi~,śuṭhi,शुठि,SozaRe,śoṣaṇe,शोषणे
01.0400,1,bhvādi,ruWi~,ruṭhi,रुठि,gatO,gatau,गतौ
01.0401,1,bhvādi,luWi~,luṭhi,लुठि,gatO,gatau,गतौ
01.0402,1,bhvādi,cuqqa~,cuḍḍa,चुड्ड,BAvakaraRe,bhāvakaraṇe,भावकरणे
01.0403,1,bhvādi,aqqa~,aḍḍa,अड्ड,aBiyoge,abhiyoge,अभियोगे
01.0404,1,bhvādi,kaqqa~,kaḍḍa,कड्ड,kArkaSye,kārkaśye,कार्कश्ये
01.0405,1,bhvādi,krIqf~,krīḍṛ,क्रीडृ,vihAre,vihāre,विहारे
01.0406,1,bhvādi,tuqf~,tuḍṛ,तुडृ,toqane,toḍane,तोडने
01.0407,1,bhvādi,tUqf~,tūḍṛ,तूडृ,toqane,toḍane,तोडने
01.0408,1,bhvādi,huqf~,huḍṛ,हुडृ,gatO,gatau,गतौ
01.0409,1,bhvādi,hUqf~,hūḍṛ,हूडृ,gatO,gatau,गतौ
01.0410,1,bhvādi,hoqf~,hoḍṛ,होडृ,gatO,gatau,गतौ
01.0411,1,bhvādi,rOqf~,rauḍṛ,रौडृ,anAdare,anādare,अनादरे
01.0412,1,bhvādi,roqf~,roḍṛ,रोडृ,unmAde,unmāde,उन्मादे
01.0413,1,bhvādi,loqf~,loḍṛ,लोडृ,unmAde,unmāde,उन्मादे
01.0414,1,bhvādi,aqa~,aḍa,अड,udyame,udyame,उद्यमे
01.0415,1,bhvādi,laqa~,laḍa,लड,vilAse,vilāse,विलासे
01.0416,1,bhvādi,lala~,lala,लल,vilAse,vilāse,विलासे
01.0417,1,bhvādi,kaqa~,kaḍa,कड,made,made,मदे
01.0418,1,bhvādi,kaqi~,kaḍi,कडि,made,made,मदे
01.0419,1,bhvādi,gaqi~,gaḍi,गडि,vadanEkadeSe,vadanaikadeśe,वदनैकदेशे
01.0420,1,bhvādi,ti\pf~\,tipṛ,तिपृ,kzaraRe,kṣaraṇe,क्षरणे
01.0421,1,bhvādi,tepf~\,tepṛ,तेपृ,kzaraRe kampane ca,kṣaraṇe kampane ca,क्षरणे कम्पने च
01.0422,1,bhvādi,zwipf~\,ṣṭipṛ,ष्टिपृ,kzaraRe,kṣaraṇe,क्षरणे
01.0423,1,bhvādi,zwepf~\,ṣṭepṛ,ष्टेपृ,kzaraRe,kṣaraṇe,क्षरणे
01.0424,1,bhvādi,glepf~\,glepṛ,ग्लेपृ,dEnye,dainye,दैन्ये
01.0425,1,bhvādi,wuvepf~\,ṭuvepṛ,टुवेपृ,kampane,kampane,कम्पने
01.0426,1,bhvādi,kepf~\,kepṛ,केपृ,kampane gatO ca,kampane gatau ca,कम्पने गतौ च
01.0427,1,bhvādi,gepf~\,gepṛ,गेपृ,kampane gatO ca,kampane gatau ca,कम्पने गतौ च
01.0428,1,bhvādi,glepf~\,glepṛ,ग्लेपृ,kampane gatO ca,kampane gatau ca,कम्पने गतौ च
01.0429,1,bhvādi,mepf~\,mepṛ,मेपृ,gatO,gatau,गतौ
01.0430,1,bhvādi,repf~\,repṛ,रेपृ,gatO,gatau,गतौ
01.0431,1,bhvādi,lepf~\,lepṛ,लेपृ,gatO,gatau,गतौ
01.0432,1,bhvādi,hepf~\,hepṛ,हेपृ,gatO,gatau,गतौ
01.0433,1,bhvādi,Depf~\,dhepṛ,धेपृ,gatO,gatau,गतौ
01.0434,1,bhvādi,trapU~\z,trapūṣ,त्रपूष्,lajjAyAm,lajjāyām,लज्जायाम्
01.0435,1,bhvādi,kapi~\,kapi,कपि,calane,calane,चलने
01.0436,1,bhvādi,rabi~\,rabi,रबि,Sabde,śabde,शब्दे
01.0437,1,bhvādi,labi~\,labi,लबि,Sabde,śabde,शब्दे
01.0438,1,bhvādi,abi~\,abi,अबि,Sabde,śabde,शब्दे
01.0439,1,bhvādi,labi~\,labi,लबि,avasraMsane Sabde ca,avasraṃsane śabde ca,अवस्रंसने शब्दे च
01.0440,1,bhvādi,kabf~\,kabṛ,कबृ,varRe,varṇe,वर्णे
01.0441,1,bhvādi,klIbf~\,klībṛ,क्लीबृ,aDArzwye,adhārṣṭye,अधार्ष्ट्ये
01.0442,1,bhvādi,kzIbf~\,kṣībṛ,क्षीबृ,made,made,मदे
01.0443,1,bhvādi,kzIvf~\,kṣīvṛ,क्षीवृ,made,made,मदे
01.0444,1,bhvādi,SIBf~\,śībhṛ,शीभृ,katTane,katthane,कत्थने
01.0445,1,bhvādi,lOqf~,lauḍṛ,लौडृ,unmAde,unmāde,उन्मादे
01.0446,1,bhvādi,cIBf~\,cībhṛ,चीभृ,katTane,katthane,कत्थने
01.0447,1,bhvādi,reBf~\,rebhṛ,रेभृ,Sabde,śabde,शब्दे
01.0448,1,bhvādi,aBi~\,abhi,अभि,Sabde,śabde,शब्दे
01.0449,1,bhvādi,raBi~\,rabhi,रभि,Sabde,śabde,शब्दे
01.0450,1,bhvādi,ziDu~,ṣidhu,षिधु,gatyAm,gatyām,गत्याम्
01.0451,1,bhvādi,zwaBi~\,ṣṭabhi,ष्टभि,pratibanDe,pratibandhe,प्रतिबन्धे
01.0452,1,bhvādi,skaBi~\,skabhi,स्कभि,pratibanDe,pratibandhe,प्रतिबन्धे
01.0453,1,bhvādi,jaBI~\,jabhī,जभी,gAtravinAme,gātravināme,गात्रविनामे
01.0454,1,bhvādi,jfBi~\,jṛbhi,जृभि,gAtravinAme,gātravināme,गात्रविनामे
01.0455,1,bhvādi,SalBa~\,śalbha,शल्भ,katTane,katthane,कत्थने
01.0456,1,bhvādi,valBa~\,valbha,वल्भ,Bojane,bhojane,भोजने
01.0457,1,bhvādi,galBa~\,galbha,गल्भ,DArzwye,dhārṣṭye,धार्ष्ट्ये
01.0458,1,bhvādi,SranBu~\,śranbhu,श्रन्भु,pramAde,pramāde,प्रमादे
01.0459,1,bhvādi,sranBu~\,sranbhu,स्रन्भु,pramAde,pramāde,प्रमादे
01.0460,1,bhvādi,zwuBu~\,ṣṭubhu,ष्टुभु,stamBe,stambhe,स्तम्भे
01.0461,1,bhvādi,gupU~,gupū,गुपू,rakzaRe,rakṣaṇe,रक्षणे
01.0462,1,bhvādi,DUpa~,dhūpa,धूप,santApe,santāpe,सन्तापे
01.0463,1,bhvādi,japa~,japa,जप,vyaktAyAM vAci mAnase ca,vyaktāyāṃ vāci mānase ca,व्यक्तायां वाचि मानसे च
01.0464,1,bhvādi,jalpa~,jalpa,जल्प,vyaktAyAM vAci,vyaktāyāṃ vāci,व्यक्तायां वाचि
01.0465,1,bhvādi,capa~,capa,चप,sAntvane,sāntvane,सान्त्वने
01.0466,1,bhvādi,zapa~,ṣapa,षप,samavAye,samavāye,समवाये
01.0467,1,bhvādi,rapa~,rapa,रप,vyaktAyAM vAci,vyaktāyāṃ vāci,व्यक्तायां वाचि
01.0468,1,bhvādi,lapa~,lapa,लप,vyaktAyAM vAci,vyaktāyāṃ vāci,व्यक्तायां वाचि
01.0469,1,bhvādi,cupa~,cupa,चुप,mandAyAM gatO,mandāyāṃ gatau,मन्दायां गतौ
01.0470,1,bhvādi,tupa~,tupa,तुप,hiMsAyAm,hiṃsāyām,हिंसायाम्
01.0471,1,bhvādi,tunpa~,tunpa,तुन्प,hiMsAyAm,hiṃsāyām,हिंसायाम्
01.0472,1,bhvādi,trupa~,trupa,त्रुप,hiMsAyAm,hiṃsāyām,हिंसायाम्
01.0473,1,bhvādi,trunpa~,trunpa,त्रुन्प,hiMsAyAm,hiṃsāyām,हिंसायाम्
01.0474,1,bhvādi,tuPa~,tupha,तुफ,hiMsAyAm,hiṃsāyām,हिंसायाम्
01.0475,1,bhvādi,tunPa~,tunpha,तुन्फ,hiMsAyAm,hiṃsāyām,हिंसायाम्
01.0476,1,bhvādi,truPa~,trupha,त्रुफ,hiMsAyAm,hiṃsāyām,हिंसायाम्
01.0477,1,bhvādi,trunPa~,trunpha,त्रुन्फ,hiMsAyAm,hiṃsāyām,हिंसायाम्
01.0478,1,bhvādi,parpa~,parpa,पर्प,gatO,gatau,गतौ
01.0479,1,bhvādi,raPa~,rapha,रफ,gatO,gatau,गतौ
01.0480,1,bhvādi,raPi~,raphi,रफि,gatO,gatau,गतौ
01.0481,1,bhvādi,arba~,arba,अर्ब,gatO,gatau,गतौ
01.0482,1,bhvādi,parba~,parba,पर्ब,gatO,gatau,गतौ
01.0483,1,bhvādi,larba~,larba,लर्ब,gatO,gatau,गतौ
01.0484,1,bhvādi,barba~,barba,बर्ब,gatO,gatau,गतौ
01.0485,1,bhvādi,marba~,marba,मर्ब,gatO,gatau,गतौ
01.0486,1,bhvādi,karba~,karba,कर्ब,gatO,gatau,गतौ
01.0487,1,bhvādi,Karba~,kharba,खर्ब,gatO,gatau,गतौ
01.0488,1,bhvādi,garba~,garba,गर्ब,gatO,gatau,गतौ
01.0489,1,bhvādi,Sarba~,śarba,शर्ब,gatO,gatau,गतौ
01.0490,1,bhvādi,zarba~,ṣarba,षर्ब,gatO,gatau,गतौ
01.0491,1,bhvādi,carba~,carba,चर्ब,gatO ardane ca,gatau ardane ca,गतौ अर्दने च
01.0492,1,bhvādi,kubi~,kubi,कुबि,CAdane AcCAdane ca,chādane ācchādane ca,छादने आच्छादने च
01.0493,1,bhvādi,lubi~,lubi,लुबि,ardane,ardane,अर्दने
01.0494,1,bhvādi,tubi~,tubi,तुबि,ardane,ardane,अर्दने
01.0495,1,bhvādi,cubi~,cubi,चुबि,vaktrasaMyoge,vaktrasaṃyoge,वक्त्रसंयोगे
01.0496,1,bhvādi,zfBu~,ṣṛbhu,षृभु,hiMsAyAm,hiṃsāyām,हिंसायाम्
01.0497,1,bhvādi,zfnBu~,ṣṛnbhu,षृन्भु,hiMsAyAm,hiṃsāyām,हिंसायाम्
01.0498,1,bhvādi,ziBu~,ṣibhu,षिभु,hiMsAyAm,hiṃsāyām,हिंसायाम्
01.0499,1,bhvādi,zinBu~,ṣinbhu,षिन्भु,hiMsAyAm,hiṃsāyām,हिंसायाम्
01.0500,1,bhvādi,SuBa~,śubha,शुभ,BAzaRe BAsane hiMsAyAM ca,bhāṣaṇe bhāsane hiṃsāyāṃ ca,भाषणे भासने हिंसायां च
01.0501,1,bhvādi,SunBa~,śunbha,शुन्भ,BAzaRe BAsane hiMsAyAM dIptO ca,bhāṣaṇe bhāsane hiṃsāyāṃ dīptau ca,भाषणे भासने हिंसायां दीप्तौ च
01.0502,1,bhvādi,GiRi~\,ghiṇi,घिणि,grahaRe,grahaṇe,ग्रहणे
01.0503,1,bhvādi,GuRi~\,ghuṇi,घुणि,grahaRe,grahaṇe,ग्रहणे
01.0504,1,bhvādi,GfRi~\,ghṛṇi,घृणि,grahaRe,grahaṇe,ग्रहणे
01.0505,1,bhvādi,GuRa~\,ghuṇa,घुण,BramaRe,bhramaṇe,भ्रमणे
01.0506,1,bhvādi,GurRa~\,ghurṇa,घुर्ण,BramaRe,bhramaṇe,भ्रमणे
01.0507,1,bhvādi,paRa~\,paṇa,पण,vyavahAre stutO ca,vyavahāre stutau ca,व्यवहारे स्तुतौ च
01.0508,1,bhvādi,pana~\,pana,पन,vyavahAre stutO ca,vyavahāre stutau ca,व्यवहारे स्तुतौ च
01.0509,1,bhvādi,BAma~\,bhāma,भाम,kroDe,krodhe,क्रोधे
01.0510,1,bhvādi,kzamU~\z,kṣamūṣ,क्षमूष्,sahane,sahane,सहने
01.0511,1,bhvādi,kamu~\,kamu,कमु,kAntO,kāntau,कान्तौ
01.0512,1,bhvādi,aRa~,aṇa,अण,Sabde,śabde,शब्दे
01.0513,1,bhvādi,raRa~,raṇa,रण,Sabde,śabde,शब्दे
01.0514,1,bhvādi,vaRa~,vaṇa,वण,Sabde,śabde,शब्दे
01.0515,1,bhvādi,BaRa~,bhaṇa,भण,Sabde,śabde,शब्दे
01.0516,1,bhvādi,maRa~,maṇa,मण,Sabde,śabde,शब्दे
01.0517,1,bhvādi,kaRa~,kaṇa,कण,Sabde,śabde,शब्दे
01.0518,1,bhvādi,kvaRa~,kvaṇa,क्वण,Sabde,śabde,शब्दे
01.0519,1,bhvādi,vraRa~,vraṇa,व्रण,Sabde,śabde,शब्दे
01.0520,1,bhvādi,BraRa~,bhraṇa,भ्रण,Sabde,śabde,शब्दे
01.0521,1,bhvādi,DvaRa~,dhvaṇa,ध्वण,Sabde,śabde,शब्दे
01.0522,1,bhvādi,DaRa~,dhaṇa,धण,Sabde,śabde,शब्दे
01.0523,1,bhvādi,oRf~,oṇṛ,ओणृ,apanayane,apanayane,अपनयने
01.0524,1,bhvādi,SoRf~,śoṇṛ,शोणृ,varRagatyoH,varṇagatyoḥ,वर्णगत्योः
01.0525,1,bhvādi,SroRf~,śroṇṛ,श्रोणृ,saNGAte,saṅghāte,सङ्घाते
01.0526,1,bhvādi,SloRf~,śloṇṛ,श्लोणृ,saNGAte,saṅghāte,सङ्घाते
01.0527,1,bhvādi,pERf~,paiṇṛ,पैणृ,gatipreraRaSlezaRezu,gatipreraṇaśleṣaṇeṣu,गतिप्रेरणश्लेषणेषु
01.0528,1,bhvādi,prERf~,praiṇṛ,प्रैणृ,gatipreraRaSlezaRezu,gatipreraṇaśleṣaṇeṣu,गतिप्रेरणश्लेषणेषु
01.0529,1,bhvādi,DraRa~,dhraṇa,ध्रण,Sabde,śabde,शब्दे
01.0530,1,bhvādi,baRa~,baṇa,बण,Sabde,śabde,शब्दे
01.0531,1,bhvādi,kanI~,kanī,कनी,dIptikAntigatizu,dīptikāntigatiṣu,दीप्तिकान्तिगतिषु
01.0532,1,bhvādi,zwana~,ṣṭana,ष्टन,Sabde,śabde,शब्दे
01.0533,1,bhvādi,vana~,vana,वन,Sabde,śabde,शब्दे
01.0534,1,bhvādi,vana~,vana,वन,samBaktO,sambhaktau,सम्भक्तौ
01.0535,1,bhvādi,zaRa~,ṣaṇa,षण,samBaktO,sambhaktau,सम्भक्तौ
01.0536,1,bhvādi,ama~,ama,अम,gatO Sabde samBaktO ca,gatau śabde sambhaktau ca,गतौ शब्दे सम्भक्तौ च
01.0537,1,bhvādi,drama~,drama,द्रम,gatO,gatau,गतौ
01.0538,1,bhvādi,hamma~,hamma,हम्म,gatO,gatau,गतौ
01.0539,1,bhvādi,mImf~,mīmṛ,मीमृ,gatO Sabde ca,gatau śabde ca,गतौ शब्दे च
01.0540,1,bhvādi,camu~,camu,चमु,adane,adane,अदने
01.0541,1,bhvādi,Camu~,chamu,छमु,adane,adane,अदने
01.0542,1,bhvādi,jamu~,jamu,जमु,adane,adane,अदने
01.0543,1,bhvādi,Jamu~,jhamu,झमु,adane,adane,अदने
01.0544,1,bhvādi,jimu~,jimu,जिमु,adane,adane,अदने
01.0545,1,bhvādi,kramu~,kramu,क्रमु,pAdavikzepe,pādavikṣepe,पादविक्षेपे
01.0546,1,bhvādi,aya~\,aya,अय,gatO,gatau,गतौ
01.0547,1,bhvādi,vaya~\,vaya,वय,gatO,gatau,गतौ
01.0548,1,bhvādi,paya~\,paya,पय,gatO,gatau,गतौ
01.0549,1,bhvādi,maya~\,maya,मय,gatO,gatau,गतौ
01.0550,1,bhvādi,caya~\,caya,चय,gatO,gatau,गतौ
01.0551,1,bhvādi,taya~\,taya,तय,gatO,gatau,गतौ
01.0552,1,bhvādi,Raya~\,ṇaya,णय,gatO rakzaRe ca,gatau rakṣaṇe ca,गतौ रक्षणे च
01.0553,1,bhvādi,daya~\,daya,दय,dAnagatirakzaRahiMsA'dAnezu,dānagatirakṣaṇahiṃsā'dāneṣu,दानगतिरक्षणहिंसाऽदानेषु
01.0554,1,bhvādi,raya~\,raya,रय,gatO,gatau,गतौ
01.0555,1,bhvādi,yaya~\,yaya,यय,gatO,gatau,गतौ
01.0556,1,bhvādi,UyI~\,ūyī,ऊयी,tantusantAne,tantusantāne,तन्तुसन्ताने
01.0557,1,bhvādi,pUyI~\,pūyī,पूयी,viSaraRe durganDe ca,viśaraṇe durgandhe ca,विशरणे दुर्गन्धे च
01.0558,1,bhvādi,knUyI~\,knūyī,क्नूयी,Sabde undane ca,śabde undane ca,शब्दे उन्दने च
01.0559,1,bhvādi,kzmAyI~\,kṣmāyī,क्ष्मायी,viDUnane,vidhūnane,विधूनने
01.0560,1,bhvādi,sPAyI~\,sphāyī,स्फायी,vfdDO,vṛddhau,वृद्धौ
01.0561,1,bhvādi,o~pyAyI~\,opyāyī,ओप्यायी,vfdDO,vṛddhau,वृद्धौ
01.0562,1,bhvādi,tAyf~\,tāyṛ,तायृ,santAnapAlanayoH,santānapālanayoḥ,सन्तानपालनयोः
01.0563,1,bhvādi,Sala~\,śala,शल,calanasaMvaraRayoH,calanasaṃvaraṇayoḥ,चलनसंवरणयोः
01.0564,1,bhvādi,vala~\,vala,वल,saMvaraRe saYcaraRe ca,saṃvaraṇe sañcaraṇe ca,संवरणे सञ्चरणे च
01.0565,1,bhvādi,valla~\,valla,वल्ल,saMvaraRe saYcaraRe ca,saṃvaraṇe sañcaraṇe ca,संवरणे सञ्चरणे च
01.0566,1,bhvādi,mala~\,mala,मल,DAraRe,dhāraṇe,धारणे
01.0567,1,bhvādi,malla~\,malla,मल्ल,DAraRe,dhāraṇe,धारणे
01.0568,1,bhvādi,Bala~\,bhala,भल,pariBAzaRahiMsAdAnezu,paribhāṣaṇahiṃsādāneṣu,परिभाषणहिंसादानेषु
01.0569,1,bhvādi,Balla~\,bhalla,भल्ल,pariBAzaRahiMsAdAnezu,paribhāṣaṇahiṃsādāneṣu,परिभाषणहिंसादानेषु
01.0570,1,bhvādi,kala~\,kala,कल,SabdasaNKyAnayoH,śabdasaṅkhyānayoḥ,शब्दसङ्ख्यानयोः
01.0571,1,bhvādi,kalla~\,kalla,कल्ल,avyakte Sabde aSabde ca,avyakte śabde aśabde ca,अव्यक्ते शब्दे अशब्दे च
01.0572,1,bhvādi,tevf~\,tevṛ,तेवृ,devane,devane,देवने
01.0573,1,bhvādi,devf~\,devṛ,देवृ,devane,devane,देवने
01.0574,1,bhvādi,zevf~\,ṣevṛ,षेवृ,sevane,sevane,सेवने
01.0575,1,bhvādi,gevf~\,gevṛ,गेवृ,sevane,sevane,सेवने
01.0576,1,bhvādi,glevf~\,glevṛ,ग्लेवृ,sevane,sevane,सेवने
01.0577,1,bhvādi,pevf~\,pevṛ,पेवृ,sevane,sevane,सेवने
01.0578,1,bhvādi,mevf~\,mevṛ,मेवृ,sevane,sevane,सेवने
01.0579,1,bhvādi,mlevf~\,mlevṛ,म्लेवृ,sevane,sevane,सेवने
01.0580,1,bhvādi,Sevf~\,śevṛ,शेवृ,sevane,sevane,सेवने
01.0581,1,bhvādi,Kevf~\,khevṛ,खेवृ,sevane,sevane,सेवने
01.0582,1,bhvādi,plevf~\,plevṛ,प्लेवृ,sevane,sevane,सेवने
01.0583,1,bhvādi,kevf~\,kevṛ,केवृ,sevane,sevane,सेवने
01.0584,1,bhvādi,revf~\,revṛ,रेवृ,plavagatO,plavagatau,प्लवगतौ
01.0585,1,bhvādi,mavya~,mavya,मव्य,banDane,bandhane,बन्धने
01.0586,1,bhvādi,sUrkzya~,sūrkṣya,सूर्क्ष्य,IrzyAyAm,īrṣyāyām,ईर्ष्यायाम्
01.0587,1,bhvādi,Irkzya~,īrkṣya,ईर्क्ष्य,IrzyAyAm,īrṣyāyām,ईर्ष्यायाम्
01.0588,1,bhvādi,Irzya~,īrṣya,ईर्ष्य,IrzyAyAm,īrṣyāyām,ईर्ष्यायाम्
01.0589,1,bhvādi,haya~,haya,हय,gatO,gatau,गतौ
01.0590,1,bhvādi,Sucya~,śucya,शुच्य,aBizave,abhiṣave,अभिषवे
01.0591,1,bhvādi,cucya~,cucya,चुच्य,aBizave,abhiṣave,अभिषवे
01.0592,1,bhvādi,harya~,harya,हर्य,gatikAntyoH,gatikāntyoḥ,गतिकान्त्योः
01.0593,1,bhvādi,ala~,ala,अल,BUzaRaparyAptivAraRezu,bhūṣaṇaparyāptivāraṇeṣu,भूषणपर्याप्तिवारणेषु
01.0594,1,bhvādi,YiPalA~,ñiphalā,ञिफला,viSaraRe,viśaraṇe,विशरणे
01.0595,1,bhvādi,mIla~,mīla,मील,nimezaRe,nimeṣaṇe,निमेषणे
01.0596,1,bhvādi,SmIla~,śmīla,श्मील,nimezaRe,nimeṣaṇe,निमेषणे
01.0597,1,bhvādi,smIla~,smīla,स्मील,nimezaRe,nimeṣaṇe,निमेषणे
01.0598,1,bhvādi,kzmIla~,kṣmīla,क्ष्मील,nimezaRe,nimeṣaṇe,निमेषणे
01.0599,1,bhvādi,pIla~,pīla,पील,pratizwamBe,pratiṣṭambhe,प्रतिष्टम्भे
01.0600,1,bhvādi,RIla~,ṇīla,णील,varRe,varṇe,वर्णे
01.0601,1,bhvādi,SIla~,śīla,शील,samADO,samādhau,समाधौ
01.0602,1,bhvādi,kIla~,kīla,कील,banDane,bandhane,बन्धने
01.0603,1,bhvādi,kUla~,kūla,कूल,AvaraRe,āvaraṇe,आवरणे
01.0604,1,bhvādi,SUla~,śūla,शूल,rujAyAM saNGAte saNkoze ca,rujāyāṃ saṅghāte saṅkoṣe ca,रुजायां सङ्घाते सङ्कोषे च
01.0605,1,bhvādi,tUla~,tūla,तूल,nizkarze,niṣkarṣe,निष्कर्षे
01.0606,1,bhvādi,pUla~,pūla,पूल,saNGAte,saṅghāte,सङ्घाते
01.0607,1,bhvādi,mUla~,mūla,मूल,pratizWAyAm,pratiṣṭhāyām,प्रतिष्ठायाम्
01.0608,1,bhvādi,Pala~,phala,फल,nizpattO,niṣpattau,निष्पत्तौ
01.0609,1,bhvādi,culla~,culla,चुल्ल,BAvakaraRe,bhāvakaraṇe,भावकरणे
01.0610,1,bhvādi,Pulla~,phulla,फुल्ल,vikasane,vikasane,विकसने
01.0611,1,bhvādi,cilla~,cilla,चिल्ल,SETilye BAvakaraRe ca,śaithilye bhāvakaraṇe ca,शैथिल्ये भावकरणे च
01.0612,1,bhvādi,tila~,tila,तिल,gatO,gatau,गतौ
01.0613,1,bhvādi,tilla~,tilla,तिल्ल,gatO,gatau,गतौ
01.0614,1,bhvādi,velf~,velṛ,वेलृ,calane,calane,चलने
01.0615,1,bhvādi,celf~,celṛ,चेलृ,calane,calane,चलने
01.0616,1,bhvādi,kelf~,kelṛ,केलृ,calane,calane,चलने
01.0617,1,bhvādi,Kelf~,khelṛ,खेलृ,calane,calane,चलने
01.0618,1,bhvādi,kzvelf~,kṣvelṛ,क्ष्वेलृ,calane,calane,चलने
01.0619,1,bhvādi,vella~,vella,वेल्ल,calane,calane,चलने
01.0620,1,bhvādi,cella~,cella,चेल्ल,calane,calane,चलने
01.0621,1,bhvādi,pelf~,pelṛ,पेलृ,gatO,gatau,गतौ
01.0622,1,bhvādi,Pelf~,phelṛ,फेलृ,gatO,gatau,गतौ
01.0623,1,bhvādi,Self~,śelṛ,शेलृ,gatO,gatau,गतौ
01.0624,1,bhvādi,zelf~,ṣelṛ,षेलृ,gatO,gatau,गतौ
01.0625,1,bhvādi,sKala~,skhala,स्खल,saYcalane,sañcalane,सञ्चलने
01.0626,1,bhvādi,Kala~,khala,खल,saYcaye calane ca,sañcaye calane ca,सञ्चये चलने च
01.0627,1,bhvādi,gala~,gala,गल,adane sravaRe ca,adane sravaṇe ca,अदने स्रवणे च
01.0628,1,bhvādi,zala~,ṣala,षल,gatO,gatau,गतौ
01.0629,1,bhvādi,dala~,dala,दल,viSaraRe vidAraRe ca,viśaraṇe vidāraṇe ca,विशरणे विदारणे च
01.0630,1,bhvādi,Svala~,śvala,श्वल,ASugamane,āśugamane,आशुगमने
01.0631,1,bhvādi,Svalla~,śvalla,श्वल्ल,ASugamane,āśugamane,आशुगमने
01.0632,1,bhvādi,Kolf~,kholṛ,खोलृ,gatipratiGAte,gatipratighāte,गतिप्रतिघाते
01.0633,1,bhvādi,Korf~,khorṛ,खोरृ,gatipratiGAte,gatipratighāte,गतिप्रतिघाते
01.0634,1,bhvādi,Dorf~,dhorṛ,धोरृ,gaticAturye,gaticāturye,गतिचातुर्ये
01.0635,1,bhvādi,tsara~,tsara,त्सर,CadmagatO,chadmagatau,छद्मगतौ
01.0636,1,bhvādi,kmara~,kmara,क्मर,hUrCane,hūrchane,हूर्छने
01.0637,1,bhvādi,aBra~,abhra,अभ्र,gatO,gatau,गतौ
01.0638,1,bhvādi,vaBra~,vabhra,वभ्र,gatO,gatau,गतौ
01.0639,1,bhvādi,maBra~,mabhra,मभ्र,gatO,gatau,गतौ
01.0640,1,bhvādi,cara~,cara,चर,gatO BakzaRe ca,gatau bhakṣaṇe ca,गतौ भक्षणे च
01.0641,1,bhvādi,zWivu~,ṣṭhivu,ष्ठिवु,nirasane,nirasane,निरसने
01.0642,1,bhvādi,ji\,ji,जि,jaye,jaye,जये
01.0643,1,bhvādi,jIva~,jīva,जीव,prARaDAraRe,prāṇadhāraṇe,प्राणधारणे
01.0644,1,bhvādi,pIva~,pīva,पीव,sTOlye,sthaulye,स्थौल्ये
01.0645,1,bhvādi,mIva~,mīva,मीव,sTOlye,sthaulye,स्थौल्ये
01.0646,1,bhvādi,tIva~,tīva,तीव,sTOlye,sthaulye,स्थौल्ये
01.0647,1,bhvādi,RIva~,ṇīva,णीव,sTOlye,sthaulye,स्थौल्ये
01.0648,1,bhvādi,kzivu~,kṣivu,क्षिवु,nirasane,nirasane,निरसने
01.0649,1,bhvādi,kzevu~,kṣevu,क्षेवु,nirasane,nirasane,निरसने
01.0650,1,bhvādi,urvI~,urvī,उर्वी,hiMsAyAm,hiṃsāyām,हिंसायाम्
01.0651,1,bhvādi,turvI~,turvī,तुर्वी,hiMsAyAm,hiṃsāyām,हिंसायाम्
01.0652,1,bhvādi,TurvI~,thurvī,थुर्वी,hiMsAyAm,hiṃsāyām,हिंसायाम्
01.0653,1,bhvādi,durvI~,durvī,दुर्वी,hiMsAyAm,hiṃsāyām,हिंसायाम्
01.0654,1,bhvādi,DurvI~,dhurvī,धुर्वी,hiMsAyAm,hiṃsāyām,हिंसायाम्
01.0655,1,bhvādi,gurvI~,gurvī,गुर्वी,udyamane,udyamane,उद्यमने
01.0656,1,bhvādi,murvI~,murvī,मुर्वी,banDane,bandhane,बन्धने
01.0657,1,bhvādi,purva~,purva,पुर्व,pUraRe,pūraṇe,पूरणे
01.0658,1,bhvādi,parva~,parva,पर्व,pUraRe,pūraṇe,पूरणे
01.0659,1,bhvādi,marva~,marva,मर्व,pUraRe,pūraṇe,पूरणे
01.0660,1,bhvādi,carva~,carva,चर्व,adane,adane,अदने
01.0661,1,bhvādi,Barva~,bharva,भर्व,hiMsAyAm,hiṃsāyām,हिंसायाम्
01.0662,1,bhvādi,parza~\,parṣa,पर्ष,snehane,snehane,स्नेहने
01.0663,1,bhvādi,bahi~\,bahi,बहि,vfdDO,vṛddhau,वृद्धौ
01.0664,1,bhvādi,karva~,karva,कर्व,darpe,darpe,दर्पे
01.0665,1,bhvādi,Karva~,kharva,खर्व,darpe,darpe,दर्पे
01.0666,1,bhvādi,garva~,garva,गर्व,darpe,darpe,दर्पे
01.0667,1,bhvādi,arva~,arva,अर्व,hiMsAyAm,hiṃsāyām,हिंसायाम्
01.0668,1,bhvādi,Sarva~,śarva,शर्व,hiMsAyAm,hiṃsāyām,हिंसायाम्
01.0669,1,bhvādi,zarva~,ṣarva,षर्व,hiMsAyAm,hiṃsāyām,हिंसायाम्
01.0670,1,bhvādi,ivi~,ivi,इवि,vyAptO,vyāptau,व्याप्तौ
01.0671,1,bhvādi,pivi~,pivi,पिवि,sevane secane ca,sevane secane ca,सेवने सेचने च
01.0672,1,bhvādi,mivi~,mivi,मिवि,sevane secane saMsrane ca,sevane secane saṃsrane ca,सेवने सेचने संस्रने च
01.0673,1,bhvādi,Rivi~,ṇivi,णिवि,sevane secane saMsrane ca,sevane secane saṃsrane ca,सेवने सेचने संस्रने च
01.0674,1,bhvādi,zivi~,ṣivi,षिवि,sevane secane ca,sevane secane ca,सेवने सेचने च
01.0675,1,bhvādi,hivi~,hivi,हिवि,prIRane,prīṇane,प्रीणने
01.0676,1,bhvādi,divi~,divi,दिवि,prIRane,prīṇane,प्रीणने
01.0677,1,bhvādi,Divi~,dhivi,धिवि,prIRane,prīṇane,प्रीणने
01.0678,1,bhvādi,jivi~,jivi,जिवि,prIRane,prīṇane,प्रीणने
01.0679,1,bhvādi,rivi~,rivi,रिवि,gatO,gatau,गतौ
01.0680,1,bhvādi,ravi~,ravi,रवि,gatO,gatau,गतौ
01.0681,1,bhvādi,Davi~,dhavi,धवि,gatO,gatau,गतौ
01.0682,1,bhvādi,kfvi~,kṛvi,कृवि,gatO hiMsAkaraRayoSca,gatau hiṃsākaraṇayośca,गतौ हिंसाकरणयोश्च
01.0683,1,bhvādi,mava~,mava,मव,banDane,bandhane,बन्धने
01.0684,1,bhvādi,ava~,ava,अव,rakzaRagatikAntiprItitfptyavagamapraveSaSravaRasvAmyarTayAcanakriyecCAdIptyavAptyAliNganahiMsAdAnaBAgavfdDizu,rakṣaṇagatikāntiprītitṛptyavagamapraveśaśravaṇasvāmyarthayācanakriyecchādīptyavāptyāliṅganahiṃsādānabhāgavṛddhiṣu,रक्षणगतिकान्तिप्रीतितृप्त्यवगमप्रवेशश्रवणस्वाम्यर्थयाचनक्रियेच्छादीप्त्यवाप्त्यालिङ्गनहिंसादानभागवृद्धिषु
01.0685,1,bhvādi,DAvu~^,dhāvu,धावु,gatiSudDyoH,gatiśuddhyoḥ,गतिशुद्ध्योः
01.0686,1,bhvādi,Dukza~\,dhukṣa,धुक्ष,sandIpanakleSanajIvanezu,sandīpanakleśanajīvaneṣu,सन्दीपनक्लेशनजीवनेषु
01.0687,1,bhvādi,Dikza~\,dhikṣa,धिक्ष,sandIpanakleSanajIvanezu,sandīpanakleśanajīvaneṣu,सन्दीपनक्लेशनजीवनेषु
01.0688,1,bhvādi,vfkza~\,vṛkṣa,वृक्ष,varaRe,varaṇe,वरणे
01.0689,1,bhvādi,Sikza~\,śikṣa,शिक्ष,vidyopAdAne,vidyopādāne,विद्योपादाने
01.0690,1,bhvādi,Bikza~\,bhikṣa,भिक्ष,BikzAyAmalABe lABe ca,bhikṣāyāmalābhe lābhe ca,भिक्षायामलाभे लाभे च
01.0691,1,bhvādi,kleSa~\,kleśa,क्लेश,avyaktAyAM vAci,avyaktāyāṃ vāci,अव्यक्तायां वाचि
01.0692,1,bhvādi,dakza~\,dakṣa,दक्ष,vfdDO SIGrArTe ca,vṛddhau śīghrārthe ca,वृद्धौ शीघ्रार्थे च
01.0693,1,bhvādi,dIkza~\,dīkṣa,दीक्ष,mORqyejyopanayananiyamavratAdeSezu,mauṇḍyejyopanayananiyamavratādeśeṣu,मौण्ड्येज्योपनयननियमव्रतादेशेषु
01.0694,1,bhvādi,Ikza~\,īkṣa,ईक्ष,darSane,darśane,दर्शने
01.0695,1,bhvādi,Iza~\,īṣa,ईष,gatihiMsAdarSanezu,gatihiṃsādarśaneṣu,गतिहिंसादर्शनेषु
01.0696,1,bhvādi,BAza~\,bhāṣa,भाष,vyaktAyAM vAci,vyaktāyāṃ vāci,व्यक्तायां वाचि
01.0697,1,bhvādi,varza~\,varṣa,वर्ष,snehane,snehane,स्नेहने
01.0698,1,bhvādi,gezf~\,geṣṛ,गेषृ,anvicCAyAm,anvicchāyām,अन्विच्छायाम्
01.0699,1,bhvādi,glezf~\,gleṣṛ,ग्लेषृ,anvicCAyAm,anvicchāyām,अन्विच्छायाम्
01.0700,1,bhvādi,pezf~\,peṣṛ,पेषृ,prayatne,prayatne,प्रयत्ने
01.0701,1,bhvādi,ezf~\,eṣṛ,एषृ,prayatne,prayatne,प्रयत्ने
01.0702,1,bhvādi,yezf~\,yeṣṛ,येषृ,prayatne,prayatne,प्रयत्ने
01.0703,1,bhvādi,jezf~\,jeṣṛ,जेषृ,gatO,gatau,गतौ
01.0704,1,bhvādi,Rezf~\,ṇeṣṛ,णेषृ,gatO,gatau,गतौ
01.0705,1,bhvādi,ezf~\,eṣṛ,एषृ,gatO,gatau,गतौ
01.0706,1,bhvādi,prezf~\,preṣṛ,प्रेषृ,gatO,gatau,गतौ
01.0707,1,bhvādi,rezf~\,reṣṛ,रेषृ,avyakte Sabde,avyakte śabde,अव्यक्ते शब्दे
01.0708,1,bhvādi,hezf~\,heṣṛ,हेषृ,avyakte Sabde,avyakte śabde,अव्यक्ते शब्दे
01.0709,1,bhvādi,hrezf~\,hreṣṛ,ह्रेषृ,avyakte Sabde,avyakte śabde,अव्यक्ते शब्दे
01.0710,1,bhvādi,kAsf~\,kāsṛ,कासृ,SabdakutsAyAm,śabdakutsāyām,शब्दकुत्सायाम्
01.0711,1,bhvādi,BAsf~\,bhāsṛ,भासृ,dIptO,dīptau,दीप्तौ
01.0712,1,bhvādi,RAsf~\,ṇāsṛ,णासृ,Sabde,śabde,शब्दे
01.0713,1,bhvādi,rAsf~\,rāsṛ,रासृ,Sabde,śabde,शब्दे
01.0714,1,bhvādi,Rasa~\,ṇasa,णस,kOwilye,kauṭilye,कौटिल्ये
01.0715,1,bhvādi,Byasa~\,bhyasa,भ्यस,Baye,bhaye,भये
01.0716,1,bhvādi,Sasi~\,śasi,शसि,icCAyAm,icchāyām,इच्छायाम्
01.0717,1,bhvādi,grasu~\,grasu,ग्रसु,adane,adane,अदने
01.0718,1,bhvādi,glasu~\,glasu,ग्लसु,adane,adane,अदने
01.0719,1,bhvādi,Iha~\,īha,ईह,cezwAyAm,ceṣṭāyām,चेष्टायाम्
01.0720,1,bhvādi,vahi~\,vahi,वहि,vfdDO,vṛddhau,वृद्धौ
01.0721,1,bhvādi,mahi~\,mahi,महि,vfdDO,vṛddhau,वृद्धौ
01.0722,1,bhvādi,ahi~\,ahi,अहि,gatO,gatau,गतौ
01.0723,1,bhvādi,garha~\,garha,गर्ह,kutsAyAm,kutsāyām,कुत्सायाम्
01.0724,1,bhvādi,galha~\,galha,गल्ह,kutsAyAm,kutsāyām,कुत्सायाम्
01.0725,1,bhvādi,barha~\,barha,बर्ह,prADAnye,prādhānye,प्राधान्ये
01.0726,1,bhvādi,balha~\,balha,बल्ह,prADAnye,prādhānye,प्राधान्ये
01.0727,1,bhvādi,varha~\,varha,वर्ह,pariBAzaRahiMsAcCAdanezu,paribhāṣaṇahiṃsācchādaneṣu,परिभाषणहिंसाच्छादनेषु
01.0728,1,bhvādi,valha~\,valha,वल्ह,pariBAzaRahiMsAcCAdanezu,paribhāṣaṇahiṃsācchādaneṣu,परिभाषणहिंसाच्छादनेषु
01.0729,1,bhvādi,pliha~\,pliha,प्लिह,gatO,gatau,गतौ
01.0730,1,bhvādi,vehf~\,vehṛ,वेहृ,prayatne,prayatne,प्रयत्ने
01.0731,1,bhvādi,jehf~\,jehṛ,जेहृ,prayatne gatO ca,prayatne gatau ca,प्रयत्ने गतौ च
01.0732,1,bhvādi,bAhf~\,bāhṛ,बाहृ,prayatne,prayatne,प्रयत्ने
01.0733,1,bhvādi,drAhf~\,drāhṛ,द्राहृ,nidrAkzaye nikzepe ca,nidrākṣaye nikṣepe ca,निद्राक्षये निक्षेपे च
01.0734,1,bhvādi,kASf~\,kāśṛ,काशृ,dIptO,dīptau,दीप्तौ
01.0735,1,bhvādi,Uha~\,ūha,ऊह,vitarke,vitarke,वितर्के
01.0736,1,bhvādi,gAhU~\,gāhū,गाहू,viloqane,viloḍane,विलोडने
01.0737,1,bhvādi,gfhU~\,gṛhū,गृहू,grahaRe,grahaṇe,ग्रहणे
01.0738,1,bhvādi,glaha~\,glaha,ग्लह,grahaRe apAdAne ca,grahaṇe apādāne ca,ग्रहणे अपादाने च
01.0739,1,bhvādi,Gaza~\,ghaṣa,घष,kAntikaraRe,kāntikaraṇe,कान्तिकरणे
01.0740,1,bhvādi,Guzi~\,ghuṣi,घुषि,kAntikaraRe,kāntikaraṇe,कान्तिकरणे
01.0741,1,bhvādi,Guzi~r,ghuṣir,घुषिर्,aviSabdane,aviśabdane,अविशब्दने
01.0742,1,bhvādi,akzU~,akṣū,अक्षू,vyAptO,vyāptau,व्याप्तौ
01.0743,1,bhvādi,takzU~,takṣū,तक्षू,tanUkaraRe,tanūkaraṇe,तनूकरणे
01.0744,1,bhvādi,tvakzU~,tvakṣū,त्वक्षू,tanUkaraRe,tanūkaraṇe,तनूकरणे
01.0745,1,bhvādi,ukza~,ukṣa,उक्ष,secane,secane,सेचने
01.0746,1,bhvādi,rakza~,rakṣa,रक्ष,pAlane,pālane,पालने
01.0747,1,bhvādi,Rikza~,ṇikṣa,णिक्ष,cumbane,cumbane,चुम्बने
01.0748,1,bhvādi,trakza~,trakṣa,त्रक्ष,gatO,gatau,गतौ
01.0749,1,bhvādi,zwrakza~,ṣṭrakṣa,ष्ट्रक्ष,gatO,gatau,गतौ
01.0750,1,bhvādi,tfkza~,tṛkṣa,तृक्ष,gatO,gatau,गतौ
01.0751,1,bhvādi,zwfkza~,ṣṭṛkṣa,ष्टृक्ष,gatO,gatau,गतौ
01.0752,1,bhvādi,Rakza~,ṇakṣa,णक्ष,gatO,gatau,गतौ
01.0753,1,bhvādi,vakza~,vakṣa,वक्ष,roze saNGAte ca,roṣe saṅghāte ca,रोषे सङ्घाते च
01.0754,1,bhvādi,mfkza~,mṛkṣa,मृक्ष,saNGAte,saṅghāte,सङ्घाते
01.0755,1,bhvādi,mrakza~,mrakṣa,म्रक्ष,saNGAte,saṅghāte,सङ्घाते
01.0756,1,bhvādi,takza~,takṣa,तक्ष,tvacane,tvacane,त्वचने
01.0757,1,bhvādi,pakza~,pakṣa,पक्ष,parigrahe,parigrahe,परिग्रहे
01.0758,1,bhvādi,sUrkza~,sūrkṣa,सूर्क्ष,Adare,ādare,आदरे
01.0759,1,bhvādi,zalf~,ṣalṛ,षलृ,gatO,gatau,गतौ
01.0760,1,bhvādi,kAkzi~,kākṣi,काक्षि,kANkzAyAm,kāṅkṣāyām,काङ्क्षायाम्
01.0761,1,bhvādi,vAkzi~,vākṣi,वाक्षि,kANkzAyAm,kāṅkṣāyām,काङ्क्षायाम्
01.0762,1,bhvādi,mAkzi~,mākṣi,माक्षि,kANkzAyAm,kāṅkṣāyām,काङ्क्षायाम्
01.0763,1,bhvādi,drAkzi~,drākṣi,द्राक्षि,kANkzAyAm GoravASite ca,kāṅkṣāyām ghoravāśite ca,काङ्क्षायाम् घोरवाशिते च
01.0764,1,bhvādi,DrAkzi~,dhrākṣi,ध्राक्षि,kANkzAyAm GoravASite ca,kāṅkṣāyām ghoravāśite ca,काङ्क्षायाम् घोरवाशिते च
01.0765,1,bhvādi,DvAkzi~,dhvākṣi,ध्वाक्षि,kANkzAyAm GoravASite ca,kāṅkṣāyām ghoravāśite ca,काङ्क्षायाम् घोरवाशिते च
01.0766,1,bhvādi,SucyI~,śucyī,शुच्यी,aBizave,abhiṣave,अभिषवे
01.0767,1,bhvādi,cUza~,cūṣa,चूष,pAne,pāne,पाने
01.0768,1,bhvādi,tUza~,tūṣa,तूष,tuzwO,tuṣṭau,तुष्टौ
01.0769,1,bhvādi,pUza~,pūṣa,पूष,vfdDO,vṛddhau,वृद्धौ
01.0770,1,bhvādi,mUza~,mūṣa,मूष,steye,steye,स्तेये
01.0771,1,bhvādi,lUza~,lūṣa,लूष,BUzAyAm,bhūṣāyām,भूषायाम्
01.0772,1,bhvādi,rUza~,rūṣa,रूष,BUzAyAm,bhūṣāyām,भूषायाम्
01.0773,1,bhvādi,SUza~,śūṣa,शूष,prasave,prasave,प्रसवे
01.0774,1,bhvādi,zUza~,ṣūṣa,षूष,prasave,prasave,प्रसवे
01.0775,1,bhvādi,yUza~,yūṣa,यूष,hiMsAyAm,hiṃsāyām,हिंसायाम्
01.0776,1,bhvādi,jUza~,jūṣa,जूष,hiMsAyAm,hiṃsāyām,हिंसायाम्
01.0777,1,bhvādi,BUza~,bhūṣa,भूष,alaNkAre,alaṅkāre,अलङ्कारे
01.0778,1,bhvādi,gluhU~^,gluhū,ग्लुहू,grahaRe,grahaṇe,ग्रहणे
01.0779,1,bhvādi,Uza~,ūṣa,ऊष,rujAyAm,rujāyām,रुजायाम्
01.0780,1,bhvādi,Iza~,īṣa,ईष,uYCe,uñche,उञ्छे
01.0781,1,bhvādi,kaza~,kaṣa,कष,hiMsAyAm,hiṃsāyām,हिंसायाम्
01.0782,1,bhvādi,Kaza~,khaṣa,खष,hiMsAyAm,hiṃsāyām,हिंसायाम्
01.0783,1,bhvādi,Si\za~,śiṣa,शिष,hiMsAyAm,hiṃsāyām,हिंसायाम्
01.0784,1,bhvādi,jaza~,jaṣa,जष,hiMsAyAm,hiṃsāyām,हिंसायाम्
01.0785,1,bhvādi,Jaza~,jhaṣa,झष,hiMsAyAm,hiṃsāyām,हिंसायाम्
01.0786,1,bhvādi,Saza~,śaṣa,शष,hiMsAyAm,hiṃsāyām,हिंसायाम्
01.0787,1,bhvādi,vaza~,vaṣa,वष,hiMsAyAm,hiṃsāyām,हिंसायाम्
01.0788,1,bhvādi,maza~,maṣa,मष,hiMsAyAm,hiṃsāyām,हिंसायाम्
01.0789,1,bhvādi,ruza~,ruṣa,रुष,hiMsAyAm,hiṃsāyām,हिंसायाम्
01.0790,1,bhvādi,riza~,riṣa,रिष,hiMsAyAm,hiṃsāyām,हिंसायाम्
01.0791,1,bhvādi,Baza~,bhaṣa,भष,Bartsane,bhartsane,भर्त्सने
01.0792,1,bhvādi,uza~,uṣa,उष,dAhe,dāhe,दाहे
01.0793,1,bhvādi,jizu~,jiṣu,जिषु,secane,secane,सेचने
01.0794,1,bhvādi,vi\zu~,viṣu,विषु,secane,secane,सेचने
01.0795,1,bhvādi,mizu~,miṣu,मिषु,secane,secane,सेचने
01.0796,1,bhvādi,muza~,muṣa,मुष,hiMsAyAm,hiṃsāyām,हिंसायाम्
01.0797,1,bhvādi,puza~,puṣa,पुष,puzwO,puṣṭau,पुष्टौ
01.0798,1,bhvādi,Srizu~,śriṣu,श्रिषु,dAhe,dāhe,दाहे
01.0799,1,bhvādi,Slizu~,śliṣu,श्लिषु,dAhe,dāhe,दाहे
01.0800,1,bhvādi,pruzu~,pruṣu,प्रुषु,dAhe,dāhe,दाहे
01.0801,1,bhvādi,pluzu~,pluṣu,प्लुषु,dAhe,dāhe,दाहे
01.0802,1,bhvādi,pfzu~,pṛṣu,पृषु,secanahiMsAsaNkleSanezu,secanahiṃsāsaṅkleśaneṣu,सेचनहिंसासङ्क्लेशनेषु
01.0803,1,bhvādi,vfzu~,vṛṣu,वृषु,secanahiMsAsaNkleSanezu,secanahiṃsāsaṅkleśaneṣu,सेचनहिंसासङ्क्लेशनेषु
01.0804,1,bhvādi,mfzu~,mṛṣu,मृषु,secane sahane ca,secane sahane ca,सेचने सहने च
01.0805,1,bhvādi,Gfzu~,ghṛṣu,घृषु,saNGarze,saṅgharṣe,सङ्घर्षे
01.0806,1,bhvādi,hfzu~,hṛṣu,हृषु,alIke,alīke,अलीके
01.0807,1,bhvādi,tusa~,tusa,तुस,Sabde,śabde,शब्दे
01.0808,1,bhvādi,hrasa~,hrasa,ह्रस,Sabde,śabde,शब्दे
01.0809,1,bhvādi,hlasa~,hlasa,ह्लस,Sabde,śabde,शब्दे
01.0810,1,bhvādi,rasa~,rasa,रस,Sabde,śabde,शब्दे
01.0811,1,bhvādi,lasa~,lasa,लस,SlezaRakrIqanayoH,śleṣaṇakrīḍanayoḥ,श्लेषणक्रीडनयोः
01.0812,1,bhvādi,Ga\sx~,ghasḷ,घसॢ,adane,adane,अदने
01.0813,1,bhvādi,jarja~,jarja,जर्ज,pariBAzaRahiMsAtarjanezu,paribhāṣaṇahiṃsātarjaneṣu,परिभाषणहिंसातर्जनेषु
01.0814,1,bhvādi,carca~,carca,चर्च,pariBAzaRahiMsAtarjanezu,paribhāṣaṇahiṃsātarjaneṣu,परिभाषणहिंसातर्जनेषु
01.0815,1,bhvādi,JarJa~,jharjha,झर्झ,pariBAzaRahiMsAtarjanezu,paribhāṣaṇahiṃsātarjaneṣu,परिभाषणहिंसातर्जनेषु
01.0816,1,bhvādi,pisf~,pisṛ,पिसृ,gatO,gatau,गतौ
01.0817,1,bhvādi,pesf~,pesṛ,पेसृ,gatO,gatau,गतौ
01.0818,1,bhvādi,visf~,visṛ,विसृ,gatO,gatau,गतौ
01.0819,1,bhvādi,vesf~,vesṛ,वेसृ,gatO,gatau,गतौ
01.0820,1,bhvādi,piSf~,piśṛ,पिशृ,gatO,gatau,गतौ
01.0821,1,bhvādi,peSf~,peśṛ,पेशृ,gatO,gatau,गतौ
01.0822,1,bhvādi,hase~,hase,हसे,hasane,hasane,हसने
01.0823,1,bhvādi,RiSa~,ṇiśa,णिश,samADO,samādhau,समाधौ
01.0824,1,bhvādi,miSa~,miśa,मिश,Sabde rozakfte gatO ca,śabde roṣakṛte gatau ca,शब्दे रोषकृते गतौ च
01.0825,1,bhvādi,maSa~,maśa,मश,Sabde rozakfte gatO ca,śabde roṣakṛte gatau ca,शब्दे रोषकृते गतौ च
01.0826,1,bhvādi,Sava~,śava,शव,gatO,gatau,गतौ
01.0827,1,bhvādi,SaSa~,śaśa,शश,plutagatO,plutagatau,प्लुतगतौ
01.0828,1,bhvādi,Sasu~,śasu,शसु,hiMsAyAm,hiṃsāyām,हिंसायाम्
01.0829,1,bhvādi,Sansu~,śansu,शन्सु,stutO,stutau,स्तुतौ
01.0830,1,bhvādi,caha~,caha,चह,parikalkane,parikalkane,परिकल्कने
01.0831,1,bhvādi,maha~,maha,मह,pUjAyAm,pūjāyām,पूजायाम्
01.0832,1,bhvādi,raha~,raha,रह,tyAge,tyāge,त्यागे
01.0833,1,bhvādi,rahi~,rahi,रहि,gatO,gatau,गतौ
01.0834,1,bhvādi,dfha~,dṛha,दृह,vfdDO,vṛddhau,वृद्धौ
01.0835,1,bhvādi,dfhi~,dṛhi,दृहि,vfdDO,vṛddhau,वृद्धौ
01.0836,1,bhvādi,bfha~,bṛha,बृह,vfdDO,vṛddhau,वृद्धौ
01.0837,1,bhvādi,bfhi~,bṛhi,बृहि,vfdDO Sabde ca,vṛddhau śabde ca,वृद्धौ शब्दे च
01.0838,1,bhvādi,tuhi~r,tuhir,तुहिर्,ardane,ardane,अर्दने
01.0839,1,bhvādi,duhi~r,duhir,दुहिर्,ardane,ardane,अर्दने
01.0840,1,bhvādi,uhi~r,uhir,उहिर्,ardane,ardane,अर्दने
01.0841,1,bhvādi,arha~,arha,अर्ह,pUjAyAm,pūjāyām,पूजायाम्
01.0842,1,bhvādi,dyuta~\,dyuta,द्युत,dIptO,dīptau,दीप्तौ
01.0843,1,bhvādi,SvitA~\,śvitā,श्विता,varRe,varṇe,वर्णे
01.0844,1,bhvādi,YimidA~\,ñimidā,ञिमिदा,snehane,snehane,स्नेहने
01.0845,1,bhvādi,YizvidA~\,ñiṣvidā,ञिष्विदा,snehanamocanayoH gAtraprasravaRe ca,snehanamocanayoḥ gātraprasravaṇe ca,स्नेहनमोचनयोः गात्रप्रस्रवणे च
01.0846,1,bhvādi,YikzvidA~\,ñikṣvidā,ञिक्ष्विदा,snehanamocanayoH,snehanamocanayoḥ,स्नेहनमोचनयोः
01.0847,1,bhvādi,ruca~\,ruca,रुच,dIptAvaBiprItO ca,dīptāvabhiprītau ca,दीप्तावभिप्रीतौ च
01.0848,1,bhvādi,Guwa~\,ghuṭa,घुट,parivartane,parivartane,परिवर्तने
01.0849,1,bhvādi,ruwa~\,ruṭa,रुट,pratiGAte,pratighāte,प्रतिघाते
01.0850,1,bhvādi,luwa~\,luṭa,लुट,pratiGAte,pratighāte,प्रतिघाते
01.0851,1,bhvādi,luWa~\,luṭha,लुठ,pratiGAte,pratighāte,प्रतिघाते
01.0852,1,bhvādi,vfha~,vṛha,वृह,vfdDO,vṛddhau,वृद्धौ
01.0853,1,bhvādi,SuBa~\,śubha,शुभ,dIptO,dīptau,दीप्तौ
01.0854,1,bhvādi,kzuBa~\,kṣubha,क्षुभ,saYcalane,sañcalane,सञ्चलने
01.0855,1,bhvādi,RaBa~\,ṇabha,णभ,hiMsAyAm aBAve ca,hiṃsāyām abhāve ca,हिंसायाम् अभावे च
01.0856,1,bhvādi,tuBa~\,tubha,तुभ,hiMsAyAm,hiṃsāyām,हिंसायाम्
01.0857,1,bhvādi,sransu~\,sransu,स्रन्सु,avasraMsane,avasraṃsane,अवस्रंसने
01.0858,1,bhvādi,Dvansu~\,dhvansu,ध्वन्सु,avasraMsane gatO ca,avasraṃsane gatau ca,अवस्रंसने गतौ च
01.0859,1,bhvādi,Bransu~\,bhransu,भ्रन्सु,avasraMsane,avasraṃsane,अवस्रंसने
01.0860,1,bhvādi,BranSu~\,bhranśu,भ्रन्शु,avasraMsane,avasraṃsane,अवस्रंसने
01.0861,1,bhvādi,sranBu~\,sranbhu,स्रन्भु,viSvAse,viśvāse,विश्वासे
01.0862,1,bhvādi,vftu~\,vṛtu,वृतु,vartane,vartane,वर्तने
01.0863,1,bhvādi,vfDu~\,vṛdhu,वृधु,vfdDO,vṛddhau,वृद्धौ
01.0864,1,bhvādi,SfDu~\,śṛdhu,शृधु,undane SabdakutsAyAm ca,undane śabdakutsāyām ca,उन्दने शब्दकुत्सायाम् च
01.0865,1,bhvādi,syandU~\,syandū,स्यन्दू,prasravaRe,prasravaṇe,प्रस्रवणे
01.0866,1,bhvādi,kfpU~\,kṛpū,कृपू,sAmarTye,sāmarthye,सामर्थ्ये
01.0867,1,bhvādi,Gawa~\,ghaṭa,घट,cezwAyAm,ceṣṭāyām,चेष्टायाम्
01.0868,1,bhvādi,vyaTa~\,vyatha,व्यथ,BayasaYcalanayoH,bhayasañcalanayoḥ,भयसञ्चलनयोः
01.0869,1,bhvādi,praTa~\,pratha,प्रथ,praKyAne,prakhyāne,प्रख्याने
01.0870,1,bhvādi,prasa~\,prasa,प्रस,vistAre,vistāre,विस्तारे
01.0871,1,bhvādi,mrada~\,mrada,म्रद,mardane,mardane,मर्दने
01.0872,1,bhvādi,sKada~\,skhada,स्खद,sKadane,skhadane,स्खदने
01.0873,1,bhvādi,kzaji~\,kṣaji,क्षजि,gatidAnayoH,gatidānayoḥ,गतिदानयोः
01.0874,1,bhvādi,dakza~\,dakṣa,दक्ष,gatihiMsanaSAsanavfdDiSIGrArTezu,gatihiṃsanaśāsanavṛddhiśīghrārtheṣu,गतिहिंसनशासनवृद्धिशीघ्रार्थेषु
01.0875,1,bhvādi,kfpa~\,kṛpa,कृप,kfpAyAM gatO ca,kṛpāyāṃ gatau ca,कृपायां गतौ च
01.0876,1,bhvādi,krapa~\,krapa,क्रप,kfpAyAM gatO ca,kṛpāyāṃ gatau ca,कृपायां गतौ च
01.0877,1,bhvādi,vfhi~,vṛhi,वृहि,vfdDO Sabde ca,vṛddhau śabde ca,वृद्धौ शब्दे च
01.0878,1,bhvādi,kadi~\,kadi,कदि,vEklavye,vaiklavye,वैक्लव्ये
01.0879,1,bhvādi,kradi~\,kradi,क्रदि,vEklavye,vaiklavye,वैक्लव्ये
01.0880,1,bhvādi,kladi~\,kladi,क्लदि,vEklavye,vaiklavye,वैक्लव्ये
01.0881,1,bhvādi,kada~\,kada,कद,vEklavye,vaiklavye,वैक्लव्ये
01.0882,1,bhvādi,krada~\,krada,क्रद,vEklavye,vaiklavye,वैक्लव्ये
01.0883,1,bhvādi,klada~\,klada,क्लद,vEklavye,vaiklavye,वैक्लव्ये
01.0884,1,bhvādi,YitvarA~\,ñitvarā,ञित्वरा,samBrame,sambhrame,सम्भ्रमे
01.0885,1,bhvādi,jvara~,jvara,ज्वर,roge,roge,रोगे
01.0886,1,bhvādi,gaqa~,gaḍa,गड,secane,secane,सेचने
01.0887,1,bhvādi,heqa~,heḍa,हेड,vezwane,veṣṭane,वेष्टने
01.0888,1,bhvādi,vawa~,vaṭa,वट,pariBAzaRe,paribhāṣaṇe,परिभाषणे
01.0889,1,bhvādi,Bawa~,bhaṭa,भट,pariBAzaRe,paribhāṣaṇe,परिभाषणे
01.0890,1,bhvādi,Rawa~,ṇaṭa,णट,nfttO gatO ca,nṛttau gatau ca,नृत्तौ गतौ च
01.0891,1,bhvādi,zwaka~,ṣṭaka,ष्टक,pratiGAte,pratighāte,प्रतिघाते
01.0892,1,bhvādi,caka~,caka,चक,tfptO,tṛptau,तृप्तौ
01.0893,1,bhvādi,kaKe~,kakhe,कखे,hasane,hasane,हसने
01.0894,1,bhvādi,rage~,rage,रगे,SaNkAyAm,śaṅkāyām,शङ्कायाम्
01.0895,1,bhvādi,lage~,lage,लगे,saNge,saṅge,सङ्गे
01.0896,1,bhvādi,hrage~,hrage,ह्रगे,saMvaraRe,saṃvaraṇe,संवरणे
01.0897,1,bhvādi,hlage~,hlage,ह्लगे,saMvaraRe,saṃvaraṇe,संवरणे
01.0898,1,bhvādi,zage~,ṣage,षगे,saMvaraRe,saṃvaraṇe,संवरणे
01.0899,1,bhvādi,zwage~,ṣṭage,ष्टगे,saMvaraRe,saṃvaraṇe,संवरणे
01.0900,1,bhvādi,kage~,kage,कगे,anekArTAH,anekārthāḥ,अनेकार्थाः
01.0901,1,bhvādi,aka~,aka,अक,kuwilAyAM gatO,kuṭilāyāṃ gatau,कुटिलायां गतौ
01.0902,1,bhvādi,aga~,aga,अग,kuwilAyAM gatO,kuṭilāyāṃ gatau,कुटिलायां गतौ
01.0903,1,bhvādi,kaRa~,kaṇa,कण,gatO Sabde ca,gatau śabde ca,गतौ शब्दे च
01.0904,1,bhvādi,raRa~,raṇa,रण,gatO Sabde ca,gatau śabde ca,गतौ शब्दे च
01.0905,1,bhvādi,caRa~,caṇa,चण,dAne gatO ca,dāne gatau ca,दाने गतौ च
01.0906,1,bhvādi,SaRa~,śaṇa,शण,dAne gatO ca,dāne gatau ca,दाने गतौ च
01.0907,1,bhvādi,SraRa~,śraṇa,श्रण,dAne gatO ca,dāne gatau ca,दाने गतौ च
01.0908,1,bhvādi,SraTa~,śratha,श्रथ,hiMsAyAm,hiṃsāyām,हिंसायाम्
01.0909,1,bhvādi,zWage~,ṣṭhage,ष्ठगे,saMvaraRe,saṃvaraṇe,संवरणे
01.0910,1,bhvādi,SlaTa~,ślatha,श्लथ,hiMsAyAm,hiṃsāyām,हिंसायाम्
01.0911,1,bhvādi,knaTa~,knatha,क्नथ,hiMsAyAm,hiṃsāyām,हिंसायाम्
01.0912,1,bhvādi,kraTa~,kratha,क्रथ,hiMsAyAm,hiṃsāyām,हिंसायाम्
01.0913,1,bhvādi,klaTa~,klatha,क्लथ,hiMsAyAm,hiṃsāyām,हिंसायाम्
01.0914,1,bhvādi,cana~,cana,चन,hiMsAyAm,hiṃsāyām,हिंसायाम्
01.0915,1,bhvādi,vana~,vana,वन,hiMsAyAm,hiṃsāyām,हिंसायाम्
01.0916,1,bhvādi,jvala~,jvala,ज्वल,dIptO,dīptau,दीप्तौ
01.0917,1,bhvādi,hvala~,hvala,ह्वल,calane,calane,चलने
01.0918,1,bhvādi,hmala~,hmala,ह्मल,calane,calane,चलने
01.0919,1,bhvādi,smf\,smṛ,स्मृ,ADyAne,ādhyāne,आध्याने
01.0920,1,bhvādi,dF,dṝ,दॄ,Baye,bhaye,भये
01.0921,1,bhvādi,nF,nṝ,नॄ,naye,naye,नये
01.0922,1,bhvādi,SrA,śrā,श्रा,pAke,pāke,पाके
01.0923,1,bhvādi,jYA,jñā,ज्ञा,mAraRatozaRaniSAmanezu,māraṇatoṣaṇaniśāmaneṣu,मारणतोषणनिशामनेषु
01.0924,1,bhvādi,cala~,cala,चल,kampane,kampane,कम्पने
01.0925,1,bhvādi,CadiH,chadiḥ,छदिः,Urjane,ūrjane,ऊर्जने
01.0926,1,bhvādi,laqa~,laḍa,लड,vilAse jihvonmaTane ca,vilāse jihvonmathane ca,विलासे जिह्वोन्मथने च
01.0927,1,bhvādi,madI~,madī,मदी,harzaglepanayoH,harṣaglepanayoḥ,हर्षग्लेपनयोः
01.0928,1,bhvādi,Dvana~,dhvana,ध्वन,Sabde,śabde,शब्दे
01.0929,1,bhvādi,Samo~,śamo,शमो,darSane,darśane,दर्शने
01.0930,1,bhvādi,yama~,yama,यम,aparivezaRe,apariveṣaṇe,अपरिवेषणे
01.0931,1,bhvādi,sKadi~\r,skhadir,स्खदिर्,vidrAvaRe vidAraRe ca,vidrāvaṇe vidāraṇe ca,विद्रावणे विदारणे च
01.0932,1,bhvādi,svana~,svana,स्वन,avataMsane,avataṃsane,अवतंसने
01.0933,1,bhvādi,-,-,-,,,
01.0934,1,bhvādi,-,-,-,,,
01.0935,1,bhvādi,-,-,-,,,
01.0936,1,bhvādi,-,-,-,,,
01.0937,1,bhvādi,-,-,-,,,
01.0938,1,bhvādi,-,-,-,,,
01.0939,1,bhvādi,-,-,-,,,
01.0940,1,bhvādi,-,-,-,,,
01.0941,1,bhvādi,-,-,-,,,
01.0942,1,bhvādi,tfha~,tṛha,तृह,vfdDO,vṛddhau,वृद्धौ
01.0943,1,bhvādi,tfhi~,tṛhi,तृहि,vfdDO,vṛddhau,वृद्धौ
01.0944,1,bhvādi,-,-,-,,,
01.0945,1,bhvādi,rugi~,rugi,रुगि,varjane,varjane,वर्जने
01.0946,1,bhvādi,Kuqi~,khuḍi,खुडि,gativEkalye,gativaikalye,गतिवैकल्ये
01.0947,1,bhvādi,mleqf~,mleḍṛ,म्लेडृ,unmAde,unmāde,उन्मादे
01.0948,1,bhvādi,mewf~,meṭṛ,मेटृ,unmAde,unmāde,उन्मादे
01.0949,1,bhvādi,biqa~,biḍa,बिड,AkroSe,ākrośe,आक्रोशे
01.0950,1,bhvādi,makza~,makṣa,मक्ष,roze saNGAte ca,roṣe saṅghāte ca,रोषे सङ्घाते च
01.0951,1,bhvādi,vanu~,vanu,वनु,anekArTatve,anekārthatve,अनेकार्थत्वे
01.0952,1,bhvādi,vAhf~\,vāhṛ,वाहृ,prayatne,prayatne,प्रयत्ने
01.0953,1,bhvādi,ra\ma~\,rama,रम,krIqAyAm,krīḍāyām,क्रीडायाम्
01.0954,1,bhvādi,quyAcf~^,ḍuyācṛ,डुयाचृ,yAcYAyAm,yācñāyām,याच्ञायाम्
01.0955,1,bhvādi,PaRa~,phaṇa,फण,gatidIptyoH,gatidīptyoḥ,गतिदीप्त्योः
01.0956,1,bhvādi,rAjf~^,rājṛ,राजृ,dIptO,dīptau,दीप्तौ
01.0957,1,bhvādi,wuBrAjf~\,ṭubhrājṛ,टुभ्राजृ,dIptO,dīptau,दीप्तौ
01.0958,1,bhvādi,wuBrASf~\,ṭubhrāśṛ,टुभ्राशृ,dIptO,dīptau,दीप्तौ
01.0959,1,bhvādi,wuBlASf~\,ṭubhlāśṛ,टुभ्लाशृ,dIptO,dīptau,दीप्तौ
01.0960,1,bhvādi,syamu~,syamu,स्यमु,Sabde,śabde,शब्दे
01.0961,1,bhvādi,svana~,svana,स्वन,Sabde,śabde,शब्दे
01.0962,1,bhvādi,Dvana~,dhvana,ध्वन,Sabde,śabde,शब्दे
01.0963,1,bhvādi,zama~,ṣama,षम,avEkalye,avaikalye,अवैकल्ये
01.0964,1,bhvādi,zwama~,ṣṭama,ष्टम,avEkalye,avaikalye,अवैकल्ये
01.0965,1,bhvādi,jvala~,jvala,ज्वल,dIptO,dīptau,दीप्तौ
01.0966,1,bhvādi,cala~,cala,चल,kampane,kampane,कम्पने
01.0967,1,bhvādi,jala~,jala,जल,GAtane,ghātane,घातने
01.0968,1,bhvādi,wala~,ṭala,टल,vEklavye,vaiklavye,वैक्लव्ये
01.0969,1,bhvādi,wvala~,ṭvala,ट्वल,vEkalye,vaikalye,वैकल्ये
01.0970,1,bhvādi,zWala~,ṣṭhala,ष्ठल,sTAne,sthāne,स्थाने
01.0971,1,bhvādi,hala~,hala,हल,vileKane,vilekhane,विलेखने
01.0972,1,bhvādi,Rala~,ṇala,णल,ganDe banDane ca,gandhe bandhane ca,गन्धे बन्धने च
01.0973,1,bhvādi,pala~,pala,पल,gatO,gatau,गतौ
01.0974,1,bhvādi,bala~,bala,बल,prARane DAnyAvaroDane ca,prāṇane dhānyāvarodhane ca,प्राणने धान्यावरोधने च
01.0975,1,bhvādi,pula~,pula,पुल,mahattve,mahattve,महत्त्वे
01.0976,1,bhvādi,kula~,kula,कुल,saMstyAne banDuzu ca,saṃstyāne bandhuṣu ca,संस्त्याने बन्धुषु च
01.0977,1,bhvādi,Sala~,śala,शल,gatO,gatau,गतौ
01.0978,1,bhvādi,hula~,hula,हुल,gatO hiMsAyAM saMvaraRe ca,gatau hiṃsāyāṃ saṃvaraṇe ca,गतौ हिंसायां संवरणे च
01.0979,1,bhvādi,patx~,patḷ,पतॢ,gatO,gatau,गतौ
01.0980,1,bhvādi,kzala~,kṣala,क्षल,saYcalane,sañcalane,सञ्चलने
01.0981,1,bhvādi,kvaTe~,kvathe,क्वथे,nizpAke,niṣpāke,निष्पाके
01.0982,1,bhvādi,paTe~,pathe,पथे,gatO,gatau,गतौ
01.0983,1,bhvādi,maTe~,mathe,मथे,viloqane,viloḍane,विलोडने
01.0984,1,bhvādi,wuvama~,ṭuvama,टुवम,udgiraRe,udgiraṇe,उद्गिरणे
01.0985,1,bhvādi,Bramu~,bhramu,भ्रमु,calane,calane,चलने
01.0986,1,bhvādi,kzara~,kṣara,क्षर,saYcalane,sañcalane,सञ्चलने
01.0987,1,bhvādi,dvf\,dvṛ,द्वृ,sTagane,sthagane,स्थगने
01.0988,1,bhvādi,zaha~\,ṣaha,षह,marzaRe,marṣaṇe,मर्षणे
01.0989,1,bhvādi,ra\mu~\,ramu,रमु,krIqAyAm,krīḍāyām,क्रीडायाम्
01.0990,1,bhvādi,za\dx~,ṣadḷ,षदॢ,viSaraRagatyavasAdanezu,viśaraṇagatyavasādaneṣu,विशरणगत्यवसादनेषु
01.0991,1,bhvādi,Sa\dx~,śadḷ,शदॢ,SAtane,śātane,शातने
01.0992,1,bhvādi,kru\Sa~,kruśa,क्रुश,AhvAne rodane ca,āhvāne rodane ca,आह्वाने रोदने च
01.0993,1,bhvādi,kuca~,kuca,कुच,samparcanakOwilyapratizwamBavileKanezu,samparcanakauṭilyapratiṣṭambhavilekhaneṣu,सम्पर्चनकौटिल्यप्रतिष्टम्भविलेखनेषु
01.0994,1,bhvādi,buDa~,budha,बुध,avagamane,avagamane,अवगमने
01.0995,1,bhvādi,ru\ha~,ruha,रुह,bIjajanmani prAdurBAve ca,bījajanmani prādurbhāve ca,बीजजन्मनि प्रादुर्भावे च
01.0996,1,bhvādi,kasa~,kasa,कस,gatO,gatau,गतौ
01.0997,1,bhvādi,hikka~^,hikka,हिक्क,avyakte Sabde,avyakte śabde,अव्यक्ते शब्दे
01.0998,1,bhvādi,ancu~^,ancu,अन्चु,gatO yAcane ca,gatau yācane ca,गतौ याचने च
01.0999,1,bhvādi,acu~^,acu,अचु,gatO yAcane ca,gatau yācane ca,गतौ याचने च
01.1000,1,bhvādi,aci~^,aci,अचि,gatO yAcane ca,gatau yācane ca,गतौ याचने च
01.1001,1,bhvādi,wuyAcf~^,ṭuyācṛ,टुयाचृ,yAcYAyAm,yācñāyām,याच्ञायाम्
01.1002,1,bhvādi,rewf~^,reṭṛ,रेटृ,pariBAzaRe,paribhāṣaṇe,परिभाषणे
01.1003,1,bhvādi,cate~^,cate,चते,yAcane,yācane,याचने
01.1004,1,bhvādi,cade~^,cade,चदे,yAcane,yācane,याचने
01.1005,1,bhvādi,proTf~^,prothṛ,प्रोथृ,paryAptO,paryāptau,पर्याप्तौ
01.1006,1,bhvādi,midf~^,midṛ,मिदृ,meDAhiMsanayoH,medhāhiṃsanayoḥ,मेधाहिंसनयोः
01.1007,1,bhvādi,medf~^,medṛ,मेदृ,meDAhiMsanayoH saNgame ca,medhāhiṃsanayoḥ saṅgame ca,मेधाहिंसनयोः सङ्गमे च
01.1008,1,bhvādi,miTf~^,mithṛ,मिथृ,meDAhiMsanayoH,medhāhiṃsanayoḥ,मेधाहिंसनयोः
01.1009,1,bhvādi,meTf~^,methṛ,मेथृ,meDAhiMsanayoH,medhāhiṃsanayoḥ,मेधाहिंसनयोः
01.1010,1,bhvādi,miDf~^,midhṛ,मिधृ,meDAhiMsanayoH,medhāhiṃsanayoḥ,मेधाहिंसनयोः
01.1011,1,bhvādi,meDf~^,medhṛ,मेधृ,meDAhiMsanayoH saNgame ca,medhāhiṃsanayoḥ saṅgame ca,मेधाहिंसनयोः सङ्गमे च
01.1012,1,bhvādi,Ridf~^,ṇidṛ,णिदृ,kutsAsannikarzayoH,kutsāsannikarṣayoḥ,कुत्सासन्निकर्षयोः
01.1013,1,bhvādi,Redf~^,ṇedṛ,णेदृ,kutsAsannikarzayoH,kutsāsannikarṣayoḥ,कुत्सासन्निकर्षयोः
01.1014,1,bhvādi,SfDu~^,śṛdhu,शृधु,undane,undane,उन्दने
01.1015,1,bhvādi,mfDu~^,mṛdhu,मृधु,undane,undane,उन्दने
01.1016,1,bhvādi,buDi~^r,budhir,बुधिर्,boDane,bodhane,बोधने
01.1017,1,bhvādi,u~bundi~^r,ubundir,उबुन्दिर्,niSAmane,niśāmane,निशामने
01.1018,1,bhvādi,veRf~^,veṇṛ,वेणृ,gatijYAnacintAniSAmanavAditragrahaRezu,gatijñānacintāniśāmanavāditragrahaṇeṣu,गतिज्ञानचिन्तानिशामनवादित्रग्रहणेषु
01.1019,1,bhvādi,venf~^,venṛ,वेनृ,gatijYAnacintAniSAmanavAditragrahaRezu,gatijñānacintāniśāmanavāditragrahaṇeṣu,गतिज्ञानचिन्तानिशामनवादित्रग्रहणेषु
01.1020,1,bhvādi,Kanu~^,khanu,खनु,avadAraRe,avadāraṇe,अवदारणे
01.1021,1,bhvādi,cIvf~^,cīvṛ,चीवृ,AdAnasaMvaraRayoH,ādānasaṃvaraṇayoḥ,आदानसंवरणयोः
01.1022,1,bhvādi,cIpf~^,cīpṛ,चीपृ,AdAnasaMvaraRayoH,ādānasaṃvaraṇayoḥ,आदानसंवरणयोः
01.1023,1,bhvādi,cAyf~^,cāyṛ,चायृ,pUjAniSAmanayoH,pūjāniśāmanayoḥ,पूजानिशामनयोः
01.1024,1,bhvādi,vyaya~^,vyaya,व्यय,vittatyAge gatO ca,vittatyāge gatau ca,वित्तत्यागे गतौ च
01.1025,1,bhvādi,dASf~^,dāśṛ,दाशृ,dAne,dāne,दाने
01.1026,1,bhvādi,Bezf~^,bheṣṛ,भेषृ,Baye,bhaye,भये
01.1027,1,bhvādi,Brezf~^,bhreṣṛ,भ्रेषृ,gatO,gatau,गतौ
01.1028,1,bhvādi,Blezf~^,bhleṣṛ,भ्लेषृ,gatO,gatau,गतौ
01.1029,1,bhvādi,asa~^,asa,अस,gatidIptyAdAnezu,gatidīptyādāneṣu,गतिदीप्त्यादानेषु
01.1030,1,bhvādi,aza~^,aṣa,अष,gatidIptyAdAnezu,gatidīptyādāneṣu,गतिदीप्त्यादानेषु
01.1031,1,bhvādi,ya\ma~,yama,यम,uparame,uparame,उपरमे
01.1032,1,bhvādi,spaSa~^,spaśa,स्पश,bADanasparSanayoH,bādhanasparśanayoḥ,बाधनस्पर्शनयोः
01.1033,1,bhvādi,laza~^,laṣa,लष,kAntO,kāntau,कान्तौ
01.1034,1,bhvādi,caza~^,caṣa,चष,BakzaRe,bhakṣaṇe,भक्षणे
01.1035,1,bhvādi,Caza~^,chaṣa,छष,hiMsAyAm,hiṃsāyām,हिंसायाम्
01.1036,1,bhvādi,Jaza~^,jhaṣa,झष,AdAnasaMvaraRayoH,ādānasaṃvaraṇayoḥ,आदानसंवरणयोः
01.1037,1,bhvādi,Brakza~^,bhrakṣa,भ्रक्ष,adane,adane,अदने
01.1038,1,bhvādi,Blakza~^,bhlakṣa,भ्लक्ष,AdAnasaMvaraRayoH,ādānasaṃvaraṇayoḥ,आदानसंवरणयोः
01.1039,1,bhvādi,Bakza~^,bhakṣa,भक्ष,adane,adane,अदने
01.1040,1,bhvādi,plakza~^,plakṣa,प्लक्ष,adane,adane,अदने
01.1041,1,bhvādi,dAsf~^,dāsṛ,दासृ,dAne,dāne,दाने
01.1042,1,bhvādi,mAhf~^,māhṛ,माहृ,mAne,māne,माने
01.1043,1,bhvādi,guhU~^,guhū,गुहू,saMvaraRe,saṃvaraṇe,संवरणे
01.1044,1,bhvādi,SriY,śriñ,श्रिञ्,sevAyAm,sevāyām,सेवायाम्
01.1045,1,bhvādi,Bf\Y,bhṛñ,भृञ्,BaraRe,bharaṇe,भरणे
01.1046,1,bhvādi,hf\Y,hṛñ,हृञ्,haraRe,haraṇe,हरणे
01.1047,1,bhvādi,Df\Y,dhṛñ,धृञ्,DAraRe,dhāraṇe,धारणे
01.1048,1,bhvādi,zUkzya~,ṣūkṣya,षूक्ष्य,IrzyAyAm,īrṣyāyām,ईर्ष्यायाम्
01.1049,1,bhvādi,RI\Y,ṇīñ,णीञ्,prApaRe,prāpaṇe,प्रापणे
01.1050,1,bhvādi,De\w,dheṭ,धेट्,pAne,pāne,पाने
01.1051,1,bhvādi,glE\,glai,ग्लै,harzakzaye,harṣakṣaye,हर्षक्षये
01.1052,1,bhvādi,mlE\,mlai,म्लै,harzakzaye,harṣakṣaye,हर्षक्षये
01.1053,1,bhvādi,dyE\,dyai,द्यै,nyakkaraRe,nyakkaraṇe,न्यक्करणे
01.1054,1,bhvādi,drE\,drai,द्रै,svapne,svapne,स्वप्ने
01.1055,1,bhvādi,DrE\,dhrai,ध्रै,tfptO,tṛptau,तृप्तौ
01.1056,1,bhvādi,DyE\,dhyai,ध्यै,cintAyAm,cintāyām,चिन्तायाम्
01.1057,1,bhvādi,rE\,rai,रै,Sabde,śabde,शब्दे
01.1058,1,bhvādi,styE\,styai,स्त्यै,SabdasaNGAtayoH,śabdasaṅghātayoḥ,शब्दसङ्घातयोः
01.1059,1,bhvādi,zwyE\,ṣṭyai,ष्ट्यै,SabdasaNGAtayoH,śabdasaṅghātayoḥ,शब्दसङ्घातयोः
01.1060,1,bhvādi,KE\,khai,खै,Kadane,khadane,खदने
01.1061,1,bhvādi,kzE\,kṣai,क्षै,kzaye,kṣaye,क्षये
01.1062,1,bhvādi,jE\,jai,जै,kzaye,kṣaye,क्षये
01.1063,1,bhvādi,zE\,ṣai,षै,kzaye,kṣaye,क्षये
01.1064,1,bhvādi,kE\,kai,कै,Sabde,śabde,शब्दे
01.1065,1,bhvādi,gE\,gai,गै,Sabde,śabde,शब्दे
01.1066,1,bhvādi,SE\,śai,शै,pAke,pāke,पाके
01.1067,1,bhvādi,SrE\,śrai,श्रै,pAke,pāke,पाके
01.1068,1,bhvādi,srE\,srai,स्रै,pAke,pāke,पाके
01.1069,1,bhvādi,pE\,pai,पै,SozaRe,śoṣaṇe,शोषणे
01.1070,1,bhvādi,o~vE\,ovai,ओवै,SozaRe,śoṣaṇe,शोषणे
01.1071,1,bhvādi,zwE\,ṣṭai,ष्टै,vezwane SoBAyAM ca,veṣṭane śobhāyāṃ ca,वेष्टने शोभायां च
01.1072,1,bhvādi,zRE\,ṣṇai,ष्णै,vezwane SoBAyAM ca,veṣṭane śobhāyāṃ ca,वेष्टने शोभायां च
01.1073,1,bhvādi,dE\p,daip,दैप्,SoDane,śodhane,शोधने
01.1074,1,bhvādi,pA\,pā,पा,pAne,pāne,पाने
01.1075,1,bhvādi,GrA\,ghrā,घ्रा,ganDopAdAne GrARe ca,gandhopādāne ghrāṇe ca,गन्धोपादाने घ्राणे च
01.1076,1,bhvādi,DmA\,dhmā,ध्मा,SabdAgnisaMyogayoH,śabdāgnisaṃyogayoḥ,शब्दाग्निसंयोगयोः
01.1077,1,bhvādi,zWA\,ṣṭhā,ष्ठा,gatinivfttO,gatinivṛttau,गतिनिवृत्तौ
01.1078,1,bhvādi,mnA\,mnā,म्ना,aByAse,abhyāse,अभ्यासे
01.1079,1,bhvādi,dA\R,dāṇ,दाण्,dAne,dāne,दाने
01.1080,1,bhvādi,hvf\,hvṛ,ह्वृ,kOwilye,kauṭilye,कौटिल्ये
01.1081,1,bhvādi,svf,svṛ,स्वृ,SabdopatApayoH,śabdopatāpayoḥ,शब्दोपतापयोः
01.1082,1,bhvādi,smf\,smṛ,स्मृ,cintAyAm,cintāyām,चिन्तायाम्
01.1083,1,bhvādi,vf\,vṛ,वृ,saMvaraRe,saṃvaraṇe,संवरणे
01.1084,1,bhvādi,hvf\,hvṛ,ह्वृ,saMvaraRe,saṃvaraṇe,संवरणे
01.1085,1,bhvādi,sf\,sṛ,सृ,gatO,gatau,गतौ
01.1086,1,bhvādi,f\,ṛ,ऋ,gatiprApaRayoH,gatiprāpaṇayoḥ,गतिप्रापणयोः
01.1087,1,bhvādi,gf\,gṛ,गृ,secane,secane,सेचने
01.1088,1,bhvādi,Gf\,ghṛ,घृ,secane,secane,सेचने
01.1089,1,bhvādi,Dvf\,dhvṛ,ध्वृ,hUrCane,hūrchane,हूर्छने
01.1090,1,bhvādi,sru\,sru,स्रु,gatO,gatau,गतौ
01.1091,1,bhvādi,zu\,ṣu,षु,prasavESvaryayoH,prasavaiśvaryayoḥ,प्रसवैश्वर्ययोः
01.1092,1,bhvādi,Sru\,śru,श्रु,SravaRe,śravaṇe,श्रवणे
01.1093,1,bhvādi,Dru\,dhru,ध्रु,sTErye,sthairye,स्थैर्ये
01.1094,1,bhvādi,du\,du,दु,gatO,gatau,गतौ
01.1095,1,bhvādi,dru\,dru,द्रु,gatO,gatau,गतौ
01.1096,1,bhvādi,ji\,ji,जि,aBiBave (nyUnIBavane nyUnIkaraRe ca),abhibhave nyūnībhavane nyūnīkaraṇe ca,अभिभवे (न्यूनीभवने न्यूनीकरणे च)
01.1097,1,bhvādi,jri\,jri,ज्रि,aBiBave (nyUnIBavane nyUnIkaraRe ca),abhibhave nyūnībhavane nyūnīkaraṇe ca,अभिभवे (न्यूनीभवने न्यूनीकरणे च)
01.1098,1,bhvādi,jf\,jṛ,जृ,gatO,gatau,गतौ
01.1099,1,bhvādi,zmi\N,ṣmiṅ,ष्मिङ्,IzadDasane,īṣaddhasane,ईषद्धसने
01.1100,1,bhvādi,gu\N,guṅ,गुङ्,avyakte Sabde,avyakte śabde,अव्यक्ते शब्दे
01.1101,1,bhvādi,gA\N,gāṅ,गाङ्,gatO,gatau,गतौ
01.1102,1,bhvādi,u\N,uṅ,उङ्,Sabde,śabde,शब्दे
01.1103,1,bhvādi,ku\N,kuṅ,कुङ्,Sabde,śabde,शब्दे
01.1104,1,bhvādi,Ku\N,khuṅ,खुङ्,Sabde,śabde,शब्दे
01.1105,1,bhvādi,gu\N,guṅ,गुङ्,Sabde,śabde,शब्दे
01.1106,1,bhvādi,Gu\N,ghuṅ,घुङ्,Sabde,śabde,शब्दे
01.1107,1,bhvādi,Nu\N,ṅuṅ,ङुङ्,Sabde,śabde,शब्दे
01.1108,1,bhvādi,cyu\N,cyuṅ,च्युङ्,gatO,gatau,गतौ
01.1109,1,bhvādi,jyu\N,jyuṅ,ज्युङ्,gatO,gatau,गतौ
01.1110,1,bhvādi,Cyu\N,chyuṅ,छ्युङ्,gatO,gatau,गतौ
01.1111,1,bhvādi,pru\N,pruṅ,प्रुङ्,gatO,gatau,गतौ
01.1112,1,bhvādi,plu\N,pluṅ,प्लुङ्,gatO,gatau,गतौ
01.1113,1,bhvādi,klu\N,kluṅ,क्लुङ्,gatO,gatau,गतौ
01.1114,1,bhvādi,ru\N,ruṅ,रुङ्,gatirozaRayoH,gatiroṣaṇayoḥ,गतिरोषणयोः
01.1115,1,bhvādi,Df\N,dhṛṅ,धृङ्,avabanDane viDvaMsane ca,avabandhane vidhvaṃsane ca,अवबन्धने विध्वंसने च
01.1116,1,bhvādi,me\N,meṅ,मेङ्,praRidAne,praṇidāne,प्रणिदाने
01.1117,1,bhvādi,de\N,deṅ,देङ्,rakzaRe,rakṣaṇe,रक्षणे
01.1118,1,bhvādi,SyE\N,śyaiṅ,श्यैङ्,gatO,gatau,गतौ
01.1119,1,bhvādi,pyE\N,pyaiṅ,प्यैङ्,vfdDO,vṛddhau,वृद्धौ
01.1120,1,bhvādi,trE\N,traiṅ,त्रैङ्,pAlane,pālane,पालने
01.1121,1,bhvādi,pUN,pūṅ,पूङ्,pavane,pavane,पवने
01.1122,1,bhvādi,mUN,mūṅ,मूङ्,banDane,bandhane,बन्धने
01.1123,1,bhvādi,qIN,ḍīṅ,डीङ्,vihAyasA gatO,vihāyasā gatau,विहायसा गतौ
01.1124,1,bhvādi,tF,tṝ,तॄ,plavanataraRayoH,plavanataraṇayoḥ,प्लवनतरणयोः
01.1125,1,bhvādi,gupa~\,gupa,गुप,gopane nindAyAM ca,gopane nindāyāṃ ca,गोपने निन्दायां च
01.1126,1,bhvādi,tija~\,tija,तिज,niSAne kzamAyAm ca,niśāne kṣamāyām ca,निशाने क्षमायाम् च
01.1127,1,bhvādi,mAna~\,māna,मान,pUjAyAm jijYAsAyAM ca,pūjāyām jijñāsāyāṃ ca,पूजायाम् जिज्ञासायां च
01.1128,1,bhvādi,baDa~\,badha,बध,banDane cittavikAre ca,bandhane cittavikāre ca,बन्धने चित्तविकारे च
01.1129,1,bhvādi,ra\Ba~\,rabha,रभ,rABasye,rābhasye,राभस्ये
01.1130,1,bhvādi,qula\Ba~\z,ḍulabhaṣ,डुलभष्,prAptO,prāptau,प्राप्तौ
01.1131,1,bhvādi,zva\nja~\,ṣvanja,ष्वन्ज,parizvaNge,pariṣvaṅge,परिष्वङ्गे
01.1132,1,bhvādi,ha\da~\,hada,हद,purIzotsarge,purīṣotsarge,पुरीषोत्सर्गे
01.1133,1,bhvādi,YizvidA~,ñiṣvidā,ञिष्विदा,avyakte Sabde,avyakte śabde,अव्यक्ते शब्दे
01.1134,1,bhvādi,ska\ndi~r,skandir,स्कन्दिर्,gatiSozaRayoH,gatiśoṣaṇayoḥ,गतिशोषणयोः
01.1135,1,bhvādi,ya\Ba~,yabha,यभ,mETune,maithune,मैथुने
01.1136,1,bhvādi,Ra\ma~,ṇama,णम,prahvatve Sabde ca,prahvatve śabde ca,प्रह्वत्वे शब्दे च
01.1137,1,bhvādi,ga\mx~,gamḷ,गमॢ,gatO,gatau,गतौ
01.1138,1,bhvādi,sf\px~,sṛpḷ,सृपॢ,gatO,gatau,गतौ
01.1139,1,bhvādi,ya\ma~,yama,यम,uparame,uparame,उपरमे
01.1140,1,bhvādi,ta\pa~,tapa,तप,santApe,santāpe,सन्तापे
01.1141,1,bhvādi,tya\ja~,tyaja,त्यज,hAnO,hānau,हानौ
01.1142,1,bhvādi,za\nja~,ṣanja,षन्ज,saNge,saṅge,सङ्गे
01.1143,1,bhvādi,df\Si~r,dṛśir,दृशिर्,prekzaRe,prekṣaṇe,प्रेक्षणे
01.1144,1,bhvādi,da\nSa~,danśa,दन्श,daSane,daśane,दशने
01.1145,1,bhvādi,kf\za~,kṛṣa,कृष,vileKane,vilekhane,विलेखने
01.1146,1,bhvādi,da\ha~,daha,दह,BasmIkaraRe,bhasmīkaraṇe,भस्मीकरणे
01.1147,1,bhvādi,mi\ha~,miha,मिह,secane,secane,सेचने
01.1148,1,bhvādi,kita~,kita,कित,nivAse rogApanayane vyADipratIkAre nigrahe apanayane nASane saMSaye ca,nivāse rogāpanayane vyādhipratīkāre nigrahe apanayane nāśane saṃśaye ca,निवासे रोगापनयने व्याधिप्रतीकारे निग्रहे अपनयने नाशने संशये च
01.1149,1,bhvādi,dAna~^,dāna,दान,KaRqane Arjave ca,khaṇḍane ārjave ca,खण्डने आर्जवे च
01.1150,1,bhvādi,SAna~^,śāna,शान,tejane niSAne ca,tejane niśāne ca,तेजने निशाने च
01.1151,1,bhvādi,qupa\ca~^z,ḍupacaṣ,डुपचष्,pAke,pāke,पाके
01.1152,1,bhvādi,zaca~^,ṣaca,षच,samavAye,samavāye,समवाये
01.1153,1,bhvādi,Ba\ja~^,bhaja,भज,sevAyAm,sevāyām,सेवायाम्
01.1154,1,bhvādi,ra\nja~^,ranja,रन्ज,rAge,rāge,रागे
01.1155,1,bhvādi,Sa\pa~^,śapa,शप,AkroSe,ākrośe,आक्रोशे
01.1156,1,bhvādi,tvi\za~^,tviṣa,त्विष,dIptO,dīptau,दीप्तौ
01.1157,1,bhvādi,ya\ja~^,yaja,यज,devapUjAsaNgatikaraRadAnezu,devapūjāsaṅgatikaraṇadāneṣu,देवपूजासङ्गतिकरणदानेषु
01.1158,1,bhvādi,quva\pa~^,ḍuvapa,डुवप,bIjasantAne garBADAne Cedane bIjatantusantAne muRqabIjoptyoH vapane GarzaRe tantunirmARe ca,bījasantāne garbhādhāne chedane bījatantusantāne muṇḍabījoptyoḥ vapane gharṣaṇe tantunirmāṇe ca,बीजसन्ताने गर्भाधाने छेदने बीजतन्तुसन्ताने मुण्डबीजोप्त्योः वपने घर्षणे तन्तुनिर्माणे च
01.1159,1,bhvādi,va\ha~^,vaha,वह,prApaRe,prāpaṇe,प्रापणे
01.1160,1,bhvādi,va\sa~,vasa,वस,nivAse,nivāse,निवासे
01.1161,1,bhvādi,ve\Y,veñ,वेञ्,tantusantAne,tantusantāne,तन्तुसन्ताने
01.1162,1,bhvādi,vye\Y,vyeñ,व्येञ्,saMvaraRe,saṃvaraṇe,संवरणे
01.1163,1,bhvādi,hve\Y,hveñ,ह्वेञ्,sparDAyAM Sabde ca,spardhāyāṃ śabde ca,स्पर्धायां शब्दे च
01.1164,1,bhvādi,vada~,vada,वद,vyaktAyAM vAci,vyaktāyāṃ vāci,व्यक्तायां वाचि
01.1165,1,bhvādi,wuo~Svi,ṭuośvi,टुओश्वि,gativfdDyoH,gativṛddhyoḥ,गतिवृद्ध्योः
01.1166,1,bhvādi,fti,ṛti,ऋति,jugupsAyAM kfpAyAM ca,jugupsāyāṃ kṛpāyāṃ ca,जुगुप्सायां कृपायां च
02.0001,2,adādi,a\da~,ada,अद,BakzaRe,bhakṣaṇe,भक्षणे
02.0002,2,adādi,ha\na~,hana,हन,hiMsAgatyoH,hiṃsāgatyoḥ,हिंसागत्योः
02.0003,2,adādi,dvi\za~^,dviṣa,द्विष,aprItO,aprītau,अप्रीतौ
02.0004,2,adādi,du\ha~^,duha,दुह,prapUraRe,prapūraṇe,प्रपूरणे
02.0005,2,adādi,di\ha~^,diha,दिह,upacaye,upacaye,उपचये
02.0006,2,adādi,li\ha~^,liha,लिह,AsvAdane,āsvādane,आस्वादने
02.0007,2,adādi,ca\kzi~\N,cakṣiṅ,चक्षिङ्,vyaktAyAM vAci,vyaktāyāṃ vāci,व्यक्तायां वाचि
02.0008,2,adādi,Ira~\,īra,ईर,gatO kampane ca,gatau kampane ca,गतौ कम्पने च
02.0009,2,adādi,Iqa~\,īḍa,ईड,stutO,stutau,स्तुतौ
02.0010,2,adādi,ISa~\,īśa,ईश,ESvarye,aiśvarye,ऐश्वर्ये
02.0011,2,adādi,Asa~\,āsa,आस,upaveSane,upaveśane,उपवेशने
02.0012,2,adādi,SAsu~\,śāsu,शासु,icCAyAm,icchāyām,इच्छायाम्
02.0013,2,adādi,vasa~\,vasa,वस,AcCAdane,ācchādane,आच्छादने
02.0014,2,adādi,kasi~\,kasi,कसि,gatiSAsanayoH,gatiśāsanayoḥ,गतिशासनयोः
02.0015,2,adādi,kasa~\,kasa,कस,gatiSAsanayoH,gatiśāsanayoḥ,गतिशासनयोः
02.0016,2,adādi,kaSa~\,kaśa,कश,gatiSAsanayoH,gatiśāsanayoḥ,गतिशासनयोः
02.0017,2,adādi,Risi~\,ṇisi,णिसि,cumbane,cumbane,चुम्बने
02.0018,2,adādi,Riji~\,ṇiji,णिजि,SudDO,śuddhau,शुद्धौ
02.0019,2,adādi,Siji~\,śiji,शिजि,avyakte Sabde,avyakte śabde,अव्यक्ते शब्दे
02.0020,2,adādi,piji~\,piji,पिजि,varRe samparcane avayave avyakte Sabde ca,varṇe samparcane avayave avyakte śabde ca,वर्णे सम्पर्चने अवयवे अव्यक्ते शब्दे च
02.0021,2,adādi,pfji~\,pṛji,पृजि,varRe,varṇe,वर्णे
02.0022,2,adādi,vfjI~\,vṛjī,वृजी,varjane,varjane,वर्जने
02.0023,2,adādi,vfji~\,vṛji,वृजि,varjane,varjane,वर्जने
02.0024,2,adādi,pfcI~\,pṛcī,पृची,samparcane,samparcane,सम्पर्चने
02.0025,2,adādi,zUN,ṣūṅ,षूङ्,prARigarBavimocane,prāṇigarbhavimocane,प्राणिगर्भविमोचने
02.0026,2,adādi,SIN,śīṅ,शीङ्,svapne,svapne,स्वप्ने
02.0027,2,adādi,yu,yu,यु,miSraRe'miSraRe ca,miśraṇe'miśraṇe ca,मिश्रणेऽमिश्रणे च
02.0028,2,adādi,ru,ru,रु,Sabde,śabde,शब्दे
02.0029,2,adādi,tu\,tu,तु,gativfdDihiMsAsu,gativṛddhihiṃsāsu,गतिवृद्धिहिंसासु
02.0030,2,adādi,Ru,ṇu,णु,stutO,stutau,स्तुतौ
02.0031,2,adādi,wukzu,ṭukṣu,टुक्षु,Sabde,śabde,शब्दे
02.0032,2,adādi,kzRu,kṣṇu,क्ष्णु,tejane,tejane,तेजने
02.0033,2,adādi,zRu,ṣṇu,ष्णु,prasravaRe,prasravaṇe,प्रस्रवणे
02.0034,2,adādi,UrRuY,ūrṇuñ,ऊर्णुञ्,AcCAdane,ācchādane,आच्छादने
02.0035,2,adādi,dyu\,dyu,द्यु,aBigamane,abhigamane,अभिगमने
02.0036,2,adādi,zu\,ṣu,षु,prasavESvaryayoH,prasavaiśvaryayoḥ,प्रसवैश्वर्ययोः
02.0037,2,adādi,ku\,ku,कु,Sabde,śabde,शब्दे
02.0038,2,adādi,zwu\Y,ṣṭuñ,ष्टुञ्,stutO,stutau,स्तुतौ
02.0039,2,adādi,brUY,brūñ,ब्रूञ्,vyaktAyAM vAci,vyaktāyāṃ vāci,व्यक्तायां वाचि
02.0040,2,adādi,i\R,iṇ,इण्,gatO,gatau,गतौ
02.0041,2,adādi,i\N,iṅ,इङ्,aDyayane,adhyayane,अध्ययने
02.0042,2,adādi,i\k,ik,इक्,smaraRe,smaraṇe,स्मरणे
02.0043,2,adādi,vI\,vī,वी,gativyAptiprajanakAntyasanaKAdanezu,gativyāptiprajanakāntyasanakhādaneṣu,गतिव्याप्तिप्रजनकान्त्यसनखादनेषु
02.0044,2,adādi,yA\,yā,या,prApaRe,prāpaṇe,प्रापणे
02.0045,2,adādi,vA\,vā,वा,gatiganDanayoH,gatigandhanayoḥ,गतिगन्धनयोः
02.0046,2,adādi,BA\,bhā,भा,dIptO,dīptau,दीप्तौ
02.0047,2,adādi,zRA\,ṣṇā,ष्णा,SOce,śauce,शौचे
02.0048,2,adādi,SrA\,śrā,श्रा,pAke,pāke,पाके
02.0049,2,adādi,drA\,drā,द्रा,kutsAyAM gatO,kutsāyāṃ gatau,कुत्सायां गतौ
02.0050,2,adādi,psA\,psā,प्सा,BakzaRe,bhakṣaṇe,भक्षणे
02.0051,2,adādi,pA\,pā,पा,rakzaRe,rakṣaṇe,रक्षणे
02.0052,2,adādi,rA\,rā,रा,dAne,dāne,दाने
02.0053,2,adādi,lA\,lā,ला,AdAne,ādāne,आदाने
02.0054,2,adādi,dA\p,dāp,दाप्,lavane,lavane,लवने
02.0055,2,adādi,KyA\,khyā,ख्या,prakaTane,prakathane,प्रकथने
02.0056,2,adādi,prA\,prā,प्रा,pUraRe,pūraṇe,पूरणे
02.0057,2,adādi,mA\,mā,मा,mAne,māne,माने
02.0058,2,adādi,va\ca~,vaca,वच,pariBAzaRe,paribhāṣaṇe,परिभाषणे
02.0059,2,adādi,vida~,vida,विद,jYAne,jñāne,ज्ञाने
02.0060,2,adādi,asa~,asa,अस,Buvi,bhuvi,भुवि
02.0061,2,adādi,mfjU~,mṛjū,मृजू,SudDO,śuddhau,शुद्धौ
02.0062,2,adādi,rudi~r,rudir,रुदिर्,aSruvimocane,aśruvimocane,अश्रुविमोचने
02.0063,2,adādi,Yizva\pa~,ñiṣvapa,ञिष्वप,Saye,śaye,शये
02.0064,2,adādi,Svasa~,śvasa,श्वस,prARane,prāṇane,प्राणने
02.0065,2,adādi,ana~,ana,अन,prARane,prāṇane,प्राणने
02.0066,2,adādi,jakza~,jakṣa,जक्ष,BakzahasanayoH,bhakṣahasanayoḥ,भक्षहसनयोः
02.0067,2,adādi,jAgf,jāgṛ,जागृ,nidrAkzaye,nidrākṣaye,निद्राक्षये
02.0068,2,adādi,daridrA,daridrā,दरिद्रा,durgatO,durgatau,दुर्गतौ
02.0069,2,adādi,cakAsf~,cakāsṛ,चकासृ,dIptO,dīptau,दीप्तौ
02.0070,2,adādi,SAsu~,śāsu,शासु,anuSizwO,anuśiṣṭau,अनुशिष्टौ
02.0071,2,adādi,dIDIN,dīdhīṅ,दीधीङ्,dIptidevanayoH,dīptidevanayoḥ,दीप्तिदेवनयोः
02.0072,2,adādi,vevIN,vevīṅ,वेवीङ्,gativyAptiprajanakAntyasanasvAdanezu,gativyāptiprajanakāntyasanasvādaneṣu,गतिव्याप्तिप्रजनकान्त्यसनस्वादनेषु
02.0073,2,adādi,zasa~,ṣasa,षस,svapne,svapne,स्वप्ने
02.0074,2,adādi,zasti~,ṣasti,षस्ति,svapne,svapne,स्वप्ने
02.0075,2,adādi,vaSa~,vaśa,वश,kAntO,kāntau,कान्तौ
02.0076,2,adādi,-,-,-,,,
02.0077,2,adādi,hnu\N,hnuṅ,ह्नुङ्,apanayane,apanayane,अपनयने
03.0001,3,juhotyādi,hu\,hu,हु,dAnAdAnayoH AdAne prIRane ca,dānādānayoḥ ādāne prīṇane ca,दानादानयोः आदाने प्रीणने च
03.0002,3,juhotyādi,YiBI\,ñibhī,ञिभी,Baye,bhaye,भये
03.0003,3,juhotyādi,hrI\,hrī,ह्री,lajjAyAm,lajjāyām,लज्जायाम्
03.0004,3,juhotyādi,pF,pṝ,पॄ,pAlanapUraRayoH,pālanapūraṇayoḥ,पालनपूरणयोः
03.0005,3,juhotyādi,pf\,pṛ,पृ,pAlanapUraRayoH,pālanapūraṇayoḥ,पालनपूरणयोः
03.0006,3,juhotyādi,quBf\Y,ḍubhṛñ,डुभृञ्,DAraRapozaRayoH,dhāraṇapoṣaṇayoḥ,धारणपोषणयोः
03.0007,3,juhotyādi,mA\N,māṅ,माङ्,mAne Sabde ca,māne śabde ca,माने शब्दे च
03.0008,3,juhotyādi,o~hA\N,ohāṅ,ओहाङ्,gatO,gatau,गतौ
03.0009,3,juhotyādi,o~hA\k,ohāk,ओहाक्,tyAge,tyāge,त्यागे
03.0010,3,juhotyādi,qudA\Y,ḍudāñ,डुदाञ्,dAne,dāne,दाने
03.0011,3,juhotyādi,quDA\Y,ḍudhāñ,डुधाञ्,DAraRapozaRayoH,dhāraṇapoṣaṇayoḥ,धारणपोषणयोः
03.0012,3,juhotyādi,Ri\ji~^r,ṇijir,णिजिर्,SOcapozaRayoH,śaucapoṣaṇayoḥ,शौचपोषणयोः
03.0013,3,juhotyādi,vi\ji~^r,vijir,विजिर्,pfTagBAve,pṛthagbhāve,पृथग्भावे
03.0014,3,juhotyādi,vi\zx~^,viṣḷ,विषॢ,vyAptO,vyāptau,व्याप्तौ
03.0015,3,juhotyādi,Gf\,ghṛ,घृ,kzaraRadIptyoH,kṣaraṇadīptyoḥ,क्षरणदीप्त्योः
03.0016,3,juhotyādi,hf\,hṛ,हृ,prasahyakaraRe,prasahyakaraṇe,प्रसह्यकरणे
03.0017,3,juhotyādi,f\,ṛ,ऋ,gatO,gatau,गतौ
03.0018,3,juhotyādi,sf\,sṛ,सृ,gatO,gatau,गतौ
03.0019,3,juhotyādi,Basa~,bhasa,भस,BartsanadIptyoH,bhartsanadīptyoḥ,भर्त्सनदीप्त्योः
03.0020,3,juhotyādi,ki\,ki,कि,jYAne,jñāne,ज्ञाने
03.0021,3,juhotyādi,kita~,kita,कित,jYAne,jñāne,ज्ञाने
03.0022,3,juhotyādi,tura~,tura,तुर,tvaraRe,tvaraṇe,त्वरणे
03.0023,3,juhotyādi,Diza~,dhiṣa,धिष,Sabde,śabde,शब्दे
03.0024,3,juhotyādi,Dana~,dhana,धन,DAnye,dhānye,धान्ये
03.0025,3,juhotyādi,jana~,jana,जन,janane,janane,जनने
03.0026,3,juhotyādi,gA\,gā,गा,stutO,stutau,स्तुतौ
04.0001,4,divādi,divu~,divu,दिवु,krIqAvijigIzAvyavahAradyutistutimodamadasvapnakAntigatizu,krīḍāvijigīṣāvyavahāradyutistutimodamadasvapnakāntigatiṣu,क्रीडाविजिगीषाव्यवहारद्युतिस्तुतिमोदमदस्वप्नकान्तिगतिषु
04.0002,4,divādi,zivu~,ṣivu,षिवु,tantusantAne,tantusantāne,तन्तुसन्ताने
04.0003,4,divādi,srivu~,srivu,स्रिवु,gatiSozaRayoH,gatiśoṣaṇayoḥ,गतिशोषणयोः
04.0004,4,divādi,zWivu~,ṣṭhivu,ष्ठिवु,nirasane,nirasane,निरसने
04.0005,4,divādi,zRusu~,ṣṇusu,ष्णुसु,adane AdAne adarSane ca,adane ādāne adarśane ca,अदने आदाने अदर्शने च
04.0006,4,divādi,zRasu~,ṣṇasu,ष्णसु,adane nirasane ca,adane nirasane ca,अदने निरसने च
04.0007,4,divādi,knasu~,knasu,क्नसु,hvaraRadIptyoH,hvaraṇadīptyoḥ,ह्वरणदीप्त्योः
04.0008,4,divādi,vyuza~,vyuṣa,व्युष,dAhe,dāhe,दाहे
04.0009,4,divādi,pluza~,pluṣa,प्लुष,dAhe,dāhe,दाहे
04.0010,4,divādi,nftI~,nṛtī,नृती,gAtravikzepe,gātravikṣepe,गात्रविक्षेपे
04.0011,4,divādi,trasI~,trasī,त्रसी,udvege,udvege,उद्वेगे
04.0012,4,divādi,kuTa~,kutha,कुथ,pUtIBAve,pūtībhāve,पूतीभावे
04.0013,4,divādi,puTa~,putha,पुथ,hiMsAyAm,hiṃsāyām,हिंसायाम्
04.0014,4,divādi,guDa~,gudha,गुध,parivezwane,pariveṣṭane,परिवेष्टने
04.0015,4,divādi,kzi\pa~,kṣipa,क्षिप,preraRe,preraṇe,प्रेरणे
04.0016,4,divādi,puzpa~,puṣpa,पुष्प,vikasane,vikasane,विकसने
04.0017,4,divādi,tima~,tima,तिम,ArdrIBAve,ārdrībhāve,आर्द्रीभावे
04.0018,4,divādi,tIma~,tīma,तीम,ArdrIBAve,ārdrībhāve,आर्द्रीभावे
04.0019,4,divādi,zwima~,ṣṭima,ष्टिम,ArdrIBAve,ārdrībhāve,आर्द्रीभावे
04.0020,4,divādi,zwIma~,ṣṭīma,ष्टीम,ArdrIBAve,ārdrībhāve,आर्द्रीभावे
04.0021,4,divādi,vrIqa~,vrīḍa,व्रीड,codane lajjAyAM ca,codane lajjāyāṃ ca,चोदने लज्जायां च
04.0022,4,divādi,iza~,iṣa,इष,gatO,gatau,गतौ
04.0023,4,divādi,zaha~,ṣaha,षह,cakyarTe,cakyarthe,चक्यर्थे
04.0024,4,divādi,zuha~,ṣuha,षुह,cakyarTe,cakyarthe,चक्यर्थे
04.0025,4,divādi,jFz,jṝṣ,जॄष्,vayohAnO,vayohānau,वयोहानौ
04.0026,4,divādi,JFz,jhṝṣ,झॄष्,vayohAnO,vayohānau,वयोहानौ
04.0027,4,divādi,zUN,ṣūṅ,षूङ्,prARiprasave,prāṇiprasave,प्राणिप्रसवे
04.0028,4,divādi,dUN,dūṅ,दूङ्,paritApe,paritāpe,परितापे
04.0029,4,divādi,dI\N,dīṅ,दीङ्,kzaye,kṣaye,क्षये
04.0030,4,divādi,qIN,ḍīṅ,डीङ्,vihAyasA gatO,vihāyasā gatau,विहायसा गतौ
04.0031,4,divādi,DI\N,dhīṅ,धीङ्,ADAre AdAne anAdare ca,ādhāre ādāne anādare ca,आधारे आदाने अनादरे च
04.0032,4,divādi,mI\N,mīṅ,मीङ्,hiMsAyAm,hiṃsāyām,हिंसायाम्
04.0033,4,divādi,rI\N,rīṅ,रीङ्,sravaRe,sravaṇe,स्रवणे
04.0034,4,divādi,lI\N,līṅ,लीङ्,SlezaRe,śleṣaṇe,श्लेषणे
04.0035,4,divādi,vrI\N,vrīṅ,व्रीङ्,vfRotyarTe,vṛṇotyarthe,वृणोत्यर्थे
04.0036,4,divādi,pI\N,pīṅ,पीङ्,pAne,pāne,पाने
04.0037,4,divādi,mA\N,māṅ,माङ्,mAne,māne,माने
04.0038,4,divādi,I\N,īṅ,ईङ्,gatO,gatau,गतौ
04.0039,4,divādi,prI\N,prīṅ,प्रीङ्,prItO,prītau,प्रीतौ
04.0040,4,divādi,So\,śo,शो,tanUkaraRe,tanūkaraṇe,तनूकरणे
04.0041,4,divādi,Co\,cho,छो,Cedane,chedane,छेदने
04.0042,4,divādi,zo\,ṣo,षो,antakarmaRi,antakarmaṇi,अन्तकर्मणि
04.0043,4,divādi,do\,do,दो,avaKaRqane,avakhaṇḍane,अवखण्डने
04.0044,4,divādi,janI~\,janī,जनी,prAdurBAve,prādurbhāve,प्रादुर्भावे
04.0045,4,divādi,dIpI~\,dīpī,दीपी,dIptO,dīptau,दीप्तौ
04.0046,4,divādi,pUrI~\,pūrī,पूरी,ApyAyane,āpyāyane,आप्यायने
04.0047,4,divādi,tUrI~\,tūrī,तूरी,gatitvaraRahiMsanayoH,gatitvaraṇahiṃsanayoḥ,गतित्वरणहिंसनयोः
04.0048,4,divādi,DUrI~\,dhūrī,धूरी,hiMsAgatyoH,hiṃsāgatyoḥ,हिंसागत्योः
04.0049,4,divādi,gUrI~\,gūrī,गूरी,hiMsAgatyoH,hiṃsāgatyoḥ,हिंसागत्योः
04.0050,4,divādi,GUrI~\,ghūrī,घूरी,hiMsAvayohAnyoH,hiṃsāvayohānyoḥ,हिंसावयोहान्योः
04.0051,4,divādi,jUrI~\,jūrī,जूरी,hiMsAvayohAnyoH,hiṃsāvayohānyoḥ,हिंसावयोहान्योः
04.0052,4,divādi,SUrI~\,śūrī,शूरी,hiMsAstamBanayoH,hiṃsāstambhanayoḥ,हिंसास्तम्भनयोः
04.0053,4,divādi,cUrI~\,cūrī,चूरी,dAhe,dāhe,दाहे
04.0054,4,divādi,ta\pa~\,tapa,तप,ESvarye,aiśvarye,ऐश्वर्ये
04.0055,4,divādi,vftu~\,vṛtu,वृतु,varaRe,varaṇe,वरणे
04.0056,4,divādi,vAvftu~\,vāvṛtu,वावृतु,varaRe,varaṇe,वरणे
04.0057,4,divādi,kliSa~\,kliśa,क्लिश,upatApe,upatāpe,उपतापे
04.0058,4,divādi,kASf~\,kāśṛ,काशृ,dIptO,dīptau,दीप्तौ
04.0059,4,divādi,vASf~\,vāśṛ,वाशृ,Sabde,śabde,शब्दे
04.0060,4,divādi,mfza~^,mṛṣa,मृष,titikzAyAm,titikṣāyām,तितिक्षायाम्
04.0061,4,divādi,I~Suci~^r,īśucir,ईशुचिर्,pUtIBAve,pūtībhāve,पूतीभावे
04.0062,4,divādi,Ra\ha~^,ṇaha,णह,banDane,bandhane,बन्धने
04.0063,4,divādi,ra\nja~^,ranja,रन्ज,rAge,rāge,रागे
04.0064,4,divādi,Sa\pa~^,śapa,शप,AkroSe,ākrośe,आक्रोशे
04.0065,4,divādi,pa\da~\,pada,पद,gatO,gatau,गतौ
04.0066,4,divādi,Ki\da~\,khida,खिद,dEnye,dainye,दैन्ये
04.0067,4,divādi,vi\da~\,vida,विद,sattAyAm,sattāyām,सत्तायाम्
04.0068,4,divādi,bu\Da~\,budha,बुध,avagamane,avagamane,अवगमने
04.0069,4,divādi,yu\Da~\,yudha,युध,samprahAre,samprahāre,सम्प्रहारे
04.0070,4,divādi,ru\Da~\,rudha,रुध,kAme,kāme,कामे
04.0071,4,divādi,aRa~\,aṇa,अण,prARane,prāṇane,प्राणने
04.0072,4,divādi,ana~\,ana,अन,prARane,prāṇane,प्राणने
04.0073,4,divādi,ma\na~\,mana,मन,jYAne,jñāne,ज्ञाने
04.0074,4,divādi,yu\ja~\,yuja,युज,samADO,samādhau,समाधौ
04.0075,4,divādi,sf\ja~\,sṛja,सृज,visarge,visarge,विसर्गे
04.0076,4,divādi,li\Sa~\,liśa,लिश,alpIBAve,alpībhāve,अल्पीभावे
04.0077,4,divādi,rA\Da~,rādha,राध,vfdDisidDidrohadEvaparyAlocanAdizu ca,vṛddhisiddhidrohadaivaparyālocanādiṣu ca,वृद्धिसिद्धिद्रोहदैवपर्यालोचनादिषु च
04.0078,4,divādi,vya\Da~,vyadha,व्यध,tAqane,tāḍane,ताडने
04.0079,4,divādi,pu\za~,puṣa,पुष,puzwO,puṣṭau,पुष्टौ
04.0080,4,divādi,Su\za~,śuṣa,शुष,SozaRe,śoṣaṇe,शोषणे
04.0081,4,divādi,tu\za~,tuṣa,तुष,prItO,prītau,प्रीतौ
04.0082,4,divādi,du\za~,duṣa,दुष,vEkftye,vaikṛtye,वैकृत्ये
04.0083,4,divādi,Sli\za~,śliṣa,श्लिष,AliNgane,āliṅgane,आलिङ्गने
04.0084,4,divādi,Sa\ka~^,śaka,शक,marzaRe,marṣaṇe,मर्षणे
04.0085,4,divādi,zvi\dA~,ṣvidā,ष्विदा,gAtraprakzaraRe,gātraprakṣaraṇe,गात्रप्रक्षरणे
04.0086,4,divādi,kru\Da~,krudha,क्रुध,kroDe,krodhe,क्रोधे
04.0087,4,divādi,kzu\Da~,kṣudha,क्षुध,buBukzAyAm,bubhukṣāyām,बुभुक्षायाम्
04.0088,4,divādi,Su\Da~,śudha,शुध,SOce,śauce,शौचे
04.0089,4,divādi,zi\Du~,ṣidhu,षिधु,saMrAdDO,saṃrāddhau,संराद्धौ
04.0090,4,divādi,ra\Da~,radha,रध,hiMsAsaMrAdDyoH,hiṃsāsaṃrāddhyoḥ,हिंसासंराद्ध्योः
04.0091,4,divādi,Ra\Sa~,ṇaśa,णश,adarSane,adarśane,अदर्शने
04.0092,4,divādi,tf\pa~,tṛpa,तृप,prIRane,prīṇane,प्रीणने
04.0093,4,divādi,df\pa~,dṛpa,दृप,harzamohanayoH,harṣamohanayoḥ,हर्षमोहनयोः
04.0094,4,divādi,dru\ha~,druha,द्रुह,jiGAMsAyAm,jighāṃsāyām,जिघांसायाम्
04.0095,4,divādi,mu\ha~,muha,मुह,vEcittye,vaicittye,वैचित्त्ये
04.0096,4,divādi,zRu\ha~,ṣṇuha,ष्णुह,udgiraRe,udgiraṇe,उद्गिरणे
04.0097,4,divādi,zRi\ha~,ṣṇiha,ष्णिह,prItO,prītau,प्रीतौ
04.0098,4,divādi,Samu~,śamu,शमु,upaSame,upaśame,उपशमे
04.0099,4,divādi,tamu~,tamu,तमु,kANkzAyAm,kāṅkṣāyām,काङ्क्षायाम्
04.0100,4,divādi,damu~,damu,दमु,upaSame,upaśame,उपशमे
04.0101,4,divādi,Sramu~,śramu,श्रमु,tapasi Kede ca,tapasi khede ca,तपसि खेदे च
04.0102,4,divādi,Bramu~,bhramu,भ्रमु,anavasTAne,anavasthāne,अनवस्थाने
04.0103,4,divādi,kzamU~,kṣamū,क्षमू,sahane,sahane,सहने
04.0104,4,divādi,klamu~,klamu,क्लमु,glAnO,glānau,ग्लानौ
04.0105,4,divādi,madI~,madī,मदी,harze glepane ca,harṣe glepane ca,हर्षे ग्लेपने च
04.0106,4,divādi,asu~,asu,असु,kzepaRe,kṣepaṇe,क्षेपणे
04.0107,4,divādi,yasu~,yasu,यसु,prayatne,prayatne,प्रयत्ने
04.0108,4,divādi,jasu~,jasu,जसु,mokzaRe,mokṣaṇe,मोक्षणे
04.0109,4,divādi,tasu~,tasu,तसु,upakzaye,upakṣaye,उपक्षये
04.0110,4,divādi,dasu~,dasu,दसु,upakzaye,upakṣaye,उपक्षये
04.0111,4,divādi,vasu~,vasu,वसु,stamBe,stambhe,स्तम्भे
04.0112,4,divādi,basu~,basu,बसु,stamBe,stambhe,स्तम्भे
04.0113,4,divādi,yusa~,yusa,युस,viBAge,vibhāge,विभागे
04.0114,4,divādi,vyuza~,vyuṣa,व्युष,viBAge,vibhāge,विभागे
04.0115,4,divādi,vyusa~,vyusa,व्युस,viBAge,vibhāge,विभागे
04.0116,4,divādi,byusa~,byusa,ब्युस,viBAge,vibhāge,विभागे
04.0117,4,divādi,busa~,busa,बुस,viBAge,vibhāge,विभागे
04.0118,4,divādi,vusa~,vusa,वुस,viBAge,vibhāge,विभागे
04.0119,4,divādi,pyuza~,pyuṣa,प्युष,viBAge,vibhāge,विभागे
04.0120,4,divādi,pyusa~,pyusa,प्युस,viBAge,vibhāge,विभागे
04.0121,4,divādi,puza~,puṣa,पुष,viBAge,vibhāge,विभागे
04.0122,4,divādi,pluza~,pluṣa,प्लुष,dAhe,dāhe,दाहे
04.0123,4,divādi,visa~,visa,विस,preraRe,preraṇe,प्रेरणे
04.0124,4,divādi,bisa~,bisa,बिस,preraRe,preraṇe,प्रेरणे
04.0125,4,divādi,kusa~,kusa,कुस,saMSlezaRe,saṃśleṣaṇe,संश्लेषणे
04.0126,4,divādi,kuSa~,kuśa,कुश,saMSlezaRe,saṃśleṣaṇe,संश्लेषणे
04.0127,4,divādi,YizvidA~,ñiṣvidā,ञिष्विदा,gAtraprakzaraRe,gātraprakṣaraṇe,गात्रप्रक्षरणे
04.0128,4,divādi,kzamU~z,kṣamūṣ,क्षमूष्,sahane,sahane,सहने
04.0129,4,divādi,busa~,busa,बुस,utsarge,utsarge,उत्सर्गे
04.0130,4,divādi,musa~,musa,मुस,KaRqane,khaṇḍane,खण्डने
04.0131,4,divādi,masI~,masī,मसी,pariRAme,pariṇāme,परिणामे
04.0132,4,divādi,samI~,samī,समी,pariRAme,pariṇāme,परिणामे
04.0133,4,divādi,luwa~,luṭa,लुट,viloqane,viloḍane,विलोडने
04.0134,4,divādi,luWa~,luṭha,लुठ,viloqane,viloḍane,विलोडने
04.0135,4,divādi,uca~,uca,उच,samavAye,samavāye,समवाये
04.0136,4,divādi,BfSu~,bhṛśu,भृशु,aDaHpatane,adhaḥpatane,अधःपतने
04.0137,4,divādi,stima~,stima,स्तिम,ArdrIBAve,ārdrībhāve,आर्द्रीभावे
04.0138,4,divādi,BranSu~,bhranśu,भ्रन्शु,aDaHpatane,adhaḥpatane,अधःपतने
04.0139,4,divādi,vfSa~,vṛśa,वृश,AvaraRe,āvaraṇe,आवरणे
04.0140,4,divādi,kfSa~,kṛśa,कृश,tanUkaraRe,tanūkaraṇe,तनूकरणे
04.0141,4,divādi,YitfzA~,ñitṛṣā,ञितृषा,pipAsAyAm,pipāsāyām,पिपासायाम्
04.0142,4,divādi,hfza~,hṛṣa,हृष,tuzwO,tuṣṭau,तुष्टौ
04.0143,4,divādi,ruza~,ruṣa,रुष,hiMsAyAm,hiṃsāyām,हिंसायाम्
04.0144,4,divādi,riza~,riṣa,रिष,hiMsAyAm,hiṃsāyām,हिंसायाम्
04.0145,4,divādi,qipa~,ḍipa,डिप,kzepe,kṣepe,क्षेपे
04.0146,4,divādi,kupa~,kupa,कुप,kroDe,krodhe,क्रोधे
04.0147,4,divādi,gupa~,gupa,गुप,vyAkulatve,vyākulatve,व्याकुलत्वे
04.0148,4,divādi,yupa~,yupa,युप,vimohane,vimohane,विमोहने
04.0149,4,divādi,rupa~,rupa,रुप,vimohane,vimohane,विमोहने
04.0150,4,divādi,lupa~,lupa,लुप,vimohane,vimohane,विमोहने
04.0151,4,divādi,zwupa~,ṣṭupa,ष्टुप,samucCrAye,samucchrāye,समुच्छ्राये
04.0152,4,divādi,zwUpa~,ṣṭūpa,ष्टूप,samucCrAye,samucchrāye,समुच्छ्राये
04.0153,4,divādi,luBa~,lubha,लुभ,gArdDye,gārddhye,गार्द्ध्ये
04.0154,4,divādi,kzuBa~,kṣubha,क्षुभ,saYcalane,sañcalane,सञ्चलने
04.0155,4,divādi,RaBa~,ṇabha,णभ,hiMsAyAm,hiṃsāyām,हिंसायाम्
04.0156,4,divādi,tuBa~,tubha,तुभ,hiMsAyAm,hiṃsāyām,हिंसायाम्
04.0157,4,divādi,klidU~,klidū,क्लिदू,ArdrIBAve,ārdrībhāve,आर्द्रीभावे
04.0158,4,divādi,YimidA~,ñimidā,ञिमिदा,snehane,snehane,स्नेहने
04.0159,4,divādi,YikzvidA~,ñikṣvidā,ञिक्ष्विदा,snehanamocanayoH,snehanamocanayoḥ,स्नेहनमोचनयोः
04.0160,4,divādi,fDu~,ṛdhu,ऋधु,vfdDO,vṛddhau,वृद्धौ
04.0161,4,divādi,gfDu~,gṛdhu,गृधु,aBikANkzAyAm,abhikāṅkṣāyām,अभिकाङ्क्षायाम्
04.0162,4,divādi,-,-,-,,,
04.0163,4,divādi,-,-,-,,,
05.0001,5,svādi,zu\Y,ṣuñ,षुञ्,aBizave,abhiṣave,अभिषवे
05.0002,5,svādi,zi\Y,ṣiñ,षिञ्,banDane,bandhane,बन्धने
05.0003,5,svādi,Si\Y,śiñ,शिञ्,niSAne,niśāne,निशाने
05.0004,5,svādi,qumi\Y,ḍumiñ,डुमिञ्,prakzepaRe,prakṣepaṇe,प्रक्षेपणे
05.0005,5,svādi,ci\Y,ciñ,चिञ्,cayane,cayane,चयने
05.0006,5,svādi,stf\Y,stṛñ,स्तृञ्,AcCAdane,ācchādane,आच्छादने
05.0007,5,svādi,kf\Y,kṛñ,कृञ्,hiMsAyAm,hiṃsāyām,हिंसायाम्
05.0008,5,svādi,vfY,vṛñ,वृञ्,varaRe,varaṇe,वरणे
05.0009,5,svādi,Du\Y,dhuñ,धुञ्,kampane,kampane,कम्पने
05.0010,5,svādi,DUY,dhūñ,धूञ्,kampane,kampane,कम्पने
05.0011,5,svādi,wudu\,ṭudu,टुदु,upatApe,upatāpe,उपतापे
05.0012,5,svādi,hi\,hi,हि,gatO vfdDO ca,gatau vṛddhau ca,गतौ वृद्धौ च
05.0013,5,svādi,pf\,pṛ,पृ,prItO,prītau,प्रीतौ
05.0014,5,svādi,spf\,spṛ,स्पृ,prItipAlanayoH prIticalanayoSca,prītipālanayoḥ prīticalanayośca,प्रीतिपालनयोः प्रीतिचलनयोश्च
05.0015,5,svādi,smf\,smṛ,स्मृ,prItibalanayoH,prītibalanayoḥ,प्रीतिबलनयोः
05.0016,5,svādi,A\px~,āpḷ,आपॢ,vyAptO,vyāptau,व्याप्तौ
05.0017,5,svādi,Sa\kx~,śakḷ,शकॢ,SaktO,śaktau,शक्तौ
05.0018,5,svādi,rA\Da~,rādha,राध,saMsidDO,saṃsiddhau,संसिद्धौ
05.0019,5,svādi,sA\Da~,sādha,साध,saMsidDO,saṃsiddhau,संसिद्धौ
05.0020,5,svādi,aSU~\,aśū,अशू,vyAptO saNGAte ca,vyāptau saṅghāte ca,व्याप्तौ सङ्घाते च
05.0021,5,svādi,zwiGa~\,ṣṭigha,ष्टिघ,Askandane,āskandane,आस्कन्दने
05.0022,5,svādi,tika~,tika,तिक,Askandane gatO ca,āskandane gatau ca,आस्कन्दने गतौ च
05.0023,5,svādi,tiga~,tiga,तिग,Askandane gatO ca,āskandane gatau ca,आस्कन्दने गतौ च
05.0024,5,svādi,zaGa~,ṣagha,षघ,hiMsAyAm,hiṃsāyām,हिंसायाम्
05.0025,5,svādi,YiDfzA~,ñidhṛṣā,ञिधृषा,prAgalBye,prāgalbhye,प्रागल्भ्ये
05.0026,5,svādi,danBu~,danbhu,दन्भु,damBane,dambhane,दम्भने
05.0027,5,svādi,fDu~,ṛdhu,ऋधु,vfdDO,vṛddhau,वृद्धौ
05.0028,5,svādi,tfpa~,tṛpa,तृप,prIRane,prīṇane,प्रीणने
05.0029,5,svādi,aha~,aha,अह,vyAptO,vyāptau,व्याप्तौ
05.0030,5,svādi,daGa~,dagha,दघ,GAtane pAlane ca,ghātane pālane ca,घातने पालने च
05.0031,5,svādi,camu~,camu,चमु,BakzaRe,bhakṣaṇe,भक्षणे
05.0032,5,svādi,ri\,ri,रि,hiMsAyAm,hiṃsāyām,हिंसायाम्
05.0033,5,svādi,kzi\,kṣi,क्षि,hiMsAyAm,hiṃsāyām,हिंसायाम्
05.0034,5,svādi,ciri,ciri,चिरि,hiMsAyAm,hiṃsāyām,हिंसायाम्
05.0035,5,svādi,jiri,jiri,जिरि,hiMsAyAm,hiṃsāyām,हिंसायाम्
05.0036,5,svādi,dASa~,dāśa,दाश,hiMsAyAm,hiṃsāyām,हिंसायाम्
05.0037,5,svādi,df\,dṛ,दृ,hiMsAyAm,hiṃsāyām,हिंसायाम्
05.0038,5,svādi,f\kzi,ṛkṣi,ऋक्षि,hiMsAyAm,hiṃsāyām,हिंसायाम्
06.0001,6,tudādi,tu\da~^,tuda,तुद,vyaTane,vyathane,व्यथने
06.0002,6,tudādi,Ru\da~^,ṇuda,णुद,preraRe,preraṇe,प्रेरणे
06.0003,6,tudādi,di\Sa~^,diśa,दिश,atisarjane,atisarjane,अतिसर्जने
06.0004,6,tudādi,Bra\sja~^,bhrasja,भ्रस्ज,pAke,pāke,पाके
06.0005,6,tudādi,kzi\pa~^,kṣipa,क्षिप,preraRe,preraṇe,प्रेरणे
06.0006,6,tudādi,kf\za~^,kṛṣa,कृष,vileKane,vilekhane,विलेखने
06.0007,6,tudādi,fzI~,ṛṣī,ऋषी,gatO,gatau,गतौ
06.0008,6,tudādi,juzI~\,juṣī,जुषी,prItisevanayoH,prītisevanayoḥ,प्रीतिसेवनयोः
06.0009,6,tudādi,o~vijI~\,ovijī,ओविजी,BayacalanayoH,bhayacalanayoḥ,भयचलनयोः
06.0010,6,tudādi,o~lajI~\,olajī,ओलजी,vrIqAyAm,vrīḍāyām,व्रीडायाम्
06.0011,6,tudādi,o~lasjI~\,olasjī,ओलस्जी,vrIqAyAm,vrīḍāyām,व्रीडायाम्
06.0012,6,tudādi,o~vrascU~,ovrascū,ओव्रस्चू,Cedane,chedane,छेदने
06.0013,6,tudādi,vyaca~,vyaca,व्यच,vyAjIkaraRe,vyājīkaraṇe,व्याजीकरणे
06.0014,6,tudādi,uCi~,uchi,उछि,uYCe,uñche,उञ्छे
06.0015,6,tudādi,uCI~,uchī,उछी,vivAse,vivāse,विवासे
06.0016,6,tudādi,fCa~,ṛcha,ऋछ,gatIndriyapralayamUrtiBAvezu,gatīndriyapralayamūrtibhāveṣu,गतीन्द्रियप्रलयमूर्तिभावेषु
06.0017,6,tudādi,miCa~,micha,मिछ,utkleSe,utkleśe,उत्क्लेशे
06.0018,6,tudādi,jarja~,jarja,जर्ज,pariBAzaRaBartsanayoH,paribhāṣaṇabhartsanayoḥ,परिभाषणभर्त्सनयोः
06.0019,6,tudādi,carca~,carca,चर्च,pariBAzaRaBartsanayoH,paribhāṣaṇabhartsanayoḥ,परिभाषणभर्त्सनयोः
06.0020,6,tudādi,JarJa~,jharjha,झर्झ,pariBAzaRaBartsanayoH,paribhāṣaṇabhartsanayoḥ,परिभाषणभर्त्सनयोः
06.0021,6,tudādi,tvaca~,tvaca,त्वच,saMvaraRe,saṃvaraṇe,संवरणे
06.0022,6,tudādi,fca~,ṛca,ऋच,stutO dIptO ca,stutau dīptau ca,स्तुतौ दीप्तौ च
06.0023,6,tudādi,ubja~,ubja,उब्ज,Arjave,ārjave,आर्जवे
06.0024,6,tudādi,ujJa~,ujjha,उज्झ,utsarge,utsarge,उत्सर्गे
06.0025,6,tudādi,luBa~,lubha,लुभ,vimohane,vimohane,विमोहने
06.0026,6,tudādi,riPa~,ripha,रिफ,katTanayudDanindAhiMsAdAnezu,katthanayuddhanindāhiṃsādāneṣu,कत्थनयुद्धनिन्दाहिंसादानेषु
06.0027,6,tudādi,riha~,riha,रिह,katTanayudDanindAhiMsAdAnezu,katthanayuddhanindāhiṃsādāneṣu,कत्थनयुद्धनिन्दाहिंसादानेषु
06.0028,6,tudādi,tfpa~,tṛpa,तृप,tfptO,tṛptau,तृप्तौ
06.0029,6,tudādi,fha~,ṛha,ऋह,katTanayudDanindAhiMsAdAnezu,katthanayuddhanindāhiṃsādāneṣu,कत्थनयुद्धनिन्दाहिंसादानेषु
06.0030,6,tudādi,tfPa~,tṛpha,तृफ,tfptO,tṛptau,तृप्तौ
06.0031,6,tudādi,tfnPa~,tṛnpha,तृन्फ,tfptO,tṛptau,तृप्तौ
06.0032,6,tudādi,tupa~,tupa,तुप,hiMsAyAm,hiṃsāyām,हिंसायाम्
06.0033,6,tudādi,tunpa~,tunpa,तुन्प,hiMsAyAm,hiṃsāyām,हिंसायाम्
06.0034,6,tudādi,tuPa~,tupha,तुफ,hiMsAyAm,hiṃsāyām,हिंसायाम्
06.0035,6,tudādi,tunPa~,tunpha,तुन्फ,hiMsAyAm,hiṃsāyām,हिंसायाम्
06.0036,6,tudādi,dfpa~,dṛpa,दृप,utkleSe,utkleśe,उत्क्लेशे
06.0037,6,tudādi,stfnhU~,stṛnhū,स्तृन्हू,hiMsAyAm,hiṃsāyām,हिंसायाम्
06.0038,6,tudādi,dfPa~,dṛpha,दृफ,utkleSe,utkleśe,उत्क्लेशे
06.0039,6,tudādi,dfnPa~,dṛnpha,दृन्फ,utkleSe,utkleśe,उत्क्लेशे
06.0040,6,tudādi,fPa~,ṛpha,ऋफ,hiMsAyAm,hiṃsāyām,हिंसायाम्
06.0041,6,tudādi,fnPa~,ṛnpha,ऋन्फ,hiMsAyAm,hiṃsāyām,हिंसायाम्
06.0042,6,tudādi,guPa~,gupha,गुफ,granTe,granthe,ग्रन्थे
06.0043,6,tudādi,gunPa~,gunpha,गुन्फ,granTe,granthe,ग्रन्थे
06.0044,6,tudādi,uBa~,ubha,उभ,pUraRe,pūraṇe,पूरणे
06.0045,6,tudādi,unBa~,unbha,उन्भ,pUraRe,pūraṇe,पूरणे
06.0046,6,tudādi,SuBa~,śubha,शुभ,SoBAyAm,śobhāyām,शोभायाम्
06.0047,6,tudādi,SunBa~,śunbha,शुन्भ,SoBAyAm,śobhāyām,शोभायाम्
06.0048,6,tudādi,dfBI~,dṛbhī,दृभी,granTe,granthe,ग्रन्थे
06.0049,6,tudādi,cftI~,cṛtī,चृती,hiMsAgranTanayoH,hiṃsāgranthanayoḥ,हिंसाग्रन्थनयोः
06.0050,6,tudādi,viDa~,vidha,विध,viDAne,vidhāne,विधाने
06.0051,6,tudādi,juqa~,juḍa,जुड,gatO banDane ca,gatau bandhane ca,गतौ बन्धने च
06.0052,6,tudādi,juna~,juna,जुन,gatO banDane ca,gatau bandhane ca,गतौ बन्धने च
06.0053,6,tudādi,mfqa~,mṛḍa,मृड,suKane,sukhane,सुखने
06.0054,6,tudādi,pfqa~,pṛḍa,पृड,suKane,sukhane,सुखने
06.0055,6,tudādi,pfRa~,pṛṇa,पृण,prIRane,prīṇane,प्रीणने
06.0056,6,tudādi,vfRa~,vṛṇa,वृण,prIRane,prīṇane,प्रीणने
06.0057,6,tudādi,mfRa~,mṛṇa,मृण,hiMsAyAm,hiṃsāyām,हिंसायाम्
06.0058,6,tudādi,tuRa~,tuṇa,तुण,kOwilye,kauṭilye,कौटिल्ये
06.0059,6,tudādi,puRa~,puṇa,पुण,karmaRi SuBe,karmaṇi śubhe,कर्मणि शुभे
06.0060,6,tudādi,muRa~,muṇa,मुण,pratijYAne,pratijñāne,प्रतिज्ञाने
06.0061,6,tudādi,kuRa~,kuṇa,कुण,SabdopakaraRayoH,śabdopakaraṇayoḥ,शब्दोपकरणयोः
06.0062,6,tudādi,Suna~,śuna,शुन,gatO,gatau,गतौ
06.0063,6,tudādi,druRa~,druṇa,द्रुण,hiMsAgatikOwilyezu,hiṃsāgatikauṭilyeṣu,हिंसागतिकौटिल्येषु
06.0064,6,tudādi,GuRa~,ghuṇa,घुण,BramaRe,bhramaṇe,भ्रमणे
06.0065,6,tudādi,GUrRa~,ghūrṇa,घूर्ण,BramaRe,bhramaṇe,भ्रमणे
06.0066,6,tudādi,zura~,ṣura,षुर,ESvaryadIptyoH,aiśvaryadīptyoḥ,ऐश्वर्यदीप्त्योः
06.0067,6,tudādi,kura~,kura,कुर,Sabde,śabde,शब्दे
06.0068,6,tudādi,Kura~,khura,खुर,Cedane KaRqane ca,chedane khaṇḍane ca,छेदने खण्डने च
06.0069,6,tudādi,mura~,mura,मुर,saMvezwane parivezwane ca,saṃveṣṭane pariveṣṭane ca,संवेष्टने परिवेष्टने च
06.0070,6,tudādi,kzura~,kṣura,क्षुर,vileKane,vilekhane,विलेखने
06.0071,6,tudādi,Gura~,ghura,घुर,BImArTaSabdayoH,bhīmārthaśabdayoḥ,भीमार्थशब्दयोः
06.0072,6,tudādi,pura~,pura,पुर,agragamane,agragamane,अग्रगमने
06.0073,6,tudādi,vfhU~,vṛhū,वृहू,udyamane,udyamane,उद्यमने
06.0074,6,tudādi,bfhU~,bṛhū,बृहू,udyamane,udyamane,उद्यमने
06.0075,6,tudādi,tfhU~,tṛhū,तृहू,hiMsAyAm,hiṃsāyām,हिंसायाम्
06.0076,6,tudādi,stfhU~,stṛhū,स्तृहू,hiMsAyAm,hiṃsāyām,हिंसायाम्
06.0077,6,tudādi,tfnhU~,tṛnhū,तृन्हू,hiMsAyAm,hiṃsāyām,हिंसायाम्
06.0078,6,tudādi,izu~,iṣu,इषु,icCAyAm,icchāyām,इच्छायाम्
06.0079,6,tudādi,miza~,miṣa,मिष,sparDAyAm,spardhāyām,स्पर्धायाम्
06.0080,6,tudādi,kila~,kila,किल,SvEtyakrIqanayoH,śvaityakrīḍanayoḥ,श्वैत्यक्रीडनयोः
06.0081,6,tudādi,tila~,tila,तिल,snehane,snehane,स्नेहने
06.0082,6,tudādi,cila~,cila,चिल,vasane,vasane,वसने
06.0083,6,tudādi,cala~,cala,चल,vilasane vikasane ca,vilasane vikasane ca,विलसने विकसने च
06.0084,6,tudādi,ila~,ila,इल,svapnakzepaRayoH,svapnakṣepaṇayoḥ,स्वप्नक्षेपणयोः
06.0085,6,tudādi,vila~,vila,विल,saMvaraRe,saṃvaraṇe,संवरणे
06.0086,6,tudādi,bila~,bila,बिल,Bedane,bhedane,भेदने
06.0087,6,tudādi,Rila~,ṇila,णिल,gahane,gahane,गहने
06.0088,6,tudādi,hila~,hila,हिल,BAvakaraRe,bhāvakaraṇe,भावकरणे
06.0089,6,tudādi,Sila~,śila,शिल,uYCe,uñche,उञ्छे
06.0090,6,tudādi,zila~,ṣila,षिल,uYCe,uñche,उञ्छे
06.0091,6,tudādi,mila~,mila,मिल,SlezaRe,śleṣaṇe,श्लेषणे
06.0092,6,tudādi,liKa~,likha,लिख,akzaravinyAse,akṣaravinyāse,अक्षरविन्यासे
06.0093,6,tudādi,kuwa~,kuṭa,कुट,kOwilye,kauṭilye,कौटिल्ये
06.0094,6,tudādi,puwa~,puṭa,पुट,saMSlezaRe,saṃśleṣaṇe,संश्लेषणे
06.0095,6,tudādi,kuca~,kuca,कुच,saNkocane,saṅkocane,सङ्कोचने
06.0096,6,tudādi,guja~,guja,गुज,Sabde,śabde,शब्दे
06.0097,6,tudādi,guqa~,guḍa,गुड,rakzAyAm,rakṣāyām,रक्षायाम्
06.0098,6,tudādi,qipa~,ḍipa,डिप,kzepe,kṣepe,क्षेपे
06.0099,6,tudādi,Cura~,chura,छुर,Cedane,chedane,छेदने
06.0100,6,tudādi,sPuwa~,sphuṭa,स्फुट,vikasane,vikasane,विकसने
06.0101,6,tudādi,muwa~,muṭa,मुट,AkzepamardanayoH,ākṣepamardanayoḥ,आक्षेपमर्दनयोः
06.0102,6,tudādi,truwa~,truṭa,त्रुट,Cedane,chedane,छेदने
06.0103,6,tudādi,tuwa~,tuṭa,तुट,kalahakarmaRi,kalahakarmaṇi,कलहकर्मणि
06.0104,6,tudādi,cuwa~,cuṭa,चुट,Cedane,chedane,छेदने
06.0105,6,tudādi,Cuwa~,chuṭa,छुट,Cedane,chedane,छेदने
06.0106,6,tudādi,juqa~,juḍa,जुड,banDane,bandhane,बन्धने
06.0107,6,tudādi,juwa~,juṭa,जुट,banDane,bandhane,बन्धने
06.0108,6,tudādi,kaqa~,kaḍa,कड,made,made,मदे
06.0109,6,tudādi,luwa~,luṭa,लुट,saMSlezaRe,saṃśleṣaṇe,संश्लेषणे
06.0110,6,tudādi,luWa~,luṭha,लुठ,saMSlezaRe,saṃśleṣaṇe,संश्लेषणे
06.0111,6,tudādi,kaqa~,kaḍa,कड,Gasane,ghasane,घसने
06.0112,6,tudādi,kfqa~,kṛḍa,कृड,Ganatve,ghanatve,घनत्वे
06.0113,6,tudādi,kuqa~,kuḍa,कुड,bAlye,bālye,बाल्ये
06.0114,6,tudādi,puqa~,puḍa,पुड,utsarge,utsarge,उत्सर्गे
06.0115,6,tudādi,Guwa~,ghuṭa,घुट,pratiGAte,pratighāte,प्रतिघाते
06.0116,6,tudādi,tuqa~,tuḍa,तुड,toqane,toḍane,तोडने
06.0117,6,tudādi,Tuqa~,thuḍa,थुड,saMvaraRe,saṃvaraṇe,संवरणे
06.0118,6,tudādi,sTuqa~,sthuḍa,स्थुड,saMvaraRe,saṃvaraṇe,संवरणे
06.0119,6,tudādi,Kuqa~,khuḍa,खुड,saMvaraRe,saṃvaraṇe,संवरणे
06.0120,6,tudādi,Cuqa~,chuḍa,छुड,saMvaraRe,saṃvaraṇe,संवरणे
06.0121,6,tudādi,sPura~,sphura,स्फुर,saYcalane,sañcalane,सञ्चलने
06.0122,6,tudādi,sPula~,sphula,स्फुल,saYcalane,sañcalane,सञ्चलने
06.0123,6,tudādi,sPara~,sphara,स्फर,saYcalane,sañcalane,सञ्चलने
06.0124,6,tudādi,sPala~,sphala,स्फल,saYcalane,sañcalane,सञ्चलने
06.0125,6,tudādi,sPuqa~,sphuḍa,स्फुड,saMvaraRe,saṃvaraṇe,संवरणे
06.0126,6,tudādi,cuqa~,cuḍa,चुड,saMvaraRe,saṃvaraṇe,संवरणे
06.0127,6,tudādi,vruqa~,vruḍa,व्रुड,saMvaraRe,saṃvaraṇe,संवरणे
06.0128,6,tudādi,kruqa~,kruḍa,क्रुड,nimajjane,nimajjane,निमज्जने
06.0129,6,tudādi,Bfqa~,bhṛḍa,भृड,nimajjane,nimajjane,निमज्जने
06.0130,6,tudādi,huqa~,huḍa,हुड,saNGAte,saṅghāte,सङ्घाते
06.0131,6,tudādi,gurI~\,gurī,गुरी,udyamane,udyamane,उद्यमने
06.0132,6,tudādi,RU,ṇū,णू,stavane,stavane,स्तवने
06.0133,6,tudādi,DU,dhū,धू,viDUnane,vidhūnane,विधूनने
06.0134,6,tudādi,gu\,gu,गु,purIzotsarge,purīṣotsarge,पुरीषोत्सर्गे
06.0135,6,tudādi,Dru\,dhru,ध्रु,gatisTEryayoH,gatisthairyayoḥ,गतिस्थैर्ययोः
06.0136,6,tudādi,ku\N,kuṅ,कुङ्,Sabde,śabde,शब्दे
06.0137,6,tudādi,kUN,kūṅ,कूङ्,Sabde,śabde,शब्दे
06.0138,6,tudādi,pf\N,pṛṅ,पृङ्,vyAyAme,vyāyāme,व्यायामे
06.0139,6,tudādi,mf\N,mṛṅ,मृङ्,prARatyAge,prāṇatyāge,प्राणत्यागे
06.0140,6,tudādi,ri\,ri,रि,gatO,gatau,गतौ
06.0141,6,tudādi,pi\,pi,पि,gatO,gatau,गतौ
06.0142,6,tudādi,Di\,dhi,धि,DAraRe,dhāraṇe,धारणे
06.0143,6,tudādi,kzi\,kṣi,क्षि,nivAsagatyoH,nivāsagatyoḥ,निवासगत्योः
06.0144,6,tudādi,zU,ṣū,षू,preraRe,preraṇe,प्रेरणे
06.0145,6,tudādi,kF,kṝ,कॄ,vikzepe,vikṣepe,विक्षेपे
06.0146,6,tudādi,gF,gṝ,गॄ,nigaraRe,nigaraṇe,निगरणे
06.0147,6,tudādi,df\N,dṛṅ,दृङ्,Adare,ādare,आदरे
06.0148,6,tudādi,Df\N,dhṛṅ,धृङ्,avasTAne,avasthāne,अवस्थाने
06.0149,6,tudādi,pra\Ca~,pracha,प्रछ,jYIpsAyAm,jñīpsāyām,ज्ञीप्सायाम्
06.0150,6,tudādi,sf\ja~,sṛja,सृज,visarge,visarge,विसर्गे
06.0151,6,tudādi,wuma\sjo~,ṭumasjo,टुमस्जो,SudDO,śuddhau,शुद्धौ
06.0152,6,tudādi,ru\jo~,rujo,रुजो,BaNge,bhaṅge,भङ्गे
06.0153,6,tudādi,Bu\jo~,bhujo,भुजो,kOwilye,kauṭilye,कौटिल्ये
06.0154,6,tudādi,Cu\pa~,chupa,छुप,sparSe,sparśe,स्पर्शे
06.0155,6,tudādi,ru\Sa~,ruśa,रुश,hiMsAyAm,hiṃsāyām,हिंसायाम्
06.0156,6,tudādi,ri\Sa~,riśa,रिश,hiMsAyAm,hiṃsāyām,हिंसायाम्
06.0157,6,tudādi,li\Sa~,liśa,लिश,gatO,gatau,गतौ
06.0158,6,tudādi,spf\Sa~,spṛśa,स्पृश,saMsparSane,saṃsparśane,संस्पर्शने
06.0159,6,tudādi,viCa~,vicha,विछ,gatO,gatau,गतौ
06.0160,6,tudādi,vi\Sa~,viśa,विश,praveSane,praveśane,प्रवेशने
06.0161,6,tudādi,mf\Sa~,mṛśa,मृश,AmarSane,āmarśane,आमर्शने
06.0162,6,tudādi,Ru\da~,ṇuda,णुद,preraRe,preraṇe,प्रेरणे
06.0163,6,tudādi,za\dx~,ṣadḷ,षदॢ,viSaraRagatyavasAdanezu,viśaraṇagatyavasādaneṣu,विशरणगत्यवसादनेषु
06.0164,6,tudādi,Sa\dx~,śadḷ,शदॢ,SAtane,śātane,शातने
06.0165,6,tudādi,mila~^,mila,मिल,saNgame,saṅgame,सङ्गमे
06.0166,6,tudādi,mu\cx~^,mucḷ,मुचॢ,mokzaRe,mokṣaṇe,मोक्षणे
06.0167,6,tudādi,lu\px~^,lupḷ,लुपॢ,Cedane,chedane,छेदने
06.0168,6,tudādi,vi\dx~^,vidḷ,विदॢ,lABe,lābhe,लाभे
06.0169,6,tudādi,li\pa~^,lipa,लिप,upadehe,upadehe,उपदेहे
06.0170,6,tudādi,zi\ca~^,ṣica,षिच,kzaraRe,kṣaraṇe,क्षरणे
06.0171,6,tudādi,kftI~,kṛtī,कृती,Cedane,chedane,छेदने
06.0172,6,tudādi,Ki\da~,khida,खिद,pariGAte,parighāte,परिघाते
06.0173,6,tudādi,piSa~,piśa,पिश,avayave,avayave,अवयवे
06.0174,6,tudādi,Pula~,phula,फुल,saYcalane,sañcalane,सञ्चलने
07.0001,7,rudhādi,ru\Di~^r,rudhir,रुधिर्,AvaraRe,āvaraṇe,आवरणे
07.0002,7,rudhādi,Bi\di~^r,bhidir,भिदिर्,vidAraRe,vidāraṇe,विदारणे
07.0003,7,rudhādi,Ci\di~^r,chidir,छिदिर्,dvEDIkaraRe,dvaidhīkaraṇe,द्वैधीकरणे
07.0004,7,rudhādi,ri\ci~^r,ricir,रिचिर्,virecane,virecane,विरेचने
07.0005,7,rudhādi,vi\ci~^r,vicir,विचिर्,pfTagBAve,pṛthagbhāve,पृथग्भावे
07.0006,7,rudhādi,kzu\di~^r,kṣudir,क्षुदिर्,sampezaRe,sampeṣaṇe,सम्पेषणे
07.0007,7,rudhādi,yu\ji~^r,yujir,युजिर्,yoge,yoge,योगे
07.0008,7,rudhādi,u~Cfdi~^r,uchṛdir,उछृदिर्,dIptidevanayoH,dīptidevanayoḥ,दीप्तिदेवनयोः
07.0009,7,rudhādi,u~tfdi~^r,utṛdir,उतृदिर्,hiMsAnAdarayoH,hiṃsānādarayoḥ,हिंसानादरयोः
07.0010,7,rudhādi,kftI~,kṛtī,कृती,vezwane,veṣṭane,वेष्टने
07.0011,7,rudhādi,YiinDI~\,ñiindhī,ञिइन्धी,dIptO,dīptau,दीप्तौ
07.0012,7,rudhādi,Ki\da~\,khida,खिद,dEnye,dainye,दैन्ये
07.0013,7,rudhādi,vi\da~\,vida,विद,vicAraRe,vicāraṇe,विचारणे
07.0014,7,rudhādi,Si\zx~,śiṣḷ,शिषॢ,viSezaRe,viśeṣaṇe,विशेषणे
07.0015,7,rudhādi,pi\zx~,piṣḷ,पिषॢ,saYcUrRane hiMsAyAm ca,sañcūrṇane hiṃsāyām ca,सञ्चूर्णने हिंसायाम् च
07.0016,7,rudhādi,Ba\njo~,bhanjo,भन्जो,Amardane,āmardane,आमर्दने
07.0017,7,rudhādi,Bu\ja~,bhuja,भुज,pAlanAByavahArayoH,pālanābhyavahārayoḥ,पालनाभ्यवहारयोः
07.0018,7,rudhādi,tfha~,tṛha,तृह,hiMsAyAm,hiṃsāyām,हिंसायाम्
07.0019,7,rudhādi,hisi~,hisi,हिसि,hiMsAyAm,hiṃsāyām,हिंसायाम्
07.0020,7,rudhādi,undI~,undī,उन्दी,kledane,kledane,क्लेदने
07.0021,7,rudhādi,anjU~,anjū,अन्जू,vyaktimrakzaRakAntigatizu,vyaktimrakṣaṇakāntigatiṣu,व्यक्तिम्रक्षणकान्तिगतिषु
07.0022,7,rudhādi,tancU~,tancū,तन्चू,saNkocane,saṅkocane,सङ्कोचने
07.0023,7,rudhādi,o~vijI~,ovijī,ओविजी,BayacalanayoH,bhayacalanayoḥ,भयचलनयोः
07.0024,7,rudhādi,vfjI~,vṛjī,वृजी,varjane,varjane,वर्जने
07.0025,7,rudhādi,pfcI~,pṛcī,पृची,samparke,samparke,सम्पर्के
08.0001,8,tanādi,tanu~^,tanu,तनु,vistAre,vistāre,विस्तारे
08.0002,8,tanādi,zaRu~^,ṣaṇu,षणु,dAne,dāne,दाने
08.0003,8,tanādi,kzaRu~^,kṣaṇu,क्षणु,hiMsAyAm,hiṃsāyām,हिंसायाम्
08.0004,8,tanādi,kziRu~^,kṣiṇu,क्षिणु,hiMsAyAm,hiṃsāyām,हिंसायाम्
08.0005,8,tanādi,fRu~^,ṛṇu,ऋणु,gatO,gatau,गतौ
08.0006,8,tanādi,tfRu~^,tṛṇu,तृणु,adane,adane,अदने
08.0007,8,tanādi,GfRu~^,ghṛṇu,घृणु,dIptO,dīptau,दीप्तौ
08.0008,8,tanādi,vanu~\,vanu,वनु,yAcane,yācane,याचने
08.0009,8,tanādi,manu~\,manu,मनु,avaboDane,avabodhane,अवबोधने
08.0010,8,tanādi,qukf\Y,ḍukṛñ,डुकृञ्,karaRe,karaṇe,करणे
09.0001,9,kryādi,qukrI\Y,ḍukrīñ,डुक्रीञ्,dravyavinimaye,dravyavinimaye,द्रव्यविनिमये
09.0002,9,kryādi,prI\Y,prīñ,प्रीञ्,tarpaRe kAntO ca,tarpaṇe kāntau ca,तर्पणे कान्तौ च
09.0003,9,kryādi,SrI\Y,śrīñ,श्रीञ्,pAke,pāke,पाके
09.0004,9,kryādi,mI\Y,mīñ,मीञ्,hiMsAyAm,hiṃsāyām,हिंसायाम्
09.0005,9,kryādi,zi\Y,ṣiñ,षिञ्,banDane,bandhane,बन्धने
09.0006,9,kryādi,sku\Y,skuñ,स्कुञ्,ApravaRe,āpravaṇe,आप्रवणे
09.0007,9,kryādi,stanBu~,stanbhu,स्तन्भु,roDane stamBane ca,rodhane stambhane ca,रोधने स्तम्भने च
09.0008,9,kryādi,stunBu~,stunbhu,स्तुन्भु,roDane nizkozaRe ca,rodhane niṣkoṣaṇe ca,रोधने निष्कोषणे च
09.0009,9,kryādi,skanBu~,skanbhu,स्कन्भु,roDane stamBane ca,rodhane stambhane ca,रोधने स्तम्भने च
09.0010,9,kryādi,skunBu~,skunbhu,स्कुन्भु,roDane DAraRe ca,rodhane dhāraṇe ca,रोधने धारणे च
09.0011,9,kryādi,yu\Y,yuñ,युञ्,banDane,bandhane,बन्धने
09.0012,9,kryādi,knUY,knūñ,क्नूञ्,Sabde,śabde,शब्दे
09.0013,9,kryādi,drUY,drūñ,द्रूञ्,hiMsAyAm,hiṃsāyām,हिंसायाम्
09.0014,9,kryādi,pUY,pūñ,पूञ्,pavane,pavane,पवने
09.0015,9,kryādi,SFY,śṝñ,शॄञ्,hiMsAyAm,hiṃsāyām,हिंसायाम्
09.0016,9,kryādi,lUY,lūñ,लूञ्,Cedane,chedane,छेदने
09.0017,9,kryādi,stFY,stṝñ,स्तॄञ्,AcCAdane,ācchādane,आच्छादने
09.0018,9,kryādi,kFY,kṝñ,कॄञ्,hiMsAyAm,hiṃsāyām,हिंसायाम्
09.0019,9,kryādi,vFY,vṝñ,वॄञ्,varaRe,varaṇe,वरणे
09.0020,9,kryādi,DUY,dhūñ,धूञ्,kampane,kampane,कम्पने
09.0021,9,kryādi,SF,śṝ,शॄ,hiMsAyAm,hiṃsāyām,हिंसायाम्
09.0022,9,kryādi,pF,pṝ,पॄ,pAlanapUraRayoH,pālanapūraṇayoḥ,पालनपूरणयोः
09.0023,9,kryādi,vF,vṝ,वॄ,varaRe,varaṇe,वरणे
09.0024,9,kryādi,BF,bhṝ,भॄ,Bartsane,bhartsane,भर्त्सने
09.0025,9,kryādi,mF,mṝ,मॄ,hiMsAyAm,hiṃsāyām,हिंसायाम्
09.0026,9,kryādi,dF,dṝ,दॄ,vidAraRe,vidāraṇe,विदारणे
09.0027,9,kryādi,jF,jṝ,जॄ,vayohAnO,vayohānau,वयोहानौ
09.0028,9,kryādi,JF,jhṝ,झॄ,vayohAnO,vayohānau,वयोहानौ
09.0029,9,kryādi,DF,dhṝ,धॄ,vayohAnO,vayohānau,वयोहानौ
09.0030,9,kryādi,nF,nṝ,नॄ,naye,naye,नये
09.0031,9,kryādi,kF,kṝ,कॄ,hiMsAyAm,hiṃsāyām,हिंसायाम्
09.0032,9,kryādi,F,ṝ,ॠ,gatO,gatau,गतौ
09.0033,9,kryādi,gF,gṝ,गॄ,Sabde,śabde,शब्दे
09.0034,9,kryādi,jyA\,jyā,ज्या,vayohAnO,vayohānau,वयोहानौ
09.0035,9,kryādi,rI\,rī,री,gatirezaRayoH,gatireṣaṇayoḥ,गतिरेषणयोः
09.0036,9,kryādi,lI\,lī,ली,SlezaRe,śleṣaṇe,श्लेषणे
09.0037,9,kryādi,vlI\,vlī,व्ली,varaRe,varaṇe,वरणे
09.0038,9,kryādi,blI\,blī,ब्ली,varaRe,varaṇe,वरणे
09.0039,9,kryādi,plI\,plī,प्ली,gatO,gatau,गतौ
09.0040,9,kryādi,vrI\,vrī,व्री,varaRe,varaṇe,वरणे
09.0041,9,kryādi,BrI\,bhrī,भ्री,Baye,bhaye,भये
09.0042,9,kryādi,kzI\z,kṣīṣ,क्षीष्,hiMsAyAm,hiṃsāyām,हिंसायाम्
09.0043,9,kryādi,jYA\,jñā,ज्ञा,avaboDane,avabodhane,अवबोधने
09.0044,9,kryādi,ba\nDa~,bandha,बन्ध,banDane,bandhane,बन्धने
09.0045,9,kryādi,vfN,vṛṅ,वृङ्,samBaktO,sambhaktau,सम्भक्तौ
09.0046,9,kryādi,SranTa~,śrantha,श्रन्थ,vimocanapratiharzayoH,vimocanapratiharṣayoḥ,विमोचनप्रतिहर्षयोः
09.0047,9,kryādi,manTa~,mantha,मन्थ,viloqane,viloḍane,विलोडने
09.0048,9,kryādi,SranTa~,śrantha,श्रन्थ,sandarBe,sandarbhe,सन्दर्भे
09.0049,9,kryādi,granTa~,grantha,ग्रन्थ,sandarBe,sandarbhe,सन्दर्भे
09.0050,9,kryādi,kunTa~,kuntha,कुन्थ,saMSlezaRe,saṃśleṣaṇe,संश्लेषणे
09.0051,9,kryādi,mfda~,mṛda,मृद,kzode,kṣode,क्षोदे
09.0052,9,kryādi,mfqa~,mṛḍa,मृड,kzode suKe ca,kṣode sukhe ca,क्षोदे सुखे च
09.0053,9,kryādi,guDa~,gudha,गुध,roze,roṣe,रोषे
09.0054,9,kryādi,kuza~,kuṣa,कुष,nizkarze,niṣkarṣe,निष्कर्षे
09.0055,9,kryādi,kzuBa~,kṣubha,क्षुभ,saYcalane,sañcalane,सञ्चलने
09.0056,9,kryādi,RaBa~,ṇabha,णभ,hiMsAyAm,hiṃsāyām,हिंसायाम्
09.0057,9,kryādi,tuBa~,tubha,तुभ,hiMsAyAm,hiṃsāyām,हिंसायाम्
09.0058,9,kryādi,kliSU~,kliśū,क्लिशू,vibADane,vibādhane,विबाधने
09.0059,9,kryādi,aSa~,aśa,अश,Bojane,bhojane,भोजने
09.0060,9,kryādi,u~Drasa~,udhrasa,उध्रस,uYCe,uñche,उञ्छे
09.0061,9,kryādi,iza~,iṣa,इष,ABIkzRye,ābhīkṣṇye,आभीक्ष्ण्ये
09.0062,9,kryādi,vi\za~,viṣa,विष,viprayoge,viprayoge,विप्रयोगे
09.0063,9,kryādi,pruza~,pruṣa,प्रुष,snehanasevanapUraRezu,snehanasevanapūraṇeṣu,स्नेहनसेवनपूरणेषु
09.0064,9,kryādi,pluza~,pluṣa,प्लुष,snehanasevanapUraRezu,snehanasevanapūraṇeṣu,स्नेहनसेवनपूरणेषु
09.0065,9,kryādi,puza~,puṣa,पुष,puzwO,puṣṭau,पुष्टौ
09.0066,9,kryādi,muza~,muṣa,मुष,steye,steye,स्तेये
09.0067,9,kryādi,Kaca~,khaca,खच,BUtaprAdurBAve,bhūtaprādurbhāve,भूतप्रादुर्भावे
09.0068,9,kryādi,Kava~,khava,खव,BUtaprAdurBAve,bhūtaprādurbhāve,भूतप्रादुर्भावे
09.0069,9,kryādi,heWa~,heṭha,हेठ,BUtaprAdurBAve,bhūtaprādurbhāve,भूतप्रादुर्भावे
09.0070,9,kryādi,svF,svṝ,स्वॄ,varaRe,varaṇe,वरणे
09.0071,9,kryādi,graha~^,graha,ग्रह,upAdAne,upādāne,उपादाने
10.0001,10,curādi,cura~,cura,चुर,steye,steye,स्तेये
10.0002,10,curādi,citi~,citi,चिति,smftyAm,smṛtyām,स्मृत्याम्
10.0003,10,curādi,yatri~,yatri,यत्रि,saNkoce,saṅkoce,सङ्कोचे
10.0004,10,curādi,sPuqi~,sphuḍi,स्फुडि,parihAse,parihāse,परिहासे
10.0005,10,curādi,sPuwi~,sphuṭi,स्फुटि,parihAse,parihāse,परिहासे
10.0006,10,curādi,lakza~,lakṣa,लक्ष,darSanANkanayoH,darśanāṅkanayoḥ,दर्शनाङ्कनयोः
10.0007,10,curādi,kudri~,kudri,कुद्रि,anftaBAzaRe,anṛtabhāṣaṇe,अनृतभाषणे
10.0008,10,curādi,kudf~,kudṛ,कुदृ,anftaBAzaRe,anṛtabhāṣaṇe,अनृतभाषणे
10.0009,10,curādi,spuqi~,spuḍi,स्पुडि,parihAse,parihāse,परिहासे
10.0010,10,curādi,laqa~,laḍa,लड,upasevAyAm,upasevāyām,उपसेवायाम्
10.0011,10,curādi,midi~,midi,मिदि,snehane,snehane,स्नेहने
10.0012,10,curādi,mida~,mida,मिद,snehane,snehane,स्नेहने
10.0013,10,curādi,o~laqi~,olaḍi,ओलडि,utkzepaRe,utkṣepaṇe,उत्क्षेपणे
10.0014,10,curādi,olaqi~,olaḍi,ओलडि,utkzepaRe,utkṣepaṇe,उत्क्षेपणे
10.0015,10,curādi,jala~,jala,जल,apavAraRe,apavāraṇe,अपवारणे
10.0016,10,curādi,laja~,laja,लज,apavAraRe,apavāraṇe,अपवारणे
10.0017,10,curādi,pIqa~,pīḍa,पीड,avagAhane,avagāhane,अवगाहने
10.0018,10,curādi,nawa~,naṭa,नट,avaspandane,avaspandane,अवस्पन्दने
10.0019,10,curādi,SraTa~,śratha,श्रथ,prayatne,prayatne,प्रयत्ने
10.0020,10,curādi,baDa~,badha,बध,saMyamane,saṃyamane,संयमने
10.0021,10,curādi,banDa~,bandha,बन्ध,saMyamane,saṃyamane,संयमने
10.0022,10,curādi,pF,pṝ,पॄ,pUraRe,pūraṇe,पूरणे
10.0023,10,curādi,urja~,urja,उर्ज,balaprARanayoH,balaprāṇanayoḥ,बलप्राणनयोः
10.0024,10,curādi,pakza~,pakṣa,पक्ष,parigrahe,parigrahe,परिग्रहे
10.0025,10,curādi,varRa~,varṇa,वर्ण,preraRe,preraṇe,प्रेरणे
10.0026,10,curādi,curRa~,curṇa,चुर्ण,preraRe,preraṇe,प्रेरणे
10.0027,10,curādi,praTa~,pratha,प्रथ,praKyAne,prakhyāne,प्रख्याने
10.0028,10,curādi,pfTa~,pṛtha,पृथ,prakzepe,prakṣepe,प्रक्षेपे
10.0029,10,curādi,paTa~,patha,पथ,prakzepe,prakṣepe,प्रक्षेपे
10.0030,10,curādi,zanba~,ṣanba,षन्ब,sambanDane,sambandhane,सम्बन्धने
10.0031,10,curādi,Sanba~,śanba,शन्ब,sambanDane,sambandhane,सम्बन्धने
10.0032,10,curādi,sAnba~,sānba,सान्ब,sambanDane,sambandhane,सम्बन्धने
10.0033,10,curādi,Bakza~,bhakṣa,भक्ष,adane,adane,अदने
10.0034,10,curādi,kuwwa~,kuṭṭa,कुट्ट,CedanaBartsanayoH,chedanabhartsanayoḥ,छेदनभर्त्सनयोः
10.0035,10,curādi,puwwa~,puṭṭa,पुट्ट,alpIBAve,alpībhāve,अल्पीभावे
10.0036,10,curādi,cuwwa~,cuṭṭa,चुट्ट,alpIBAve,alpībhāve,अल्पीभावे
10.0037,10,curādi,adwa~,adṭa,अद्ट,anAdare,anādare,अनादरे
10.0038,10,curādi,zuwwa~,ṣuṭṭa,षुट्ट,anAdare,anādare,अनादरे
10.0039,10,curādi,lunwa~,lunṭa,लुन्ट,steye,steye,स्तेये
10.0040,10,curādi,lunWa~,lunṭha,लुन्ठ,steye,steye,स्तेये
10.0041,10,curādi,SaWa~,śaṭha,शठ,asaMskAragatyoH,asaṃskāragatyoḥ,असंस्कारगत्योः
10.0042,10,curādi,SvaWa~,śvaṭha,श्वठ,asaMskAragatyoH,asaṃskāragatyoḥ,असंस्कारगत्योः
10.0043,10,curādi,SvaWi~,śvaṭhi,श्वठि,asaMskAragatyoH,asaṃskāragatyoḥ,असंस्कारगत्योः
10.0044,10,curādi,tuja~,tuja,तुज,hiMsAbalAdAnaniketanezu,hiṃsābalādānaniketaneṣu,हिंसाबलादाननिकेतनेषु
10.0045,10,curādi,tuji~,tuji,तुजि,hiMsAbalAdAnaniketanezu,hiṃsābalādānaniketaneṣu,हिंसाबलादाननिकेतनेषु
10.0046,10,curādi,pija~,pija,पिज,hiMsAbalAdAnaniketanezu,hiṃsābalādānaniketaneṣu,हिंसाबलादाननिकेतनेषु
10.0047,10,curādi,piji~,piji,पिजि,hiMsAbalAdAnaniketanezu,hiṃsābalādānaniketaneṣu,हिंसाबलादाननिकेतनेषु
10.0048,10,curādi,laji~,laji,लजि,hiMsAbalAdAnaniketanezu,hiṃsābalādānaniketaneṣu,हिंसाबलादाननिकेतनेषु
10.0049,10,curādi,luji~,luji,लुजि,hiMsAbalAdAnaniketanezu,hiṃsābalādānaniketaneṣu,हिंसाबलादाननिकेतनेषु
10.0050,10,curādi,pisa~,pisa,पिस,gatO,gatau,गतौ
10.0051,10,curādi,zAntva~,ṣāntva,षान्त्व,sAmaprayoge,sāmaprayoge,सामप्रयोगे
10.0052,10,curādi,sAntva~,sāntva,सान्त्व,sAmaprayoge,sāmaprayoge,सामप्रयोगे
10.0053,10,curādi,Svalka~,śvalka,श्वल्क,pariBAzaRe,paribhāṣaṇe,परिभाषणे
10.0054,10,curādi,valka~,valka,वल्क,pariBAzaRe,paribhāṣaṇe,परिभाषणे
10.0055,10,curādi,zRiha~,ṣṇiha,ष्णिह,snehane,snehane,स्नेहने
10.0056,10,curādi,sPiwa~,sphiṭa,स्फिट,hiMsAyAm,hiṃsāyām,हिंसायाम्
10.0057,10,curādi,smiwa~,smiṭa,स्मिट,anAdare,anādare,अनादरे
10.0058,10,curādi,zmiN,ṣmiṅ,ष्मिङ्,anAdare,anādare,अनादरे
10.0059,10,curādi,Sliza~,śliṣa,श्लिष,SlezaRe,śleṣaṇe,श्लेषणे
10.0060,10,curādi,paTi~,pathi,पथि,gatO,gatau,गतौ
10.0061,10,curādi,piCa~,picha,पिछ,kuwwane,kuṭṭane,कुट्टने
10.0062,10,curādi,Cadi~,chadi,छदि,saMvaraRe,saṃvaraṇe,संवरणे
10.0063,10,curādi,SraRa~,śraṇa,श्रण,dAne,dāne,दाने
10.0064,10,curādi,taqa~,taḍa,तड,AGAte,āghāte,आघाते
10.0065,10,curādi,Kaqa~,khaḍa,खड,Bedane,bhedane,भेदने
10.0066,10,curādi,Kaqi~,khaḍi,खडि,Bedane,bhedane,भेदने
10.0067,10,curādi,kaqi~,kaḍi,कडि,Bedane,bhedane,भेदने
10.0068,10,curādi,kuqi~,kuḍi,कुडि,rakzaRe,rakṣaṇe,रक्षणे
10.0069,10,curādi,guqi~,guḍi,गुडि,vezwane,veṣṭane,वेष्टने
10.0070,10,curādi,kuWi~,kuṭhi,कुठि,rakzaRe,rakṣaṇe,रक्षणे
10.0071,10,curādi,guWi~,guṭhi,गुठि,rakzaRe,rakṣaṇe,रक्षणे
10.0072,10,curādi,Kuqi~,khuḍi,खुडि,KaRqane,khaṇḍane,खण्डने
10.0073,10,curādi,vawi~,vaṭi,वटि,viBAjane,vibhājane,विभाजने
10.0074,10,curādi,vaqi~,vaḍi,वडि,viBAjane,vibhājane,विभाजने
10.0075,10,curādi,caqi~,caḍi,चडि,kope,kope,कोपे
10.0076,10,curādi,maqi~,maḍi,मडि,BUzAyAM harze ca,bhūṣāyāṃ harṣe ca,भूषायां हर्षे च
10.0077,10,curādi,Baqi~,bhaḍi,भडि,kalyARe,kalyāṇe,कल्याणे
10.0078,10,curādi,Carda~,charda,छर्द,vamane,vamane,वमने
10.0079,10,curādi,pusta~,pusta,पुस्त,AdarAnAdarayoH,ādarānādarayoḥ,आदरानादरयोः
10.0080,10,curādi,busta~,busta,बुस्त,AdarAnAdarayoH,ādarānādarayoḥ,आदरानादरयोः
10.0081,10,curādi,cuda~,cuda,चुद,saYcodane,sañcodane,सञ्चोदने
10.0082,10,curādi,nakka~,nakka,नक्क,nASane,nāśane,नाशने
10.0083,10,curādi,Dakka~,dhakka,धक्क,nASane,nāśane,नाशने
10.0084,10,curādi,cakka~,cakka,चक्क,vyaTane,vyathane,व्यथने
10.0085,10,curādi,cukka~,cukka,चुक्क,vyaTane,vyathane,व्यथने
10.0086,10,curādi,kzala~,kṣala,क्षल,SOcakarmaRi,śaucakarmaṇi,शौचकर्मणि
10.0087,10,curādi,tala~,tala,तल,pratizWAyAm,pratiṣṭhāyām,प्रतिष्ठायाम्
10.0088,10,curādi,tula~,tula,तुल,unmAne,unmāne,उन्माने
10.0089,10,curādi,dula~,dula,दुल,utkzepe,utkṣepe,उत्क्षेपे
10.0090,10,curādi,pula~,pula,पुल,mahattve,mahattve,महत्त्वे
10.0091,10,curādi,cula~,cula,चुल,samucCrAye,samucchrāye,समुच्छ्राये
10.0092,10,curādi,mUla~,mūla,मूल,rohaRe,rohaṇe,रोहणे
10.0093,10,curādi,kala~,kala,कल,kzepe,kṣepe,क्षेपे
10.0094,10,curādi,vila~,vila,विल,kzepe,kṣepe,क्षेपे
10.0095,10,curādi,bila~,bila,बिल,Bedane,bhedane,भेदने
10.0096,10,curādi,tila~,tila,तिल,snehane,snehane,स्नेहने
10.0097,10,curādi,cala~,cala,चल,BftO,bhṛtau,भृतौ
10.0098,10,curādi,pAla~,pāla,पाल,rakzaRe,rakṣaṇe,रक्षणे
10.0099,10,curādi,pala~,pala,पल,rakzaRe,rakṣaṇe,रक्षणे
10.0100,10,curādi,lUza~,lūṣa,लूष,hiMsAyAm,hiṃsāyām,हिंसायाम्
10.0101,10,curādi,Sulba~,śulba,शुल्ब,mAne,māne,माने
10.0102,10,curādi,SUrpa~,śūrpa,शूर्प,mAne,māne,माने
10.0103,10,curādi,cuwa~,cuṭa,चुट,Cedane,chedane,छेदने
10.0104,10,curādi,muwa~,muṭa,मुट,saYcUrRane,sañcūrṇane,सञ्चूर्णने
10.0105,10,curādi,ulaqi~,ulaḍi,उलडि,utkzepaRe,utkṣepaṇe,उत्क्षेपणे
10.0106,10,curādi,paqi~,paḍi,पडि,nASane,nāśane,नाशने
10.0107,10,curādi,pasi~,pasi,पसि,nASane,nāśane,नाशने
10.0108,10,curādi,mArga,mārga,मार्ग,saMskAragatyoH,saṃskāragatyoḥ,संस्कारगत्योः
10.0109,10,curādi,vraja~,vraja,व्रज,saMskAragatyoH,saṃskāragatyoḥ,संस्कारगत्योः
10.0110,10,curādi,Sulka~,śulka,शुल्क,atisparSane,atisparśane,अतिस्पर्शने
10.0111,10,curādi,capi~,capi,चपि,gatyAm,gatyām,गत्याम्
10.0112,10,curādi,kzapi~,kṣapi,क्षपि,kzAntyAm,kṣāntyām,क्षान्त्याम्
10.0113,10,curādi,kzaji~,kṣaji,क्षजि,kfcCrajIvane,kṛcchrajīvane,कृच्छ्रजीवने
10.0114,10,curādi,Caji~,chaji,छजि,kfcCrajIvane,kṛcchrajīvane,कृच्छ्रजीवने
10.0115,10,curādi,Svarta~,śvarta,श्वर्त,gatyAm,gatyām,गत्याम्
10.0116,10,curādi,svarta~,svarta,स्वर्त,"kfcCrajIvane, gatyAm",kṛcchrajīvane gatyām,"कृच्छ्रजीवने, गत्याम्"
10.0117,10,curādi,SvaBra~,śvabhra,श्वभ्र,gatyAm,gatyām,गत्याम्
10.0118,10,curādi,jYapa~,jñapa,ज्ञप,jYAne jYApane ca,jñāne jñāpane ca,ज्ञाने ज्ञापने च
10.0119,10,curādi,yama~,yama,यम,parivezaRe,pariveṣaṇe,परिवेषणे
10.0120,10,curādi,caha~,caha,चह,parikalkane,parikalkane,परिकल्कने
10.0121,10,curādi,capa~,capa,चप,parikalpane,parikalpane,परिकल्पने
10.0122,10,curādi,raha~,raha,रह,tyAge,tyāge,त्यागे
10.0123,10,curādi,bala~,bala,बल,prARane,prāṇane,प्राणने
10.0124,10,curādi,ciY,ciñ,चिञ्,cayane,cayane,चयने
10.0125,10,curādi,Gawwa~,ghaṭṭa,घट्ट,calane,calane,चलने
10.0126,10,curādi,musta~,musta,मुस्त,saNGAte,saṅghāte,सङ्घाते
10.0127,10,curādi,Kawwa~,khaṭṭa,खट्ट,saMvaraRe,saṃvaraṇe,संवरणे
10.0128,10,curādi,zawwa~,ṣaṭṭa,षट्ट,hiMsAyAm,hiṃsāyām,हिंसायाम्
10.0129,10,curādi,sPiwwa~,sphiṭṭa,स्फिट्ट,hiMsAyAm,hiṃsāyām,हिंसायाम्
10.0130,10,curādi,cubi~,cubi,चुबि,hiMsAyAm,hiṃsāyām,हिंसायाम्
10.0131,10,curādi,pula~,pula,पुल,saNGAte,saṅghāte,सङ्घाते
10.0132,10,curādi,pUrRa~,pūrṇa,पूर्ण,saNGAte,saṅghāte,सङ्घाते
10.0133,10,curādi,puRa~,puṇa,पुण,saNGAte,saṅghāte,सङ्घाते
10.0134,10,curādi,punsa~,punsa,पुन्स,aBivarDane,abhivardhane,अभिवर्धने
10.0135,10,curādi,waki~,ṭaki,टकि,banDane,bandhane,बन्धने
10.0136,10,curādi,vyapa~,vyapa,व्यप,kzaye,kṣaye,क्षये
10.0137,10,curādi,vyaya~,vyaya,व्यय,kzaye,kṣaye,क्षये
10.0138,10,curādi,pUla~,pūla,पूल,saNGAte,saṅghāte,सङ्घाते
10.0139,10,curādi,DUsa~,dhūsa,धूस,kAntikaraRe,kāntikaraṇe,कान्तिकरणे
10.0140,10,curādi,DUza~,dhūṣa,धूष,kAntikaraRe,kāntikaraṇe,कान्तिकरणे
10.0141,10,curādi,DUSa~,dhūśa,धूश,kAntikaraRe,kāntikaraṇe,कान्तिकरणे
10.0142,10,curādi,kIwa~,kīṭa,कीट,varRe,varṇe,वर्णे
10.0143,10,curādi,cUrRa~,cūrṇa,चूर्ण,saNkocane,saṅkocane,सङ्कोचने
10.0144,10,curādi,pUja~,pūja,पूज,pUjAyAm,pūjāyām,पूजायाम्
10.0145,10,curādi,arka~,arka,अर्क,stavane,stavane,स्तवने
10.0146,10,curādi,SuWa~,śuṭha,शुठ,Alasye,ālasye,आलस्ये
10.0147,10,curādi,SuWi~,śuṭhi,शुठि,SozaRe,śoṣaṇe,शोषणे
10.0148,10,curādi,juqa~,juḍa,जुड,preraRe,preraṇe,प्रेरणे
10.0149,10,curādi,gaja~,gaja,गज,SabdArTe,śabdārthe,शब्दार्थे
10.0150,10,curādi,mArja~,mārja,मार्ज,SabdArTe,śabdārthe,शब्दार्थे
10.0151,10,curādi,marca~,marca,मर्च,SabdArTe,śabdārthe,शब्दार्थे
10.0152,10,curādi,Gf,ghṛ,घृ,prasravaRe,prasravaṇe,प्रस्रवणे
10.0153,10,curādi,paci~,paci,पचि,vistAravacane,vistāravacane,विस्तारवचने
10.0154,10,curādi,tija~,tija,तिज,niSAne,niśāne,निशाने
10.0155,10,curādi,kFta~,kṝta,कॄत,saMSabdane,saṃśabdane,संशब्दने
10.0156,10,curādi,varDa~,vardha,वर्ध,CedanapUraRayoH,chedanapūraṇayoḥ,छेदनपूरणयोः
10.0157,10,curādi,kubi~,kubi,कुबि,AcCAdane,ācchādane,आच्छादने
10.0158,10,curādi,kuBi~,kubhi,कुभि,AcCAdane,ācchādane,आच्छादने
10.0159,10,curādi,lubi~,lubi,लुबि,adarSane,adarśane,अदर्शने
10.0160,10,curādi,tubi~,tubi,तुबि,adarSane,adarśane,अदर्शने
10.0161,10,curādi,hlapa~,hlapa,ह्लप,vyaktAyAM vAci,vyaktāyāṃ vāci,व्यक्तायां वाचि
10.0162,10,curādi,klapa~,klapa,क्लप,vyaktAyAM vAci,vyaktāyāṃ vāci,व्यक्तायां वाचि
10.0163,10,curādi,hrapa~,hrapa,ह्रप,vyaktAyAM vAci,vyaktāyāṃ vāci,व्यक्तायां वाचि
10.0164,10,curādi,cuwi~,cuṭi,चुटि,Cedane,chedane,छेदने
10.0165,10,curādi,brIsa~,brīsa,ब्रीस,hiMsAyAm,hiṃsāyām,हिंसायाम्
10.0166,10,curādi,dahi~,dahi,दहि,rakzaRe mokzaRe ca,rakṣaṇe mokṣaṇe ca,रक्षणे मोक्षणे च
10.0167,10,curādi,ila~,ila,इल,preraRe,preraṇe,प्रेरणे
10.0168,10,curādi,mrakza~,mrakṣa,म्रक्ष,mlecCane,mlecchane,म्लेच्छने
10.0169,10,curādi,asta~,asta,अस्त,saNGAte,saṅghāte,सङ्घाते
10.0170,10,curādi,mleCa~,mlecha,म्लेछ,avyaktAyAM vAci,avyaktāyāṃ vāci,अव्यक्तायां वाचि
10.0171,10,curādi,Capi~,chapi,छपि,gatyAm,gatyām,गत्याम्
10.0172,10,curādi,brUsa~,brūsa,ब्रूस,hiMsAyAm,hiṃsāyām,हिंसायाम्
10.0173,10,curādi,barha~,barha,बर्ह,hiMsAyAm,hiṃsāyām,हिंसायाम्
10.0174,10,curādi,SraRu~,śraṇu,श्रणु,dAne,dāne,दाने
10.0175,10,curādi,picca~,picca,पिच्च,kuwwane,kuṭṭane,कुट्टने
10.0176,10,curādi,bula~,bula,बुल,nimajjane,nimajjane,निमज्जने
10.0177,10,curādi,garja~,garja,गर्ज,Sabde,śabde,शब्दे
10.0178,10,curādi,garda~,garda,गर्द,Sabde,śabde,शब्दे
10.0179,10,curādi,garDa~,gardha,गर्ध,aBikANkzAyAm,abhikāṅkṣāyām,अभिकाङ्क्षायाम्
10.0180,10,curādi,gurda~,gurda,गुर्द,pUrvaniketane,pūrvaniketane,पूर्वनिकेतने
10.0181,10,curādi,pUrva~,pūrva,पूर्व,niketane,niketane,निकेतने
10.0182,10,curādi,jasi~,jasi,जसि,rakzaRe mokzaRe ca,rakṣaṇe mokṣaṇe ca,रक्षणे मोक्षणे च
10.0183,10,curādi,Iqa~,īḍa,ईड,stutO,stutau,स्तुतौ
10.0184,10,curādi,jasu~,jasu,जसु,hiMsAyAm,hiṃsāyām,हिंसायाम्
10.0185,10,curādi,piqi~,piḍi,पिडि,saNGAte,saṅghāte,सङ्घाते
10.0186,10,curādi,parTa~,partha,पर्थ,prakzepe,prakṣepe,प्रक्षेपे
10.0187,10,curādi,ruza~,ruṣa,रुष,roze,roṣe,रोषे
10.0188,10,curādi,ruwa~,ruṭa,रुट,roze,roṣe,रोषे
10.0189,10,curādi,qipa~,ḍipa,डिप,kzepe,kṣepe,क्षेपे
10.0190,10,curādi,zwupa~,ṣṭupa,ष्टुप,samucCrAye,samucchrāye,समुच्छ्राये
10.0191,10,curādi,zwUpa~,ṣṭūpa,ष्टूप,samucCrAye,samucchrāye,समुच्छ्राये
10.0192,10,curādi,cita~,cita,चित,saYcetane,sañcetane,सञ्चेतने
10.0193,10,curādi,daSi~,daśi,दशि,daMSane,daṃśane,दंशने
10.0194,10,curādi,dasi~,dasi,दसि,darSanadaMSanayoH,darśanadaṃśanayoḥ,दर्शनदंशनयोः
10.0195,10,curādi,dasa~,dasa,दस,darSanadaMSanayoH,darśanadaṃśanayoḥ,दर्शनदंशनयोः
10.0196,10,curādi,qapa~,ḍapa,डप,saNGAte,saṅghāte,सङ्घाते
10.0197,10,curādi,qipa~,ḍipa,डिप,saNGAte,saṅghāte,सङ्घाते
10.0198,10,curādi,tatri~,tatri,तत्रि,kuwumbaDAraRe,kuṭumbadhāraṇe,कुटुम्बधारणे
10.0199,10,curādi,matri~,matri,मत्रि,guptapariBAzaRe,guptaparibhāṣaṇe,गुप्तपरिभाषणे
10.0200,10,curādi,spaSa~,spaśa,स्पश,grahaRasaMSlezaRayoH,grahaṇasaṃśleṣaṇayoḥ,ग्रहणसंश्लेषणयोः
10.0201,10,curādi,tarja~,tarja,तर्ज,tarjane,tarjane,तर्जने
10.0202,10,curādi,Bartsa~,bhartsa,भर्त्स,tarjane,tarjane,तर्जने
10.0203,10,curādi,basta~,basta,बस्त,ardane,ardane,अर्दने
10.0204,10,curādi,ganDa~,gandha,गन्ध,ardane,ardane,अर्दने
10.0205,10,curādi,kila~,kila,किल,kzepe,kṣepe,क्षेपे
10.0206,10,curādi,pila~,pila,पिल,kzepe,kṣepe,क्षेपे
10.0207,10,curādi,vizka~,viṣka,विष्क,hiMsAyAm,hiṃsāyām,हिंसायाम्
10.0208,10,curādi,hizka~,hiṣka,हिष्क,hiMsAyAm,hiṃsāyām,हिंसायाम्
10.0209,10,curādi,nizka~,niṣka,निष्क,parimARe,parimāṇe,परिमाणे
10.0210,10,curādi,lala~,lala,लल,IpsAyAm,īpsāyām,ईप्सायाम्
10.0211,10,curādi,kURa~,kūṇa,कूण,saNkoce,saṅkoce,सङ्कोचे
10.0212,10,curādi,tURa~,tūṇa,तूण,pUraRe,pūraṇe,पूरणे
10.0213,10,curādi,BrURa~,bhrūṇa,भ्रूण,ASAviSaNkayoH,āśāviśaṅkayoḥ,आशाविशङ्कयोः
10.0214,10,curādi,SaWa~,śaṭha,शठ,SlAGAyAm,ślāghāyām,श्लाघायाम्
10.0215,10,curādi,yakza~,yakṣa,यक्ष,pUjAyAm,pūjāyām,पूजायाम्
10.0216,10,curādi,syama~,syama,स्यम,vitarke,vitarke,वितर्के
10.0217,10,curādi,gUra~,gūra,गूर,udyamane,udyamane,उद्यमने
10.0218,10,curādi,Sama~,śama,शम,Alocane,ālocane,आलोचने
10.0219,10,curādi,lakza~,lakṣa,लक्ष,Alocane,ālocane,आलोचने
10.0220,10,curādi,kutsa~,kutsa,कुत्स,avakzepaRe nindane ca,avakṣepaṇe nindane ca,अवक्षेपणे निन्दने च
10.0221,10,curādi,truwa~,truṭa,त्रुट,Cedane,chedane,छेदने
10.0222,10,curādi,kuwa~,kuṭa,कुट,Cedane,chedane,छेदने
10.0223,10,curādi,gala~,gala,गल,sravaRe,sravaṇe,स्रवणे
10.0224,10,curādi,Bala~,bhala,भल,ABaRqane,ābhaṇḍane,आभण्डने
10.0225,10,curādi,kUwa~,kūṭa,कूट,ApradAne avasAdane ca,āpradāne avasādane ca,आप्रदाने अवसादने च
10.0226,10,curādi,kuwwa~,kuṭṭa,कुट्ट,pratApane,pratāpane,प्रतापने
10.0227,10,curādi,vancu~,vancu,वन्चु,pralamBane,pralambhane,प्रलम्भने
10.0228,10,curādi,vfza~,vṛṣa,वृष,SaktibanDane,śaktibandhane,शक्तिबन्धने
10.0229,10,curādi,mada~,mada,मद,tfptiyoge,tṛptiyoge,तृप्तियोगे
10.0230,10,curādi,divu~,divu,दिवु,parikUjane,parikūjane,परिकूजने
10.0231,10,curādi,gf,gṛ,गृ,vijYAne,vijñāne,विज्ञाने
10.0232,10,curādi,vida~,vida,विद,cetanAKyAnanivAsezu,cetanākhyānanivāseṣu,चेतनाख्याननिवासेषु
10.0233,10,curādi,mAna~,māna,मान,stamBe,stambhe,स्तम्भे
10.0234,10,curādi,mana~,mana,मन,stamBe,stambhe,स्तम्भे
10.0235,10,curādi,yu,yu,यु,jugupsAyAm,jugupsāyām,जुगुप्सायाम्
10.0236,10,curādi,kusma~,kusma,कुस्म,kutsitasmaye,kutsitasmaye,कुत्सितस्मये
10.0237,10,curādi,carca~,carca,चर्च,aDyayane,adhyayane,अध्ययने
10.0238,10,curādi,bukka~,bukka,बुक्क,BazaRe,bhaṣaṇe,भषणे
10.0239,10,curādi,Sabda~,śabda,शब्द,"AvizkAre, BazaRe",āviṣkāre bhaṣaṇe,"आविष्कारे, भषणे"
10.0240,10,curādi,kaRa~,kaṇa,कण,nimIlane,nimīlane,निमीलने
10.0241,10,curādi,jaBi~,jabhi,जभि,nASane,nāśane,नाशने
10.0242,10,curādi,zUda~,ṣūda,षूद,kzaraRe AsravaRe ApravaRe GAte ca,kṣaraṇe āsravaṇe āpravaṇe ghāte ca,क्षरणे आस्रवणे आप्रवणे घाते च
10.0243,10,curādi,jasu~,jasu,जसु,tAqane,tāḍane,ताडने
10.0244,10,curādi,paSa~,paśa,पश,banDane,bandhane,बन्धने
10.0245,10,curādi,ama~,ama,अम,roge,roge,रोगे
10.0246,10,curādi,cawa~,caṭa,चट,Bedane,bhedane,भेदने
10.0247,10,curādi,sPuwa~,sphuṭa,स्फुट,Bedane,bhedane,भेदने
10.0248,10,curādi,Gawa~,ghaṭa,घट,saNGAte,saṅghāte,सङ्घाते
10.0249,10,curādi,divu~,divu,दिवु,mardane,mardane,मर्दने
10.0250,10,curādi,arja~,arja,अर्ज,pratiyatne,pratiyatne,प्रतियत्ने
10.0251,10,curādi,Guzi~r,ghuṣir,घुषिर्,viSabdane,viśabdane,विशब्दने
10.0252,10,curādi,kranda~,kranda,क्रन्द,sAtatye,sātatye,सातत्ये
10.0253,10,curādi,lasa~,lasa,लस,Silpayoge,śilpayoge,शिल्पयोगे
10.0254,10,curādi,tasi~,tasi,तसि,alaNkaraRe,alaṅkaraṇe,अलङ्करणे
10.0255,10,curādi,BUza~,bhūṣa,भूष,alaNkaraRe,alaṅkaraṇe,अलङ्करणे
10.0256,10,curādi,mokza~,mokṣa,मोक्ष,mocane,mocane,मोचने
10.0257,10,curādi,arha~,arha,अर्ह,pUjAyAm,pūjāyām,पूजायाम्
10.0258,10,curādi,jYA,jñā,ज्ञा,niyoge,niyoge,नियोगे
10.0259,10,curādi,Baja~,bhaja,भज,viSrARane,viśrāṇane,विश्राणने
10.0260,10,curādi,SfDu~,śṛdhu,शृधु,prahasane prasahane ca,prahasane prasahane ca,प्रहसने प्रसहने च
10.0261,10,curādi,yata~,yata,यत,nikAropaskArayoH,nikāropaskārayoḥ,निकारोपस्कारयोः
10.0262,10,curādi,raka~,raka,रक,AsvAdane,āsvādane,आस्वादने
10.0263,10,curādi,laga~,laga,लग,AsvAdane,āsvādane,आस्वादने
10.0264,10,curādi,raGa~,ragha,रघ,AsvAdane,āsvādane,आस्वादने
10.0265,10,curādi,raga~,raga,रग,AsvAdane,āsvādane,आस्वादने
10.0266,10,curādi,ancu~,ancu,अन्चु,viSezaRe,viśeṣaṇe,विशेषणे
10.0267,10,curādi,ligi~,ligi,लिगि,citrIkaraRe,citrīkaraṇe,चित्रीकरणे
10.0268,10,curādi,muda~,muda,मुद,saMsarge,saṃsarge,संसर्गे
10.0269,10,curādi,trasa~,trasa,त्रस,DAraRe grahaRe vAraRe ca,dhāraṇe grahaṇe vāraṇe ca,धारणे ग्रहणे वारणे च
10.0270,10,curādi,u~Drasa~,udhrasa,उध्रस,uYCe,uñche,उञ्छे
10.0271,10,curādi,uDrasa~,udhrasa,उध्रस,uYCe,uñche,उञ्छे
10.0272,10,curādi,muca~,muca,मुच,pramocane modane ca,pramocane modane ca,प्रमोचने मोदने च
10.0273,10,curādi,vasa~,vasa,वस,snehacCedApaharaRezu,snehacchedāpaharaṇeṣu,स्नेहच्छेदापहरणेषु
10.0274,10,curādi,cara~,cara,चर,saMSaye,saṃśaye,संशये
10.0275,10,curādi,cyu,cyu,च्यु,sahane hasane ca,sahane hasane ca,सहने हसने च
10.0276,10,curādi,cyusa~,cyusa,च्युस,sahane hasane ca,sahane hasane ca,सहने हसने च
10.0277,10,curādi,BU,bhū,भू,avakalkane,avakalkane,अवकल्कने
10.0278,10,curādi,kfpa~,kṛpa,कृप,avakalkane,avakalkane,अवकल्कने
10.0279,10,curādi,grasa~,grasa,ग्रस,grahaRe,grahaṇe,ग्रहणे
10.0280,10,curādi,puza~,puṣa,पुष,DAraRe,dhāraṇe,धारणे
10.0281,10,curādi,dala~,dala,दल,vidAraRe,vidāraṇe,विदारणे
10.0282,10,curādi,pawa~,paṭa,पट,BAzAyAm,bhāṣāyām,भाषायाम्
10.0283,10,curādi,puwa~,puṭa,पुट,BAzAyAm,bhāṣāyām,भाषायाम्
10.0284,10,curādi,luwa~,luṭa,लुट,BAzAyAm,bhāṣāyām,भाषायाम्
10.0285,10,curādi,tuji~,tuji,तुजि,BAzAyAm,bhāṣāyām,भाषायाम्
10.0286,10,curādi,miji~,miji,मिजि,BAzAyAm,bhāṣāyām,भाषायाम्
10.0287,10,curādi,piji~,piji,पिजि,BAzAyAm,bhāṣāyām,भाषायाम्
10.0288,10,curādi,laka~,laka,लक,AsvAdane,āsvādane,आस्वादने
10.0289,10,curādi,luji~,luji,लुजि,BAzAyAm,bhāṣāyām,भाषायाम्
10.0290,10,curādi,Baji~,bhaji,भजि,BAzAyAm,bhāṣāyām,भाषायाम्
10.0291,10,curādi,laGi~,laghi,लघि,BAzAyAm,bhāṣāyām,भाषायाम्
10.0292,10,curādi,trasi~,trasi,त्रसि,BAzAyAm,bhāṣāyām,भाषायाम्
10.0293,10,curādi,pisi~,pisi,पिसि,BAzAyAm,bhāṣāyām,भाषायाम्
10.0294,10,curādi,kusi~,kusi,कुसि,BAzAyAm,bhāṣāyām,भाषायाम्
10.0295,10,curādi,daSi~,daśi,दशि,BAzAyAm,bhāṣāyām,भाषायाम्
10.0296,10,curādi,kuSi~,kuśi,कुशि,BAzAyAm,bhāṣāyām,भाषायाम्
10.0297,10,curādi,Gawa~,ghaṭa,घट,BAzAyAm,bhāṣāyām,भाषायाम्
10.0298,10,curādi,Gawi~,ghaṭi,घटि,BAzAyAm,bhāṣāyām,भाषायाम्
10.0299,10,curādi,bfhi~,bṛhi,बृहि,BAzAyAm,bhāṣāyām,भाषायाम्
10.0300,10,curādi,barha~,barha,बर्ह,BAzAyAm,bhāṣāyām,भाषायाम्
10.0301,10,curādi,balha~,balha,बल्ह,BAzAyAm,bhāṣāyām,भाषायाम्
10.0302,10,curādi,gupa~,gupa,गुप,BAzAyAm,bhāṣāyām,भाषायाम्
10.0303,10,curādi,DUpa~,dhūpa,धूप,BAzAyAm,bhāṣāyām,भाषायाम्
10.0304,10,curādi,viCa~,vicha,विछ,BAzAyAm,bhāṣāyām,भाषायाम्
10.0305,10,curādi,cIva~,cīva,चीव,BAzAyAm,bhāṣāyām,भाषायाम्
10.0306,10,curādi,puTa~,putha,पुथ,BAzAyAm,bhāṣāyām,भाषायाम्
10.0307,10,curādi,lokf~,lokṛ,लोकृ,BAzAyAm,bhāṣāyām,भाषायाम्
10.0308,10,curādi,locf~,locṛ,लोचृ,BAzAyAm,bhāṣāyām,भाषायाम्
10.0309,10,curādi,Rada~,ṇada,णद,BAzAyAm,bhāṣāyām,भाषायाम्
10.0310,10,curādi,kupa~,kupa,कुप,BAzAyAm,bhāṣāyām,भाषायाम्
10.0311,10,curādi,tarka~,tarka,तर्क,BAzAyAm,bhāṣāyām,भाषायाम्
10.0312,10,curādi,vftu~,vṛtu,वृतु,BAzAyAm,bhāṣāyām,भाषायाम्
10.0313,10,curādi,vfDu~,vṛdhu,वृधु,BAzAyAm,bhāṣāyām,भाषायाम्
10.0314,10,curādi,ruwa~,ruṭa,रुट,BAzAyAm,bhāṣāyām,भाषायाम्
10.0315,10,curādi,laji~,laji,लजि,BAzAyAm,bhāṣāyām,भाषायाम्
10.0316,10,curādi,aji~,aji,अजि,BAzAyAm,bhāṣāyām,भाषायाम्
10.0317,10,curādi,dasi~,dasi,दसि,BAzAyAm,bhāṣāyām,भाषायाम्
10.0318,10,curādi,BfSi~,bhṛśi,भृशि,BAzAyAm,bhāṣāyām,भाषायाम्
10.0319,10,curādi,ruSi~,ruśi,रुशि,BAzAyAm,bhāṣāyām,भाषायाम्
10.0320,10,curādi,SIka~,śīka,शीक,BAzAyAm,bhāṣāyām,भाषायाम्
10.0321,10,curādi,rusi~,rusi,रुसि,BAzAyAm,bhāṣāyām,भाषायाम्
10.0322,10,curādi,nawi~,naṭi,नटि,BAzAyAm,bhāṣāyām,भाषायाम्
10.0323,10,curādi,puwi~,puṭi,पुटि,BAzAyAm,bhāṣāyām,भाषायाम्
10.0324,10,curādi,ji,ji,जि,BAzAyAm,bhāṣāyām,भाषायाम्
10.0325,10,curādi,ci,ci,चि,BAzAyAm,bhāṣāyām,भाषायाम्
10.0326,10,curādi,raDi~,radhi,रधि,BAzAyAm,bhāṣāyām,भाषायाम्
10.0327,10,curādi,laGi~,laghi,लघि,BAzAyAm,bhāṣāyām,भाषायाम्
10.0328,10,curādi,ahi~,ahi,अहि,BAzAyAm,bhāṣāyām,भाषायाम्
10.0329,10,curādi,rahi~,rahi,रहि,BAzAyAm,bhāṣāyām,भाषायाम्
10.0330,10,curādi,mahi~,mahi,महि,BAzAyAm,bhāṣāyām,भाषायाम्
10.0331,10,curādi,laqi~,laḍi,लडि,BAzAyAm,bhāṣāyām,भाषायाम्
10.0332,10,curādi,taqa~,taḍa,तड,BAzAyAm,bhāṣāyām,भाषायाम्
10.0333,10,curādi,nala~,nala,नल,BAzAyAm,bhāṣāyām,भाषायाम्
10.0334,10,curādi,pUrI~,pūrī,पूरी,ApyAyane,āpyāyane,आप्यायने
10.0335,10,curādi,ruja~,ruja,रुज,hiMsAyAm,hiṃsāyām,हिंसायाम्
10.0336,10,curādi,zvada~,ṣvada,ष्वद,AsvAdane,āsvādane,आस्वादने
10.0337,10,curādi,svAda~,svāda,स्वाद,AsvAdane,āsvādane,आस्वादने
10.0338,10,curādi,yu\ja~,yuja,युज,saMyamane,saṃyamane,संयमने
10.0339,10,curādi,pfca~,pṛca,पृच,saMyamane,saṃyamane,संयमने
10.0340,10,curādi,arca~,arca,अर्च,pUjAyAm,pūjāyām,पूजायाम्
10.0341,10,curādi,zaha~,ṣaha,षह,marzaRe,marṣaṇe,मर्षणे
10.0342,10,curādi,Ira~,īra,ईर,kzepe,kṣepe,क्षेपे
10.0343,10,curādi,lI,lī,ली,dravIkaraRe,dravīkaraṇe,द्रवीकरणे
10.0344,10,curādi,vfjI~,vṛjī,वृजी,varjane,varjane,वर्जने
10.0345,10,curādi,vfY,vṛñ,वृञ्,AvaraRe,āvaraṇe,आवरणे
10.0346,10,curādi,jF,jṝ,जॄ,vayohAnO,vayohānau,वयोहानौ
10.0347,10,curādi,jri\,jri,ज्रि,vayohAnO,vayohānau,वयोहानौ
10.0348,10,curādi,ri\ca~,rica,रिच,viyojanasamparcanayoH,viyojanasamparcanayoḥ,वियोजनसम्पर्चनयोः
10.0349,10,curādi,Si\za~,śiṣa,शिष,asarvopayoge,asarvopayoge,असर्वोपयोगे
10.0350,10,curādi,ta\pa~,tapa,तप,dAhe,dāhe,दाहे
10.0351,10,curādi,tfpa~,tṛpa,तृप,tfptO sandIpane prIRane ca,tṛptau sandīpane prīṇane ca,तृप्तौ सन्दीपने प्रीणने च
10.0352,10,curādi,CfdI~,chṛdī,छृदी,sandIpane,sandīpane,सन्दीपने
10.0353,10,curādi,cfpa~,cṛpa,चृप,sandIpane,sandīpane,सन्दीपने
10.0354,10,curādi,Cfpa~,chṛpa,छृप,sandIpane,sandīpane,सन्दीपने
10.0355,10,curādi,tfpa~,tṛpa,तृप,dIpane sandIpane,dīpane sandīpane,दीपने सन्दीपने
10.0356,10,curādi,dfpa~,dṛpa,दृप,sandIpane,sandīpane,सन्दीपने
10.0357,10,curādi,dfBI~,dṛbhī,दृभी,Baye,bhaye,भये
10.0358,10,curādi,dfBa~,dṛbha,दृभ,sandarBe,sandarbhe,सन्दर्भे
10.0359,10,curādi,lawa~,laṭa,लट,BAzAyAm,bhāṣāyām,भाषायाम्
10.0360,10,curādi,SraTa~,śratha,श्रथ,mokzaRe hiMsAyAM ca,mokṣaṇe hiṃsāyāṃ ca,मोक्षणे हिंसायां च
10.0361,10,curādi,mI\,mī,मी,gatO,gatau,गतौ
10.0362,10,curādi,granTa~,grantha,ग्रन्थ,banDane,bandhane,बन्धने
10.0363,10,curādi,SIka~,śīka,शीक,AmarzaRe,āmarṣaṇe,आमर्षणे
10.0364,10,curādi,cIka~,cīka,चीक,AmarzaRe,āmarṣaṇe,आमर्षणे
10.0365,10,curādi,arda~^,arda,अर्द,hiMsAyAm,hiṃsāyām,हिंसायाम्
10.0366,10,curādi,hisi~,hisi,हिसि,hiMsAyAm,hiṃsāyām,हिंसायाम्
10.0367,10,curādi,arha~,arha,अर्ह,pUjAyAm,pūjāyām,पूजायाम्
10.0368,10,curādi,za\da~,ṣada,षद,padyarTe,padyarthe,पद्यर्थे
10.0369,10,curādi,SunDa~,śundha,शुन्ध,SOcakarmaRi,śaucakarmaṇi,शौचकर्मणि
10.0370,10,curādi,Cada~,chada,छद,apavAraRe,apavāraṇe,अपवारणे
10.0371,10,curādi,juza~,juṣa,जुष,paritarkaRe paritarpaRe ca,paritarkaṇe paritarpaṇe ca,परितर्कणे परितर्पणे च
10.0372,10,curādi,DUY,dhūñ,धूञ्,kampane,kampane,कम्पने
10.0373,10,curādi,prIY,prīñ,प्रीञ्,tarpaRe kAntO ca,tarpaṇe kāntau ca,तर्पणे कान्तौ च
10.0374,10,curādi,SranTa~,śrantha,श्रन्थ,sandarBe,sandarbhe,सन्दर्भे
10.0375,10,curādi,granTa~,grantha,ग्रन्थ,sandarBe,sandarbhe,सन्दर्भे
10.0376,10,curādi,Apx~,āpḷ,आपॢ,lamBane,lambhane,लम्भने
10.0377,10,curādi,tanu~,tanu,तनु,SradDopakaraRayoH,śraddhopakaraṇayoḥ,श्रद्धोपकरणयोः
10.0378,10,curādi,cana~,cana,चन,SradDopahananayoH,śraddhopahananayoḥ,श्रद्धोपहननयोः
10.0379,10,curādi,vada~^,vada,वद,sandeSavacane,sandeśavacane,सन्देशवचने
10.0380,10,curādi,va\ca~,vaca,वच,pariBAzaRe,paribhāṣaṇe,परिभाषणे
10.0381,10,curādi,mAna~,māna,मान,pUjAyAm,pūjāyām,पूजायाम्
10.0382,10,curādi,BU,bhū,भू,prAptO,prāptau,प्राप्तौ
10.0383,10,curādi,garha~,garha,गर्ह,vinindane,vinindane,विनिन्दने
10.0384,10,curādi,mArga~,mārga,मार्ग,anvezaRe,anveṣaṇe,अन्वेषणे
10.0385,10,curādi,kaWi~,kaṭhi,कठि,Soke,śoke,शोके
10.0386,10,curādi,mfjU~,mṛjū,मृजू,SOcAlaNkArayoH,śaucālaṅkārayoḥ,शौचालङ्कारयोः
10.0387,10,curādi,mfza~^,mṛṣa,मृष,titikzAyAm,titikṣāyām,तितिक्षायाम्
10.0388,10,curādi,Dfza~,dhṛṣa,धृष,prasahane,prasahane,प्रसहने
10.0389,10,curādi,kaTa,katha,कथ,vAkyaprabanDe,vākyaprabandhe,वाक्यप्रबन्धे
10.0390,10,curādi,vara,vara,वर,IpsAyAm,īpsāyām,ईप्सायाम्
10.0391,10,curādi,gaRa,gaṇa,गण,saNKyAne,saṅkhyāne,सङ्ख्याने
10.0392,10,curādi,SaWa,śaṭha,शठ,samyagavaBAzaRe,samyagavabhāṣaṇe,सम्यगवभाषणे
10.0393,10,curādi,SvaWa,śvaṭha,श्वठ,samyagavaBAzaRe,samyagavabhāṣaṇe,सम्यगवभाषणे
10.0394,10,curādi,paWa,paṭha,पठ,granTe vezwane ca,granthe veṣṭane ca,ग्रन्थे वेष्टने च
10.0395,10,curādi,vaWa,vaṭha,वठ,granTe,granthe,ग्रन्थे
10.0396,10,curādi,raha,raha,रह,tyAge,tyāge,त्यागे
10.0397,10,curādi,raNga~,raṅga,रङ्ग,gatO,gatau,गतौ
10.0398,10,curādi,stana,stana,स्तन,devaSabde,devaśabde,देवशब्दे
10.0399,10,curādi,gada,gada,गद,devaSabde,devaśabde,देवशब्दे
10.0400,10,curādi,pata,pata,पत,gatO,gatau,गतौ
10.0401,10,curādi,paza,paṣa,पष,gatO,gatau,गतौ
10.0402,10,curādi,svara,svara,स्वर,Akzepe,ākṣepe,आक्षेपे
10.0403,10,curādi,raca,raca,रच,pratiyatne,pratiyatne,प्रतियत्ने
10.0404,10,curādi,kala,kala,कल,gatO saNKyAne ca,gatau saṅkhyāne ca,गतौ सङ्ख्याने च
10.0405,10,curādi,caha,caha,चह,parikalkane,parikalkane,परिकल्कने
10.0406,10,curādi,maha,maha,मह,pUjAyAm,pūjāyām,पूजायाम्
10.0407,10,curādi,sAra,sāra,सार,dOrbalye,daurbalye,दौर्बल्ये
10.0408,10,curādi,kfpa,kṛpa,कृप,dOrbalye,daurbalye,दौर्बल्ये
10.0409,10,curādi,SraTa,śratha,श्रथ,dOrbalye,daurbalye,दौर्बल्ये
10.0410,10,curādi,spfha,spṛha,स्पृह,IpsAyAm,īpsāyām,ईप्सायाम्
10.0411,10,curādi,BAma,bhāma,भाम,kroDe,krodhe,क्रोधे
10.0412,10,curādi,sUca,sūca,सूच,pESunye,paiśunye,पैशुन्ये
10.0413,10,curādi,Kewa,kheṭa,खेट,BakzaRe,bhakṣaṇe,भक्षणे
10.0414,10,curādi,Keqa~,kheḍa,खेड,BakzaRe,bhakṣaṇe,भक्षणे
10.0415,10,curādi,Kowa,khoṭa,खोट,BakzaRe,bhakṣaṇe,भक्षणे
10.0416,10,curādi,kzowa,kṣoṭa,क्षोट,kzepe,kṣepe,क्षेपे
10.0417,10,curādi,goma,goma,गोम,upalepane,upalepane,उपलेपने
10.0418,10,curādi,kumAra,kumāra,कुमार,krIqAyAm,krīḍāyām,क्रीडायाम्
10.0419,10,curādi,SIla,śīla,शील,upaDAraRe,upadhāraṇe,उपधारणे
10.0420,10,curādi,sAma,sāma,साम,sAntvaprayoge,sāntvaprayoge,सान्त्वप्रयोगे
10.0421,10,curādi,vela,vela,वेल,kAlopadeSe,kālopadeśe,कालोपदेशे
10.0422,10,curādi,kAla,kāla,काल,kAlopadeSe,kālopadeśe,कालोपदेशे
10.0423,10,curādi,palpUla,palpūla,पल्पूल,lavanavapanayoH,lavanavapanayoḥ,लवनवपनयोः
10.0424,10,curādi,vAta,vāta,वात,suKasevanayoH,sukhasevanayoḥ,सुखसेवनयोः
10.0425,10,curādi,gaveza,gaveṣa,गवेष,mArgaRe,mārgaṇe,मार्गणे
10.0426,10,curādi,vAsa,vāsa,वास,upasevAyAm,upasevāyām,उपसेवायाम्
10.0427,10,curādi,nivAsa,nivāsa,निवास,AcCAdane,ācchādane,आच्छादने
10.0428,10,curādi,BAja,bhāja,भाज,pfTakkarmaRi,pṛthakkarmaṇi,पृथक्कर्मणि
10.0429,10,curādi,saBAja,sabhāja,सभाज,prItidarSanayoH prItisevanayoH ca,prītidarśanayoḥ prītisevanayoḥ ca,प्रीतिदर्शनयोः प्रीतिसेवनयोः च
10.0430,10,curādi,Una,ūna,ऊन,parihARe,parihāṇe,परिहाणे
10.0431,10,curādi,Dvana,dhvana,ध्वन,Sabde,śabde,शब्दे
10.0432,10,curādi,kUwa,kūṭa,कूट,paritApe paridAhe ca,paritāpe paridāhe ca,परितापे परिदाहे च
10.0433,10,curādi,sanketa,sanketa,सन्केत,AmantraRe,āmantraṇe,आमन्त्रणे
10.0434,10,curādi,grAma,grāma,ग्राम,AmantraRe,āmantraṇe,आमन्त्रणे
10.0435,10,curādi,kuRa,kuṇa,कुण,AmantraRe,āmantraṇe,आमन्त्रणे
10.0436,10,curādi,guRa,guṇa,गुण,AmantraRe,āmantraṇe,आमन्त्रणे
10.0437,10,curādi,keta,keta,केत,SrAvaRe AmantraRe ca,śrāvaṇe āmantraṇe ca,श्रावणे आमन्त्रणे च
10.0438,10,curādi,kURa~,kūṇa,कूण,saNkocane,saṅkocane,सङ्कोचने
10.0439,10,curādi,stena,stena,स्तेन,cOrye,caurye,चौर्ये
10.0440,10,curādi,pada,pada,पद,gatO,gatau,गतौ
10.0441,10,curādi,gfha,gṛha,गृह,grahaRe,grahaṇe,ग्रहणे
10.0442,10,curādi,mfga,mṛga,मृग,anvezaRe,anveṣaṇe,अन्वेषणे
10.0443,10,curādi,kuha,kuha,कुह,vismApane,vismāpane,विस्मापने
10.0444,10,curādi,SUra,śūra,शूर,vikrAntO,vikrāntau,विक्रान्तौ
10.0445,10,curādi,vIra,vīra,वीर,vikrAntO,vikrāntau,विक्रान्तौ
10.0446,10,curādi,sTUla,sthūla,स्थूल,paribfhaRe,paribṛhaṇe,परिबृहणे
10.0447,10,curādi,arTa,artha,अर्थ,upayAcYAyAm,upayācñāyām,उपयाच्ञायाम्
10.0448,10,curādi,satra,satra,सत्र,santAnakriyAyAm,santānakriyāyām,सन्तानक्रियायाम्
10.0449,10,curādi,garva,garva,गर्व,mAne,māne,माने
10.0450,10,curādi,sUtra,sūtra,सूत्र,vezwane vimocane granTane ca,veṣṭane vimocane granthane ca,वेष्टने विमोचने ग्रन्थने च
10.0451,10,curādi,mUtra,mūtra,मूत्र,prasravaRe,prasravaṇe,प्रस्रवणे
10.0452,10,curādi,rUkza,rūkṣa,रूक्ष,pAruzye,pāruṣye,पारुष्ये
10.0453,10,curādi,pAra,pāra,पार,karmasamAptO,karmasamāptau,कर्मसमाप्तौ
10.0454,10,curādi,tIra,tīra,तीर,karmasamAptO,karmasamāptau,कर्मसमाप्तौ
10.0455,10,curādi,puwa,puṭa,पुट,saMsarge,saṃsarge,संसर्गे
10.0456,10,curādi,katra,katra,कत्र,SETilye,śaithilye,शैथिल्ये
10.0457,10,curādi,karta~,karta,कर्त,SETilye,śaithilye,शैथिल्ये
10.0458,10,curādi,valka,valka,वल्क,darSane,darśane,दर्शने
10.0459,10,curādi,citra,citra,चित्र,citrIkaraRe,citrīkaraṇe,चित्रीकरणे
10.0460,10,curādi,ansa,ansa,अन्स,samAGAte,samāghāte,समाघाते
10.0461,10,curādi,vawa,vaṭa,वट,viBAjane,vibhājane,विभाजने
10.0462,10,curādi,Cuwa~,chuṭa,छुट,Cedane,chedane,छेदने
10.0463,10,curādi,laja,laja,लज,prakASane,prakāśane,प्रकाशने
10.0464,10,curādi,vawi~,vaṭi,वटि,prakASane,prakāśane,प्रकाशने
10.0465,10,curādi,laji~,laji,लजि,prakASane,prakāśane,प्रकाशने
10.0466,10,curādi,miSra,miśra,मिश्र,samparke,samparke,सम्पर्के
10.0467,10,curādi,sangrAma,sangrāma,सन्ग्राम,yudDe,yuddhe,युद्धे
10.0468,10,curādi,stoma,stoma,स्तोम,SlAGAyAm,ślāghāyām,श्लाघायाम्
10.0469,10,curādi,Cidra,chidra,छिद्र,karRaBedane,karṇabhedane,कर्णभेदने
10.0470,10,curādi,karRa~,karṇa,कर्ण,Bedane,bhedane,भेदने
10.0471,10,curādi,anDa,andha,अन्ध,dfzwyupaGAte,dṛṣṭyupaghāte,दृष्ट्युपघाते
10.0472,10,curādi,danqa,danḍa,दन्ड,daRqanipAte,daṇḍanipāte,दण्डनिपाते
10.0473,10,curādi,anka,anka,अन्क,pade lakzaRe ca,pade lakṣaṇe ca,पदे लक्षणे च
10.0474,10,curādi,anga,anga,अन्ग,pade lakzaRe ca,pade lakṣaṇe ca,पदे लक्षणे च
10.0475,10,curādi,suKa,sukha,सुख,tatkriyAyAm,tatkriyāyām,तत्क्रियायाम्
10.0476,10,curādi,duHKa,duḥkha,दुःख,tatkriyAyAm,tatkriyāyām,तत्क्रियायाम्
10.0477,10,curādi,rasa,rasa,रस,AsvAdanasnehanayoH,āsvādanasnehanayoḥ,आस्वादनस्नेहनयोः
10.0478,10,curādi,vyaya,vyaya,व्यय,vittasamutsarge,vittasamutsarge,वित्तसमुत्सर्गे
10.0479,10,curādi,rUpa,rūpa,रूप,rUpakriyAyAm,rūpakriyāyām,रूपक्रियायाम्
10.0480,10,curādi,Ceda,cheda,छेद,dvEDIkaraRe,dvaidhīkaraṇe,द्वैधीकरणे
10.0481,10,curādi,Cada,chada,छद,apavAraRe,apavāraṇe,अपवारणे
10.0482,10,curādi,lABa,lābha,लाभ,preraRe,preraṇe,प्रेरणे
10.0483,10,curādi,vraRa,vraṇa,व्रण,gAtravicUrRane,gātravicūrṇane,गात्रविचूर्णने
10.0484,10,curādi,varRa,varṇa,वर्ण,varRakriyAvistAraguRavacanezu,varṇakriyāvistāraguṇavacaneṣu,वर्णक्रियाविस्तारगुणवचनेषु
10.0485,10,curādi,parRa,parṇa,पर्ण,haritaBAve,haritabhāve,हरितभावे
10.0486,10,curādi,vizka,viṣka,विष्क,darSane,darśane,दर्शने
10.0487,10,curādi,kzipa,kṣipa,क्षिप,preraRe,preraṇe,प्रेरणे
10.0488,10,curādi,vasa,vasa,वस,nivAse,nivāse,निवासे
10.0489,10,curādi,tutTa,tuttha,तुत्थ,AvaraRe,āvaraṇe,आवरणे
10.0490,10,curādi,palyUla,palyūla,पल्यूल,lavanavapanayoH,lavanavapanayoḥ,लवनवपनयोः
10.0491,10,curādi,ruWa~,ruṭha,रुठ,BAzAyAm,bhāṣāyām,भाषायाम्
10.0492,10,curādi,Deka,dheka,धेक,darSane,darśane,दर्शने
10.0493,10,curādi,-,-,-,,,
10.0494,10,curādi,-,-,-,,,
10.0495,10,curādi,-,-,-,,,
10.0496,10,curādi,-,-,-,,,
10.0497,10,curādi,-,-,-,,,
10.0498,10,curādi,-,-,-,,,
10.0499,10,curādi,-,-,-,,,
10.0500,10,curādi,-,-,-,,,
10.0501,10,curādi,-,-,-,,,
10.0502,10,curādi,-,-,-,,,
10.0503,10,curādi,-,-,-,,,
10.0504,10,curādi,-,-,-,,,
10.0505,10,curādi,-,-,-,,,
10.0506,10,curādi,-,-,-,,,
10.0507,10,curādi,-,-,-,,,
10.0508,10,curādi,-,-,-,,,
10.0509,10,curādi,-,-,-,,,
